stan cache: /home/rfisher/.cache/nrc-stan 
42 of 42 priors to build
Finding initial values which allow the response to be fitted using a nec3param model and a gaussian distribution.
Finding initial values which allow the response to be fitted using a nec3param model and a gaussian distribution.
Finding initial values which allow the response to be fitted using a nec3param model and a gaussian distribution.
Finding initial values which allow the response to be fitted using a nec3param model and a gaussian distribution.
Finding initial values which allow the response to be fitted using a nec3param model and a gaussian distribution.
Finding initial values which allow the response to be fitted using a nec3param model and a gaussian distribution.
Finding initial values which allow the response to be fitted using a nec3param model and a gaussian distribution.
Finding initial values which allow the response to be fitted using a nec3param model and a gaussian distribution.
Finding initial values which allow the response to be fitted using a nec3param model and a gaussian distribution.
Finding initial values which allow the response to be fitted using a nec3param model and a gaussian distribution.
Finding initial values which allow the response to be fitted using a nec3param model and a gaussian distribution.
Finding initial values which allow the response to be fitted using a nec3param model and a gaussian distribution.
Finding initial values which allow the response to be fitted using a nec3param model and a gaussian distribution.
Finding initial values which allow the response to be fitted using a nec3param model and a gaussian distribution.
Finding initial values which allow the response to be fitted using a nec3param model and a gaussian distribution.
Finding initial values which allow the response to be fitted using a nec3param model and a gaussian distribution.
Finding initial values which allow the response to be fitted using a nec3param model and a gaussian distribution.
Finding initial values which allow the response to be fitted using a nec3param model and a gaussian distribution.
Still searching for initial values for the nec3param model (102 of 10000 attempts so far). This can take a few minutes for a small or awkward design; the fit will proceed on Stan's default initialisation if it does not succeed.
Still searching for initial values for the nec3param model (110 of 10000 attempts so far). This can take a few minutes for a small or awkward design; the fit will proceed on Stan's default initialisation if it does not succeed.
Still searching for initial values for the nec3param model (112 of 10000 attempts so far). This can take a few minutes for a small or awkward design; the fit will proceed on Stan's default initialisation if it does not succeed.
Still searching for initial values for the nec3param model (107 of 10000 attempts so far). This can take a few minutes for a small or awkward design; the fit will proceed on Stan's default initialisation if it does not succeed.
Still searching for initial values for the nec3param model (104 of 10000 attempts so far). This can take a few minutes for a small or awkward design; the fit will proceed on Stan's default initialisation if it does not succeed.
Init values were only set for a subset of parameters. 
Missing init values for the following parameters:
 - chain 1: sigma
 - chain 2: sigma
 - chain 3: sigma
 - chain 4: sigma

To disable this message use options(cmdstanr_warn_inits = FALSE).

Init values were only set for a subset of parameters. 
Missing init values for the following parameters:
 - chain 1: sigma
 - chain 2: sigma
 - chain 3: sigma
 - chain 4: sigma

To disable this message use options(cmdstanr_warn_inits = FALSE).

Init values were only set for a subset of parameters. 
Missing init values for the following parameters:
 - chain 1: sigma
 - chain 2: sigma
 - chain 3: sigma
 - chain 4: sigma

To disable this message use options(cmdstanr_warn_inits = FALSE).

Init values were only set for a subset of parameters. 
Missing init values for the following parameters:
 - chain 1: sigma
 - chain 2: sigma
 - chain 3: sigma
 - chain 4: sigma

To disable this message use options(cmdstanr_warn_inits = FALSE).

Init values were only set for a subset of parameters. 
Missing init values for the following parameters:
 - chain 1: sigma
 - chain 2: sigma
 - chain 3: sigma
 - chain 4: sigma

To disable this message use options(cmdstanr_warn_inits = FALSE).

Init values were only set for a subset of parameters. 
Missing init values for the following parameters:
 - chain 1: sigma
 - chain 2: sigma
 - chain 3: sigma
 - chain 4: sigma

To disable this message use options(cmdstanr_warn_inits = FALSE).

Init values were only set for a subset of parameters. 
Missing init values for the following parameters:
 - chain 1: sigma
 - chain 2: sigma
 - chain 3: sigma
 - chain 4: sigma

To disable this message use options(cmdstanr_warn_inits = FALSE).

Init values were only set for a subset of parameters. 
Missing init values for the following parameters:
 - chain 1: sigma
 - chain 2: sigma
 - chain 3: sigma
 - chain 4: sigma

To disable this message use options(cmdstanr_warn_inits = FALSE).

Init values were only set for a subset of parameters. 
Missing init values for the following parameters:
 - chain 1: sigma
 - chain 2: sigma
 - chain 3: sigma
 - chain 4: sigma

To disable this message use options(cmdstanr_warn_inits = FALSE).

Init values were only set for a subset of parameters. 
Missing init values for the following parameters:
 - chain 1: sigma
 - chain 2: sigma
 - chain 3: sigma
 - chain 4: sigma

To disable this message use options(cmdstanr_warn_inits = FALSE).

Init values were only set for a subset of parameters. 
Missing init values for the following parameters:
 - chain 1: sigma
 - chain 2: sigma
 - chain 3: sigma
 - chain 4: sigma

To disable this message use options(cmdstanr_warn_inits = FALSE).

Init values were only set for a subset of parameters. 
Missing init values for the following parameters:
 - chain 1: sigma
 - chain 2: sigma
 - chain 3: sigma
 - chain 4: sigma

To disable this message use options(cmdstanr_warn_inits = FALSE).

Loading required namespace: rstan
Init values were only set for a subset of parameters. 
Missing init values for the following parameters:
 - chain 1: sigma
 - chain 2: sigma
 - chain 3: sigma
 - chain 4: sigma

To disable this message use options(cmdstanr_warn_inits = FALSE).

Loading required namespace: rstan
Loading required namespace: rstan
Loading required namespace: rstan
Loading required namespace: rstan
Loading required namespace: rstan
Response variable modelled as a nec3param model using a gaussian distribution.
Init values were only set for a subset of parameters. 
Missing init values for the following parameters:
 - chain 1: sigma
 - chain 2: sigma
 - chain 3: sigma
 - chain 4: sigma

To disable this message use options(cmdstanr_warn_inits = FALSE).

Finding initial values which allow the response to be fitted using a nec4param model and a gaussian distribution.
Response variable modelled as a nec3param model using a gaussian distribution.
Finding initial values which allow the response to be fitted using a nec4param model and a gaussian distribution.
Response variable modelled as a nec3param model using a gaussian distribution.
Finding initial values which allow the response to be fitted using a nec4param model and a gaussian distribution.
Response variable modelled as a nec3param model using a gaussian distribution.
Finding initial values which allow the response to be fitted using a nec4param model and a gaussian distribution.
Response variable modelled as a nec3param model using a gaussian distribution.
Finding initial values which allow the response to be fitted using a nec4param model and a gaussian distribution.
Response variable modelled as a nec3param model using a gaussian distribution.
Finding initial values which allow the response to be fitted using a nec4param model and a gaussian distribution.
Loading required namespace: rstan
Loading required namespace: rstan
Loading required namespace: rstan
Loading required namespace: rstan
Loading required namespace: rstan
Response variable modelled as a nec3param model using a gaussian distribution.
Response variable modelled as a nec3param model using a gaussian distribution.
Finding initial values which allow the response to be fitted using a nec4param model and a gaussian distribution.
Finding initial values which allow the response to be fitted using a nec4param model and a gaussian distribution.
Loading required namespace: rstan
Response variable modelled as a nec3param model using a gaussian distribution.
Response variable modelled as a nec3param model using a gaussian distribution.
Finding initial values which allow the response to be fitted using a nec4param model and a gaussian distribution.
Finding initial values which allow the response to be fitted using a nec4param model and a gaussian distribution.
Response variable modelled as a nec3param model using a gaussian distribution.
Finding initial values which allow the response to be fitted using a nec4param model and a gaussian distribution.
Response variable modelled as a nec3param model using a gaussian distribution.
Finding initial values which allow the response to be fitted using a nec4param model and a gaussian distribution.
Still searching for initial values for the nec4param model (81 of 10000 attempts so far). This can take a few minutes for a small or awkward design; the fit will proceed on Stan's default initialisation if it does not succeed.
Still searching for initial values for the nec4param model (104 of 10000 attempts so far). This can take a few minutes for a small or awkward design; the fit will proceed on Stan's default initialisation if it does not succeed.
Loading required namespace: rstan
Still searching for initial values for the nec4param model (88 of 10000 attempts so far). This can take a few minutes for a small or awkward design; the fit will proceed on Stan's default initialisation if it does not succeed.
Init values were only set for a subset of parameters. 
Missing init values for the following parameters:
 - chain 1: sigma
 - chain 2: sigma
 - chain 3: sigma
 - chain 4: sigma

To disable this message use options(cmdstanr_warn_inits = FALSE).

Response variable modelled as a nec3param model using a gaussian distribution.
Finding initial values which allow the response to be fitted using a nec4param model and a gaussian distribution.
Still searching for initial values for the nec4param model (93 of 10000 attempts so far). This can take a few minutes for a small or awkward design; the fit will proceed on Stan's default initialisation if it does not succeed.
Still searching for initial values for the nec4param model (84 of 10000 attempts so far). This can take a few minutes for a small or awkward design; the fit will proceed on Stan's default initialisation if it does not succeed.
Still searching for initial values for the nec4param model (106 of 10000 attempts so far). This can take a few minutes for a small or awkward design; the fit will proceed on Stan's default initialisation if it does not succeed.
Init values were only set for a subset of parameters. 
Missing init values for the following parameters:
 - chain 1: sigma
 - chain 2: sigma
 - chain 3: sigma
 - chain 4: sigma

To disable this message use options(cmdstanr_warn_inits = FALSE).

Loading required namespace: rstan
Still searching for initial values for the nec4param model (99 of 10000 attempts so far). This can take a few minutes for a small or awkward design; the fit will proceed on Stan's default initialisation if it does not succeed.
Response variable modelled as a nec3param model using a gaussian distribution.
Finding initial values which allow the response to be fitted using a nec4param model and a gaussian distribution.
Init values were only set for a subset of parameters. 
Missing init values for the following parameters:
 - chain 1: sigma
 - chain 2: sigma
 - chain 3: sigma
 - chain 4: sigma

To disable this message use options(cmdstanr_warn_inits = FALSE).

Loading required namespace: rstan
Response variable modelled as a nec3param model using a gaussian distribution.
Finding initial values which allow the response to be fitted using a nec4param model and a gaussian distribution.
Init values were only set for a subset of parameters. 
Missing init values for the following parameters:
 - chain 1: sigma
 - chain 2: sigma
 - chain 3: sigma
 - chain 4: sigma

To disable this message use options(cmdstanr_warn_inits = FALSE).

Init values were only set for a subset of parameters. 
Missing init values for the following parameters:
 - chain 1: sigma
 - chain 2: sigma
 - chain 3: sigma
 - chain 4: sigma

To disable this message use options(cmdstanr_warn_inits = FALSE).

Init values were only set for a subset of parameters. 
Missing init values for the following parameters:
 - chain 1: sigma
 - chain 2: sigma
 - chain 3: sigma
 - chain 4: sigma

To disable this message use options(cmdstanr_warn_inits = FALSE).

Loading required namespace: rstan
Response variable modelled as a nec3param model using a gaussian distribution.
Finding initial values which allow the response to be fitted using a nec4param model and a gaussian distribution.
Init values were only set for a subset of parameters. 
Missing init values for the following parameters:
 - chain 1: sigma
 - chain 2: sigma
 - chain 3: sigma
 - chain 4: sigma

To disable this message use options(cmdstanr_warn_inits = FALSE).

Init values were only set for a subset of parameters. 
Missing init values for the following parameters:
 - chain 1: sigma
 - chain 2: sigma
 - chain 3: sigma
 - chain 4: sigma

To disable this message use options(cmdstanr_warn_inits = FALSE).

Init values were only set for a subset of parameters. 
Missing init values for the following parameters:
 - chain 1: sigma
 - chain 2: sigma
 - chain 3: sigma
 - chain 4: sigma

To disable this message use options(cmdstanr_warn_inits = FALSE).

Still searching for initial values for the nec4param model (123 of 10000 attempts so far). This can take a few minutes for a small or awkward design; the fit will proceed on Stan's default initialisation if it does not succeed.
Response variable modelled as a nec4param model using a gaussian distribution.
Finding initial values which allow the response to be fitted using a neclin model and a gaussian distribution.
Init values were only set for a subset of parameters. 
Missing init values for the following parameters:
 - chain 1: sigma
 - chain 2: sigma
 - chain 3: sigma
 - chain 4: sigma

To disable this message use options(cmdstanr_warn_inits = FALSE).

Response variable modelled as a nec4param model using a gaussian distribution.
Still searching for initial values for the nec4param model (103 of 10000 attempts so far). This can take a few minutes for a small or awkward design; the fit will proceed on Stan's default initialisation if it does not succeed.
Finding initial values which allow the response to be fitted using a neclin model and a gaussian distribution.
Init values were only set for a subset of parameters. 
Missing init values for the following parameters:
 - chain 1: sigma
 - chain 2: sigma
 - chain 3: sigma
 - chain 4: sigma

To disable this message use options(cmdstanr_warn_inits = FALSE).

Loading required namespace: rstan
Response variable modelled as a nec3param model using a gaussian distribution.
Finding initial values which allow the response to be fitted using a nec4param model and a gaussian distribution.
Init values were only set for a subset of parameters. 
Missing init values for the following parameters:
 - chain 1: sigma
 - chain 2: sigma
 - chain 3: sigma
 - chain 4: sigma

To disable this message use options(cmdstanr_warn_inits = FALSE).

Init values were only set for a subset of parameters. 
Missing init values for the following parameters:
 - chain 1: sigma
 - chain 2: sigma
 - chain 3: sigma
 - chain 4: sigma

To disable this message use options(cmdstanr_warn_inits = FALSE).

Response variable modelled as a nec4param model using a gaussian distribution.
Finding initial values which allow the response to be fitted using a neclin model and a gaussian distribution.
Init values were only set for a subset of parameters. 
Missing init values for the following parameters:
 - chain 1: sigma
 - chain 2: sigma
 - chain 3: sigma
 - chain 4: sigma

To disable this message use options(cmdstanr_warn_inits = FALSE).

Response variable modelled as a nec4param model using a gaussian distribution.
Finding initial values which allow the response to be fitted using a neclin model and a gaussian distribution.
Init values were only set for a subset of parameters. 
Missing init values for the following parameters:
 - chain 1: sigma
 - chain 2: sigma
 - chain 3: sigma
 - chain 4: sigma

To disable this message use options(cmdstanr_warn_inits = FALSE).

Init values were only set for a subset of parameters. 
Missing init values for the following parameters:
 - chain 1: sigma
 - chain 2: sigma
 - chain 3: sigma
 - chain 4: sigma

To disable this message use options(cmdstanr_warn_inits = FALSE).

Still searching for initial values for the nec4param model (99 of 10000 attempts so far). This can take a few minutes for a small or awkward design; the fit will proceed on Stan's default initialisation if it does not succeed.
Init values were only set for a subset of parameters. 
Missing init values for the following parameters:
 - chain 1: sigma
 - chain 2: sigma
 - chain 3: sigma
 - chain 4: sigma

To disable this message use options(cmdstanr_warn_inits = FALSE).

Response variable modelled as a nec4param model using a gaussian distribution.
Finding initial values which allow the response to be fitted using a neclin model and a gaussian distribution.
Response variable modelled as a nec4param model using a gaussian distribution.
Finding initial values which allow the response to be fitted using a neclin model and a gaussian distribution.
Response variable modelled as a nec4param model using a gaussian distribution.
Finding initial values which allow the response to be fitted using a neclin model and a gaussian distribution.
Init values were only set for a subset of parameters. 
Missing init values for the following parameters:
 - chain 1: sigma
 - chain 2: sigma
 - chain 3: sigma
 - chain 4: sigma

To disable this message use options(cmdstanr_warn_inits = FALSE).

Init values were only set for a subset of parameters. 
Missing init values for the following parameters:
 - chain 1: sigma
 - chain 2: sigma
 - chain 3: sigma
 - chain 4: sigma

To disable this message use options(cmdstanr_warn_inits = FALSE).

Init values were only set for a subset of parameters. 
Missing init values for the following parameters:
 - chain 1: sigma
 - chain 2: sigma
 - chain 3: sigma
 - chain 4: sigma

To disable this message use options(cmdstanr_warn_inits = FALSE).

Response variable modelled as a nec4param model using a gaussian distribution.
Finding initial values which allow the response to be fitted using a neclin model and a gaussian distribution.
Response variable modelled as a nec4param model using a gaussian distribution.
Finding initial values which allow the response to be fitted using a neclin model and a gaussian distribution.
Init values were only set for a subset of parameters. 
Missing init values for the following parameters:
 - chain 1: sigma
 - chain 2: sigma
 - chain 3: sigma
 - chain 4: sigma

To disable this message use options(cmdstanr_warn_inits = FALSE).

Response variable modelled as a neclin model using a gaussian distribution.
Finding initial values which allow the response to be fitted using a ecxlin model and a gaussian distribution.
Init values were only set for a subset of parameters. 
Missing init values for the following parameters:
 - chain 1: sigma
 - chain 2: sigma
 - chain 3: sigma
 - chain 4: sigma

To disable this message use options(cmdstanr_warn_inits = FALSE).

Response variable modelled as a nec4param model using a gaussian distribution.
Finding initial values which allow the response to be fitted using a neclin model and a gaussian distribution.
Init values were only set for a subset of parameters. 
Missing init values for the following parameters:
 - chain 1: sigma
 - chain 2: sigma
 - chain 3: sigma
 - chain 4: sigma

To disable this message use options(cmdstanr_warn_inits = FALSE).

Response variable modelled as a neclin model using a gaussian distribution.
Finding initial values which allow the response to be fitted using a ecxlin model and a gaussian distribution.
Loading required namespace: rstan
Response variable modelled as a neclin model using a gaussian distribution.
Finding initial values which allow the response to be fitted using a ecxlin model and a gaussian distribution.
Init values were only set for a subset of parameters. 
Missing init values for the following parameters:
 - chain 1: sigma
 - chain 2: sigma
 - chain 3: sigma
 - chain 4: sigma

To disable this message use options(cmdstanr_warn_inits = FALSE).

Response variable modelled as a nec4param model using a gaussian distribution.
Finding initial values which allow the response to be fitted using a neclin model and a gaussian distribution.
Response variable modelled as a nec3param model using a gaussian distribution.
Finding initial values which allow the response to be fitted using a nec4param model and a gaussian distribution.
Response variable modelled as a neclin model using a gaussian distribution.
Finding initial values which allow the response to be fitted using a ecxlin model and a gaussian distribution.
Init values were only set for a subset of parameters. 
Missing init values for the following parameters:
 - chain 1: sigma
 - chain 2: sigma
 - chain 3: sigma
 - chain 4: sigma

To disable this message use options(cmdstanr_warn_inits = FALSE).

Response variable modelled as a neclin model using a gaussian distribution.
Finding initial values which allow the response to be fitted using a ecxlin model and a gaussian distribution.
Init values were only set for a subset of parameters. 
Missing init values for the following parameters:
 - chain 1: sigma
 - chain 2: sigma
 - chain 3: sigma
 - chain 4: sigma

To disable this message use options(cmdstanr_warn_inits = FALSE).

Init values were only set for a subset of parameters. 
Missing init values for the following parameters:
 - chain 1: sigma
 - chain 2: sigma
 - chain 3: sigma
 - chain 4: sigma

To disable this message use options(cmdstanr_warn_inits = FALSE).

Init values were only set for a subset of parameters. 
Missing init values for the following parameters:
 - chain 1: sigma
 - chain 2: sigma
 - chain 3: sigma
 - chain 4: sigma

To disable this message use options(cmdstanr_warn_inits = FALSE).

Response variable modelled as a nec4param model using a gaussian distribution.
Finding initial values which allow the response to be fitted using a neclin model and a gaussian distribution.
Init values were only set for a subset of parameters. 
Missing init values for the following parameters:
 - chain 1: sigma
 - chain 2: sigma
 - chain 3: sigma
 - chain 4: sigma

To disable this message use options(cmdstanr_warn_inits = FALSE).

Response variable modelled as a neclin model using a gaussian distribution.
Finding initial values which allow the response to be fitted using a ecxlin model and a gaussian distribution.
Still searching for initial values for the nec4param model (126 of 10000 attempts so far). This can take a few minutes for a small or awkward design; the fit will proceed on Stan's default initialisation if it does not succeed.
Init values were only set for a subset of parameters. 
Missing init values for the following parameters:
 - chain 1: sigma
 - chain 2: sigma
 - chain 3: sigma
 - chain 4: sigma

To disable this message use options(cmdstanr_warn_inits = FALSE).

Response variable modelled as a neclin model using a gaussian distribution.
Finding initial values which allow the response to be fitted using a ecxlin model and a gaussian distribution.
Response variable modelled as a ecxlin model using a gaussian distribution.
Finding initial values which allow the response to be fitted using a ecxexp model and a gaussian distribution.
Init values were only set for a subset of parameters. 
Missing init values for the following parameters:
 - chain 1: sigma
 - chain 2: sigma
 - chain 3: sigma
 - chain 4: sigma

To disable this message use options(cmdstanr_warn_inits = FALSE).

Init values were only set for a subset of parameters. 
Missing init values for the following parameters:
 - chain 1: sigma
 - chain 2: sigma
 - chain 3: sigma
 - chain 4: sigma

To disable this message use options(cmdstanr_warn_inits = FALSE).

Response variable modelled as a nec4param model using a gaussian distribution.
Finding initial values which allow the response to be fitted using a neclin model and a gaussian distribution.
Response variable modelled as a ecxlin model using a gaussian distribution.
Finding initial values which allow the response to be fitted using a ecxexp model and a gaussian distribution.
Response variable modelled as a neclin model using a gaussian distribution.
Finding initial values which allow the response to be fitted using a ecxlin model and a gaussian distribution.
Init values were only set for a subset of parameters. 
Missing init values for the following parameters:
 - chain 1: sigma
 - chain 2: sigma
 - chain 3: sigma
 - chain 4: sigma

To disable this message use options(cmdstanr_warn_inits = FALSE).

Init values were only set for a subset of parameters. 
Missing init values for the following parameters:
 - chain 1: sigma
 - chain 2: sigma
 - chain 3: sigma
 - chain 4: sigma

To disable this message use options(cmdstanr_warn_inits = FALSE).

Init values were only set for a subset of parameters. 
Missing init values for the following parameters:
 - chain 1: sigma
 - chain 2: sigma
 - chain 3: sigma
 - chain 4: sigma

To disable this message use options(cmdstanr_warn_inits = FALSE).

Response variable modelled as a ecxlin model using a gaussian distribution.
Finding initial values which allow the response to be fitted using a ecxexp model and a gaussian distribution.
Response variable modelled as a neclin model using a gaussian distribution.
Finding initial values which allow the response to be fitted using a ecxlin model and a gaussian distribution.
Response variable modelled as a neclin model using a gaussian distribution.
Finding initial values which allow the response to be fitted using a ecxlin model and a gaussian distribution.
Response variable modelled as a nec4param model using a gaussian distribution.
Finding initial values which allow the response to be fitted using a neclin model and a gaussian distribution.
Response variable modelled as a ecxlin model using a gaussian distribution.
Finding initial values which allow the response to be fitted using a ecxexp model and a gaussian distribution.
Init values were only set for a subset of parameters. 
Missing init values for the following parameters:
 - chain 1: sigma
 - chain 2: sigma
 - chain 3: sigma
 - chain 4: sigma

To disable this message use options(cmdstanr_warn_inits = FALSE).

Init values were only set for a subset of parameters. 
Missing init values for the following parameters:
 - chain 1: sigma
 - chain 2: sigma
 - chain 3: sigma
 - chain 4: sigma

To disable this message use options(cmdstanr_warn_inits = FALSE).

Init values were only set for a subset of parameters. 
Missing init values for the following parameters:
 - chain 1: sigma
 - chain 2: sigma
 - chain 3: sigma
 - chain 4: sigma

To disable this message use options(cmdstanr_warn_inits = FALSE).

Init values were only set for a subset of parameters. 
Missing init values for the following parameters:
 - chain 1: sigma
 - chain 2: sigma
 - chain 3: sigma
 - chain 4: sigma

To disable this message use options(cmdstanr_warn_inits = FALSE).

Response variable modelled as a nec4param model using a gaussian distribution.
Finding initial values which allow the response to be fitted using a neclin model and a gaussian distribution.
Response variable modelled as a ecxlin model using a gaussian distribution.
Finding initial values which allow the response to be fitted using a ecxexp model and a gaussian distribution.
Init values were only set for a subset of parameters. 
Missing init values for the following parameters:
 - chain 1: sigma
 - chain 2: sigma
 - chain 3: sigma
 - chain 4: sigma

To disable this message use options(cmdstanr_warn_inits = FALSE).

Init values were only set for a subset of parameters. 
Missing init values for the following parameters:
 - chain 1: sigma
 - chain 2: sigma
 - chain 3: sigma
 - chain 4: sigma

To disable this message use options(cmdstanr_warn_inits = FALSE).

Response variable modelled as a ecxlin model using a gaussian distribution.
Finding initial values which allow the response to be fitted using a ecxexp model and a gaussian distribution.
Response variable modelled as a ecxexp model using a gaussian distribution.
Finding initial values which allow the response to be fitted using a ecxsigm model and a gaussian distribution.
Response variable modelled as a neclin model using a gaussian distribution.
Response variable modelled as a ecxlin model using a gaussian distribution.
Finding initial values which allow the response to be fitted using a ecxlin model and a gaussian distribution.
Finding initial values which allow the response to be fitted using a ecxexp model and a gaussian distribution.
Init values were only set for a subset of parameters. 
Missing init values for the following parameters:
 - chain 1: sigma
 - chain 2: sigma
 - chain 3: sigma
 - chain 4: sigma

To disable this message use options(cmdstanr_warn_inits = FALSE).

Init values were only set for a subset of parameters. 
Missing init values for the following parameters:
 - chain 1: sigma
 - chain 2: sigma
 - chain 3: sigma
 - chain 4: sigma

To disable this message use options(cmdstanr_warn_inits = FALSE).

Init values were only set for a subset of parameters. 
Missing init values for the following parameters:
 - chain 1: sigma
 - chain 2: sigma
 - chain 3: sigma
 - chain 4: sigma

To disable this message use options(cmdstanr_warn_inits = FALSE).

Response variable modelled as a ecxexp model using a gaussian distribution.
Finding initial values which allow the response to be fitted using a ecxsigm model and a gaussian distribution.
Response variable modelled as a neclin model using a gaussian distribution.
Finding initial values which allow the response to be fitted using a ecxlin model and a gaussian distribution.
Response variable modelled as a ecxlin model using a gaussian distribution.
Finding initial values which allow the response to be fitted using a ecxexp model and a gaussian distribution.
Init values were only set for a subset of parameters. 
Missing init values for the following parameters:
 - chain 1: sigma
 - chain 2: sigma
 - chain 3: sigma
 - chain 4: sigma

To disable this message use options(cmdstanr_warn_inits = FALSE).

Init values were only set for a subset of parameters. 
Missing init values for the following parameters:
 - chain 1: sigma
 - chain 2: sigma
 - chain 3: sigma
 - chain 4: sigma

To disable this message use options(cmdstanr_warn_inits = FALSE).

Init values were only set for a subset of parameters. 
Missing init values for the following parameters:
 - chain 1: sigma
 - chain 2: sigma
 - chain 3: sigma
 - chain 4: sigma

To disable this message use options(cmdstanr_warn_inits = FALSE).

Init values were only set for a subset of parameters. 
Missing init values for the following parameters:
 - chain 1: sigma
 - chain 2: sigma
 - chain 3: sigma
 - chain 4: sigma

To disable this message use options(cmdstanr_warn_inits = FALSE).

Response variable modelled as a ecxlin model using a gaussian distribution.
Finding initial values which allow the response to be fitted using a ecxexp model and a gaussian distribution.
Response variable modelled as a ecxexp model using a gaussian distribution.
Finding initial values which allow the response to be fitted using a ecxsigm model and a gaussian distribution.
Response variable modelled as a neclin model using a gaussian distribution.
Finding initial values which allow the response to be fitted using a ecxlin model and a gaussian distribution.
Response variable modelled as a ecxlin model using a gaussian distribution.
Finding initial values which allow the response to be fitted using a ecxexp model and a gaussian distribution.
Response variable modelled as a nec4param model using a gaussian distribution.
Finding initial values which allow the response to be fitted using a neclin model and a gaussian distribution.
Response variable modelled as a ecxexp model using a gaussian distribution.
Finding initial values which allow the response to be fitted using a ecxsigm model and a gaussian distribution.
Init values were only set for a subset of parameters. 
Missing init values for the following parameters:
 - chain 1: sigma
 - chain 2: sigma
 - chain 3: sigma
 - chain 4: sigma

To disable this message use options(cmdstanr_warn_inits = FALSE).

Init values were only set for a subset of parameters. 
Missing init values for the following parameters:
 - chain 1: sigma
 - chain 2: sigma
 - chain 3: sigma
 - chain 4: sigma

To disable this message use options(cmdstanr_warn_inits = FALSE).

Response variable modelled as a ecxexp model using a gaussian distribution.
Finding initial values which allow the response to be fitted using a ecxsigm model and a gaussian distribution.
Init values were only set for a subset of parameters. 
Missing init values for the following parameters:
 - chain 1: sigma
 - chain 2: sigma
 - chain 3: sigma
 - chain 4: sigma

To disable this message use options(cmdstanr_warn_inits = FALSE).

Init values were only set for a subset of parameters. 
Missing init values for the following parameters:
 - chain 1: sigma
 - chain 2: sigma
 - chain 3: sigma
 - chain 4: sigma

To disable this message use options(cmdstanr_warn_inits = FALSE).

Init values were only set for a subset of parameters. 
Missing init values for the following parameters:
 - chain 1: sigma
 - chain 2: sigma
 - chain 3: sigma
 - chain 4: sigma

To disable this message use options(cmdstanr_warn_inits = FALSE).

Init values were only set for a subset of parameters. 
Missing init values for the following parameters:
 - chain 1: sigma
 - chain 2: sigma
 - chain 3: sigma
 - chain 4: sigma

To disable this message use options(cmdstanr_warn_inits = FALSE).

Response variable modelled as a nec4param model using a gaussian distribution.
Finding initial values which allow the response to be fitted using a neclin model and a gaussian distribution.
Response variable modelled as a neclin model using a gaussian distribution.
Finding initial values which allow the response to be fitted using a ecxlin model and a gaussian distribution.
Response variable modelled as a ecxexp model using a gaussian distribution.
Finding initial values which allow the response to be fitted using a ecxsigm model and a gaussian distribution.
Init values were only set for a subset of parameters. 
Missing init values for the following parameters:
 - chain 1: sigma
 - chain 2: sigma
 - chain 3: sigma
 - chain 4: sigma

To disable this message use options(cmdstanr_warn_inits = FALSE).

Response variable modelled as a ecxlin model using a gaussian distribution.
Finding initial values which allow the response to be fitted using a ecxexp model and a gaussian distribution.
Response variable modelled as a ecxexp model using a gaussian distribution.
Finding initial values which allow the response to be fitted using a ecxsigm model and a gaussian distribution.
Init values were only set for a subset of parameters. 
Missing init values for the following parameters:
 - chain 1: sigma
 - chain 2: sigma
 - chain 3: sigma
 - chain 4: sigma

To disable this message use options(cmdstanr_warn_inits = FALSE).

Init values were only set for a subset of parameters. 
Missing init values for the following parameters:
 - chain 1: sigma
 - chain 2: sigma
 - chain 3: sigma
 - chain 4: sigma

To disable this message use options(cmdstanr_warn_inits = FALSE).

Response variable modelled as a ecxlin model using a gaussian distribution.
Finding initial values which allow the response to be fitted using a ecxexp model and a gaussian distribution.
Init values were only set for a subset of parameters. 
Missing init values for the following parameters:
 - chain 1: sigma
 - chain 2: sigma
 - chain 3: sigma
 - chain 4: sigma

To disable this message use options(cmdstanr_warn_inits = FALSE).

Init values were only set for a subset of parameters. 
Missing init values for the following parameters:
 - chain 1: sigma
 - chain 2: sigma
 - chain 3: sigma
 - chain 4: sigma

To disable this message use options(cmdstanr_warn_inits = FALSE).

Response variable modelled as a neclin model using a gaussian distribution.
Finding initial values which allow the response to be fitted using a ecxlin model and a gaussian distribution.
Response variable modelled as a ecxexp model using a gaussian distribution.
Finding initial values which allow the response to be fitted using a ecxsigm model and a gaussian distribution.
Init values were only set for a subset of parameters. 
Missing init values for the following parameters:
 - chain 1: sigma
 - chain 2: sigma
 - chain 3: sigma
 - chain 4: sigma

To disable this message use options(cmdstanr_warn_inits = FALSE).

Response variable modelled as a ecxexp model using a gaussian distribution.
Finding initial values which allow the response to be fitted using a ecxsigm model and a gaussian distribution.
Init values were only set for a subset of parameters. 
Missing init values for the following parameters:
 - chain 1: sigma
 - chain 2: sigma
 - chain 3: sigma
 - chain 4: sigma

To disable this message use options(cmdstanr_warn_inits = FALSE).

Init values were only set for a subset of parameters. 
Missing init values for the following parameters:
 - chain 1: sigma
 - chain 2: sigma
 - chain 3: sigma
 - chain 4: sigma

To disable this message use options(cmdstanr_warn_inits = FALSE).

Init values were only set for a subset of parameters. 
Missing init values for the following parameters:
 - chain 1: sigma
 - chain 2: sigma
 - chain 3: sigma
 - chain 4: sigma

To disable this message use options(cmdstanr_warn_inits = FALSE).

Response variable modelled as a ecxlin model using a gaussian distribution.
Finding initial values which allow the response to be fitted using a ecxexp model and a gaussian distribution.
Init values were only set for a subset of parameters. 
Missing init values for the following parameters:
 - chain 1: sigma
 - chain 2: sigma
 - chain 3: sigma
 - chain 4: sigma

To disable this message use options(cmdstanr_warn_inits = FALSE).

Init values were only set for a subset of parameters. 
Missing init values for the following parameters:
 - chain 1: sigma
 - chain 2: sigma
 - chain 3: sigma
 - chain 4: sigma

To disable this message use options(cmdstanr_warn_inits = FALSE).

Still searching for initial values for the ecxsigm model (83 of 10000 attempts so far). This can take a few minutes for a small or awkward design; the fit will proceed on Stan's default initialisation if it does not succeed.
Response variable modelled as a ecxlin model using a gaussian distribution.
Finding initial values which allow the response to be fitted using a ecxexp model and a gaussian distribution.
Init values were only set for a subset of parameters. 
Missing init values for the following parameters:
 - chain 1: sigma
 - chain 2: sigma
 - chain 3: sigma
 - chain 4: sigma

To disable this message use options(cmdstanr_warn_inits = FALSE).

Init values were only set for a subset of parameters. 
Missing init values for the following parameters:
 - chain 1: sigma
 - chain 2: sigma
 - chain 3: sigma
 - chain 4: sigma

To disable this message use options(cmdstanr_warn_inits = FALSE).

Response variable modelled as a ecxsigm model using a gaussian distribution.
Finding initial values which allow the response to be fitted using a ecx4param model and a gaussian distribution.
Init values were only set for a subset of parameters. 
Missing init values for the following parameters:
 - chain 1: sigma
 - chain 2: sigma
 - chain 3: sigma
 - chain 4: sigma

To disable this message use options(cmdstanr_warn_inits = FALSE).

Response variable modelled as a ecxsigm model using a gaussian distribution.
Finding initial values which allow the response to be fitted using a ecx4param model and a gaussian distribution.
Response variable modelled as a neclin model using a gaussian distribution.
Finding initial values which allow the response to be fitted using a ecxlin model and a gaussian distribution.
Response variable modelled as a ecxexp model using a gaussian distribution.
Finding initial values which allow the response to be fitted using a ecxsigm model and a gaussian distribution.
Response variable modelled as a ecxsigm model using a gaussian distribution.
Finding initial values which allow the response to be fitted using a ecx4param model and a gaussian distribution.
Init values were only set for a subset of parameters. 
Missing init values for the following parameters:
 - chain 1: sigma
 - chain 2: sigma
 - chain 3: sigma
 - chain 4: sigma

To disable this message use options(cmdstanr_warn_inits = FALSE).

Response variable modelled as a ecxsigm model using a gaussian distribution.
Finding initial values which allow the response to be fitted using a ecx4param model and a gaussian distribution.
Init values were only set for a subset of parameters. 
Missing init values for the following parameters:
 - chain 1: sigma
 - chain 2: sigma
 - chain 3: sigma
 - chain 4: sigma

To disable this message use options(cmdstanr_warn_inits = FALSE).

Response variable modelled as a ecxexp model using a gaussian distribution.
Finding initial values which allow the response to be fitted using a ecxsigm model and a gaussian distribution.
Init values were only set for a subset of parameters. 
Missing init values for the following parameters:
 - chain 1: sigma
 - chain 2: sigma
 - chain 3: sigma
 - chain 4: sigma

To disable this message use options(cmdstanr_warn_inits = FALSE).

Init values were only set for a subset of parameters. 
Missing init values for the following parameters:
 - chain 1: sigma
 - chain 2: sigma
 - chain 3: sigma
 - chain 4: sigma

To disable this message use options(cmdstanr_warn_inits = FALSE).

Response variable modelled as a ecxexp model using a gaussian distribution.
Finding initial values which allow the response to be fitted using a ecxsigm model and a gaussian distribution.
Init values were only set for a subset of parameters. 
Missing init values for the following parameters:
 - chain 1: sigma
 - chain 2: sigma
 - chain 3: sigma
 - chain 4: sigma

To disable this message use options(cmdstanr_warn_inits = FALSE).

Init values were only set for a subset of parameters. 
Missing init values for the following parameters:
 - chain 1: sigma
 - chain 2: sigma
 - chain 3: sigma
 - chain 4: sigma

To disable this message use options(cmdstanr_warn_inits = FALSE).

Response variable modelled as a ecxlin model using a gaussian distribution.
Finding initial values which allow the response to be fitted using a ecxexp model and a gaussian distribution.
Response variable modelled as a neclin model using a gaussian distribution.
Finding initial values which allow the response to be fitted using a ecxlin model and a gaussian distribution.
Still searching for initial values for the ecxsigm model (91 of 10000 attempts so far). This can take a few minutes for a small or awkward design; the fit will proceed on Stan's default initialisation if it does not succeed.
Init values were only set for a subset of parameters. 
Missing init values for the following parameters:
 - chain 1: sigma
 - chain 2: sigma
 - chain 3: sigma
 - chain 4: sigma

To disable this message use options(cmdstanr_warn_inits = FALSE).

Response variable modelled as a ecxsigm model using a gaussian distribution.
Finding initial values which allow the response to be fitted using a ecx4param model and a gaussian distribution.
Response variable modelled as a ecxexp model using a gaussian distribution.
Finding initial values which allow the response to be fitted using a ecxsigm model and a gaussian distribution.
Response variable modelled as a nec4param model using a gaussian distribution.
Finding initial values which allow the response to be fitted using a neclin model and a gaussian distribution.
Response variable modelled as a ecxsigm model using a gaussian distribution.
Finding initial values which allow the response to be fitted using a ecx4param model and a gaussian distribution.
Response variable modelled as a ecxsigm model using a gaussian distribution.
Finding initial values which allow the response to be fitted using a ecx4param model and a gaussian distribution.
Still searching for initial values for the ecxexp model (169 of 10000 attempts so far). This can take a few minutes for a small or awkward design; the fit will proceed on Stan's default initialisation if it does not succeed.
Response variable modelled as a ecxsigm model using a gaussian distribution.
Finding initial values which allow the response to be fitted using a ecx4param model and a gaussian distribution.
Init values were only set for a subset of parameters. 
Missing init values for the following parameters:
 - chain 1: sigma
 - chain 2: sigma
 - chain 3: sigma
 - chain 4: sigma

To disable this message use options(cmdstanr_warn_inits = FALSE).

Response variable modelled as a ecxexp model using a gaussian distribution.
Finding initial values which allow the response to be fitted using a ecxsigm model and a gaussian distribution.
Init values were only set for a subset of parameters. 
Missing init values for the following parameters:
 - chain 1: sigma
 - chain 2: sigma
 - chain 3: sigma
 - chain 4: sigma

To disable this message use options(cmdstanr_warn_inits = FALSE).

Init values were only set for a subset of parameters. 
Missing init values for the following parameters:
 - chain 1: sigma
 - chain 2: sigma
 - chain 3: sigma
 - chain 4: sigma

To disable this message use options(cmdstanr_warn_inits = FALSE).

Response variable modelled as a ecxlin model using a gaussian distribution.
Init values were only set for a subset of parameters. 
Missing init values for the following parameters:
 - chain 1: sigma
 - chain 2: sigma
 - chain 3: sigma
 - chain 4: sigma

To disable this message use options(cmdstanr_warn_inits = FALSE).

Finding initial values which allow the response to be fitted using a ecxexp model and a gaussian distribution.
Init values were only set for a subset of parameters. 
Missing init values for the following parameters:
 - chain 1: sigma
 - chain 2: sigma
 - chain 3: sigma
 - chain 4: sigma

To disable this message use options(cmdstanr_warn_inits = FALSE).

Init values were only set for a subset of parameters. 
Missing init values for the following parameters:
 - chain 1: sigma
 - chain 2: sigma
 - chain 3: sigma
 - chain 4: sigma

To disable this message use options(cmdstanr_warn_inits = FALSE).

Init values were only set for a subset of parameters. 
Missing init values for the following parameters:
 - chain 1: sigma
 - chain 2: sigma
 - chain 3: sigma
 - chain 4: sigma

To disable this message use options(cmdstanr_warn_inits = FALSE).

Init values were only set for a subset of parameters. 
Missing init values for the following parameters:
 - chain 1: sigma
 - chain 2: sigma
 - chain 3: sigma
 - chain 4: sigma

To disable this message use options(cmdstanr_warn_inits = FALSE).

Init values were only set for a subset of parameters. 
Missing init values for the following parameters:
 - chain 1: sigma
 - chain 2: sigma
 - chain 3: sigma
 - chain 4: sigma

To disable this message use options(cmdstanr_warn_inits = FALSE).

Response variable modelled as a ecxlin model using a gaussian distribution.
Finding initial values which allow the response to be fitted using a ecxexp model and a gaussian distribution.
Init values were only set for a subset of parameters. 
Missing init values for the following parameters:
 - chain 1: sigma
 - chain 2: sigma
 - chain 3: sigma
 - chain 4: sigma

To disable this message use options(cmdstanr_warn_inits = FALSE).

Response variable modelled as a ecx4param model using a gaussian distribution.
Finding initial values which allow the response to be fitted using a ecxwb1 model and a gaussian distribution.
Still searching for initial values for the ecxexp model (185 of 10000 attempts so far). This can take a few minutes for a small or awkward design; the fit will proceed on Stan's default initialisation if it does not succeed.
Init values were only set for a subset of parameters. 
Missing init values for the following parameters:
 - chain 1: sigma
 - chain 2: sigma
 - chain 3: sigma
 - chain 4: sigma

To disable this message use options(cmdstanr_warn_inits = FALSE).

Init values were only set for a subset of parameters. 
Missing init values for the following parameters:
 - chain 1: sigma
 - chain 2: sigma
 - chain 3: sigma
 - chain 4: sigma

To disable this message use options(cmdstanr_warn_inits = FALSE).

Still searching for initial values for the ecxexp model (137 of 10000 attempts so far). This can take a few minutes for a small or awkward design; the fit will proceed on Stan's default initialisation if it does not succeed.
Response variable modelled as a ecxsigm model using a gaussian distribution.
Finding initial values which allow the response to be fitted using a ecx4param model and a gaussian distribution.
Init values were only set for a subset of parameters. 
Missing init values for the following parameters:
 - chain 1: sigma
 - chain 2: sigma
 - chain 3: sigma
 - chain 4: sigma

To disable this message use options(cmdstanr_warn_inits = FALSE).

Init values were only set for a subset of parameters. 
Missing init values for the following parameters:
 - chain 1: sigma
 - chain 2: sigma
 - chain 3: sigma
 - chain 4: sigma

To disable this message use options(cmdstanr_warn_inits = FALSE).

Init values were only set for a subset of parameters. 
Missing init values for the following parameters:
 - chain 1: sigma
 - chain 2: sigma
 - chain 3: sigma
 - chain 4: sigma

To disable this message use options(cmdstanr_warn_inits = FALSE).

Init values were only set for a subset of parameters. 
Missing init values for the following parameters:
 - chain 1: sigma
 - chain 2: sigma
 - chain 3: sigma
 - chain 4: sigma

To disable this message use options(cmdstanr_warn_inits = FALSE).

Response variable modelled as a ecxsigm model using a gaussian distribution.
Finding initial values which allow the response to be fitted using a ecx4param model and a gaussian distribution.
Init values were only set for a subset of parameters. 
Missing init values for the following parameters:
 - chain 1: sigma
 - chain 2: sigma
 - chain 3: sigma
 - chain 4: sigma

To disable this message use options(cmdstanr_warn_inits = FALSE).

Init values were only set for a subset of parameters. 
Missing init values for the following parameters:
 - chain 1: sigma
 - chain 2: sigma
 - chain 3: sigma
 - chain 4: sigma

To disable this message use options(cmdstanr_warn_inits = FALSE).

Response variable modelled as a ecxsigm model using a gaussian distribution.
Finding initial values which allow the response to be fitted using a ecx4param model and a gaussian distribution.
Init values were only set for a subset of parameters. 
Missing init values for the following parameters:
 - chain 1: sigma
 - chain 2: sigma
 - chain 3: sigma
 - chain 4: sigma

To disable this message use options(cmdstanr_warn_inits = FALSE).

Response variable modelled as a neclin model using a gaussian distribution.
Finding initial values which allow the response to be fitted using a ecxlin model and a gaussian distribution.
Response variable modelled as a ecxsigm model using a gaussian distribution.
Finding initial values which allow the response to be fitted using a ecx4param model and a gaussian distribution.
Response variable modelled as a ecx4param model using a gaussian distribution.
Finding initial values which allow the response to be fitted using a ecxwb1 model and a gaussian distribution.
Response variable modelled as a ecx4param model using a gaussian distribution.
Finding initial values which allow the response to be fitted using a ecxwb1 model and a gaussian distribution.
Response variable modelled as a ecx4param model using a gaussian distribution.
Finding initial values which allow the response to be fitted using a ecxwb1 model and a gaussian distribution.
Response variable modelled as a ecxsigm model using a gaussian distribution.
Finding initial values which allow the response to be fitted using a ecx4param model and a gaussian distribution.
Response variable modelled as a ecxexp model using a gaussian distribution.
Finding initial values which allow the response to be fitted using a ecxsigm model and a gaussian distribution.
Response variable modelled as a ecx4param model using a gaussian distribution.
Finding initial values which allow the response to be fitted using a ecxwb1 model and a gaussian distribution.
Response variable modelled as a ecx4param model using a gaussian distribution.
Finding initial values which allow the response to be fitted using a ecxwb1 model and a gaussian distribution.
Init values were only set for a subset of parameters. 
Missing init values for the following parameters:
 - chain 1: sigma
 - chain 2: sigma
 - chain 3: sigma
 - chain 4: sigma

To disable this message use options(cmdstanr_warn_inits = FALSE).

Response variable modelled as a ecxsigm model using a gaussian distribution.
Finding initial values which allow the response to be fitted using a ecx4param model and a gaussian distribution.
Init values were only set for a subset of parameters. 
Missing init values for the following parameters:
 - chain 1: sigma
 - chain 2: sigma
 - chain 3: sigma
 - chain 4: sigma

To disable this message use options(cmdstanr_warn_inits = FALSE).

Response variable modelled as a ecxexp model using a gaussian distribution.
Finding initial values which allow the response to be fitted using a ecxsigm model and a gaussian distribution.
Init values were only set for a subset of parameters. 
Missing init values for the following parameters:
 - chain 1: sigma
 - chain 2: sigma
 - chain 3: sigma
 - chain 4: sigma

To disable this message use options(cmdstanr_warn_inits = FALSE).

Response variable modelled as a ecx4param model using a gaussian distribution.
Finding initial values which allow the response to be fitted using a ecxwb1 model and a gaussian distribution.
Init values were only set for a subset of parameters. 
Missing init values for the following parameters:
 - chain 1: sigma
 - chain 2: sigma
 - chain 3: sigma
 - chain 4: sigma

To disable this message use options(cmdstanr_warn_inits = FALSE).

Init values were only set for a subset of parameters. 
Missing init values for the following parameters:
 - chain 1: sigma
 - chain 2: sigma
 - chain 3: sigma
 - chain 4: sigma

To disable this message use options(cmdstanr_warn_inits = FALSE).

Response variable modelled as a ecxwb1 model using a gaussian distribution.
Finding initial values which allow the response to be fitted using a ecxwb2 model and a gaussian distribution.
Still searching for initial values for the ecxsigm model (82 of 10000 attempts so far). This can take a few minutes for a small or awkward design; the fit will proceed on Stan's default initialisation if it does not succeed.
Init values were only set for a subset of parameters. 
Missing init values for the following parameters:
 - chain 1: sigma
 - chain 2: sigma
 - chain 3: sigma
 - chain 4: sigma

To disable this message use options(cmdstanr_warn_inits = FALSE).

Response variable modelled as a ecxlin model using a gaussian distribution.
Finding initial values which allow the response to be fitted using a ecxexp model and a gaussian distribution.
Init values were only set for a subset of parameters. 
Missing init values for the following parameters:
 - chain 1: sigma
 - chain 2: sigma
 - chain 3: sigma
 - chain 4: sigma

To disable this message use options(cmdstanr_warn_inits = FALSE).

Init values were only set for a subset of parameters. 
Missing init values for the following parameters:
 - chain 1: sigma
 - chain 2: sigma
 - chain 3: sigma
 - chain 4: sigma

To disable this message use options(cmdstanr_warn_inits = FALSE).

Init values were only set for a subset of parameters. 
Missing init values for the following parameters:
 - chain 1: sigma
 - chain 2: sigma
 - chain 3: sigma
 - chain 4: sigma

To disable this message use options(cmdstanr_warn_inits = FALSE).

Init values were only set for a subset of parameters. 
Missing init values for the following parameters:
 - chain 1: sigma
 - chain 2: sigma
 - chain 3: sigma
 - chain 4: sigma

To disable this message use options(cmdstanr_warn_inits = FALSE).

Init values were only set for a subset of parameters. 
Missing init values for the following parameters:
 - chain 1: sigma
 - chain 2: sigma
 - chain 3: sigma
 - chain 4: sigma

To disable this message use options(cmdstanr_warn_inits = FALSE).

Init values were only set for a subset of parameters. 
Missing init values for the following parameters:
 - chain 1: sigma
 - chain 2: sigma
 - chain 3: sigma
 - chain 4: sigma

To disable this message use options(cmdstanr_warn_inits = FALSE).

Init values were only set for a subset of parameters. 
Missing init values for the following parameters:
 - chain 1: sigma
 - chain 2: sigma
 - chain 3: sigma
 - chain 4: sigma

To disable this message use options(cmdstanr_warn_inits = FALSE).

Response variable modelled as a ecxexp model using a gaussian distribution.
Finding initial values which allow the response to be fitted using a ecxsigm model and a gaussian distribution.
Response variable modelled as a ecx4param model using a gaussian distribution.
Finding initial values which allow the response to be fitted using a ecxwb1 model and a gaussian distribution.
Init values were only set for a subset of parameters. 
Missing init values for the following parameters:
 - chain 1: sigma
 - chain 2: sigma
 - chain 3: sigma
 - chain 4: sigma

To disable this message use options(cmdstanr_warn_inits = FALSE).

Init values were only set for a subset of parameters. 
Missing init values for the following parameters:
 - chain 1: sigma
 - chain 2: sigma
 - chain 3: sigma
 - chain 4: sigma

To disable this message use options(cmdstanr_warn_inits = FALSE).

Init values were only set for a subset of parameters. 
Missing init values for the following parameters:
 - chain 1: sigma
 - chain 2: sigma
 - chain 3: sigma
 - chain 4: sigma

To disable this message use options(cmdstanr_warn_inits = FALSE).

Response variable modelled as a ecx4param model using a gaussian distribution.
Finding initial values which allow the response to be fitted using a ecxwb1 model and a gaussian distribution.
Response variable modelled as a ecxsigm model using a gaussian distribution.
Finding initial values which allow the response to be fitted using a ecx4param model and a gaussian distribution.
Response variable modelled as a ecx4param model using a gaussian distribution.
Finding initial values which allow the response to be fitted using a ecxwb1 model and a gaussian distribution.
Response variable modelled as a ecx4param model using a gaussian distribution.
Finding initial values which allow the response to be fitted using a ecxwb1 model and a gaussian distribution.
Init values were only set for a subset of parameters. 
Missing init values for the following parameters:
 - chain 1: sigma
 - chain 2: sigma
 - chain 3: sigma
 - chain 4: sigma

To disable this message use options(cmdstanr_warn_inits = FALSE).

Init values were only set for a subset of parameters. 
Missing init values for the following parameters:
 - chain 1: sigma
 - chain 2: sigma
 - chain 3: sigma
 - chain 4: sigma

To disable this message use options(cmdstanr_warn_inits = FALSE).

Response variable modelled as a ecxwb1 model using a gaussian distribution.
Finding initial values which allow the response to be fitted using a ecxwb2 model and a gaussian distribution.
Init values were only set for a subset of parameters. 
Missing init values for the following parameters:
 - chain 1: sigma
 - chain 2: sigma
 - chain 3: sigma
 - chain 4: sigma

To disable this message use options(cmdstanr_warn_inits = FALSE).

Init values were only set for a subset of parameters. 
Missing init values for the following parameters:
 - chain 1: sigma
 - chain 2: sigma
 - chain 3: sigma
 - chain 4: sigma

To disable this message use options(cmdstanr_warn_inits = FALSE).

Init values were only set for a subset of parameters. 
Missing init values for the following parameters:
 - chain 1: sigma
 - chain 2: sigma
 - chain 3: sigma
 - chain 4: sigma

To disable this message use options(cmdstanr_warn_inits = FALSE).

Response variable modelled as a ecxexp model using a gaussian distribution.
Finding initial values which allow the response to be fitted using a ecxsigm model and a gaussian distribution.
Response variable modelled as a ecxwb1 model using a gaussian distribution.
Finding initial values which allow the response to be fitted using a ecxwb2 model and a gaussian distribution.
Response variable modelled as a ecx4param model using a gaussian distribution.
Finding initial values which allow the response to be fitted using a ecxwb1 model and a gaussian distribution.
Response variable modelled as a ecxwb2 model using a gaussian distribution.
Finding initial values which allow the response to be fitted using a ecxwb1p3 model and a gaussian distribution.
Init values were only set for a subset of parameters. 
Missing init values for the following parameters:
 - chain 1: sigma
 - chain 2: sigma
 - chain 3: sigma
 - chain 4: sigma

To disable this message use options(cmdstanr_warn_inits = FALSE).

Response variable modelled as a ecxwb1 model using a gaussian distribution.
Finding initial values which allow the response to be fitted using a ecxwb2 model and a gaussian distribution.
Error : Failed to fit model ecxwb1.
Finding initial values which allow the response to be fitted using a ecxwb2 model and a gaussian distribution.
Init values were only set for a subset of parameters. 
Missing init values for the following parameters:
 - chain 1: sigma
 - chain 2: sigma
 - chain 3: sigma
 - chain 4: sigma

To disable this message use options(cmdstanr_warn_inits = FALSE).

Init values were only set for a subset of parameters. 
Missing init values for the following parameters:
 - chain 1: sigma
 - chain 2: sigma
 - chain 3: sigma
 - chain 4: sigma

To disable this message use options(cmdstanr_warn_inits = FALSE).

Init values were only set for a subset of parameters. 
Missing init values for the following parameters:
 - chain 1: sigma
 - chain 2: sigma
 - chain 3: sigma
 - chain 4: sigma

To disable this message use options(cmdstanr_warn_inits = FALSE).

Response variable modelled as a ecxsigm model using a gaussian distribution.
Finding initial values which allow the response to be fitted using a ecx4param model and a gaussian distribution.
Still searching for initial values for the ecxsigm model (71 of 10000 attempts so far). This can take a few minutes for a small or awkward design; the fit will proceed on Stan's default initialisation if it does not succeed.
Response variable modelled as a ecxsigm model using a gaussian distribution.
Finding initial values which allow the response to be fitted using a ecx4param model and a gaussian distribution.
Init values were only set for a subset of parameters. 
Missing init values for the following parameters:
 - chain 1: sigma
 - chain 2: sigma
 - chain 3: sigma
 - chain 4: sigma

To disable this message use options(cmdstanr_warn_inits = FALSE).

Response variable modelled as a ecxwb1 model using a gaussian distribution.
Finding initial values which allow the response to be fitted using a ecxwb2 model and a gaussian distribution.
Response variable modelled as a ecx4param model using a gaussian distribution.
Finding initial values which allow the response to be fitted using a ecxwb1 model and a gaussian distribution.
Response variable modelled as a ecx4param model using a gaussian distribution.
Finding initial values which allow the response to be fitted using a ecxwb1 model and a gaussian distribution.
Init values were only set for a subset of parameters. 
Missing init values for the following parameters:
 - chain 1: sigma
 - chain 2: sigma
 - chain 3: sigma
 - chain 4: sigma

To disable this message use options(cmdstanr_warn_inits = FALSE).

Init values were only set for a subset of parameters. 
Missing init values for the following parameters:
 - chain 1: sigma
 - chain 2: sigma
 - chain 3: sigma
 - chain 4: sigma

To disable this message use options(cmdstanr_warn_inits = FALSE).

Init values were only set for a subset of parameters. 
Missing init values for the following parameters:
 - chain 1: sigma
 - chain 2: sigma
 - chain 3: sigma
 - chain 4: sigma

To disable this message use options(cmdstanr_warn_inits = FALSE).

Response variable modelled as a ecxwb1 model using a gaussian distribution.
Finding initial values which allow the response to be fitted using a ecxwb2 model and a gaussian distribution.
Response variable modelled as a ecxwb1 model using a gaussian distribution.
Finding initial values which allow the response to be fitted using a ecxwb2 model and a gaussian distribution.
Init values were only set for a subset of parameters. 
Missing init values for the following parameters:
 - chain 1: sigma
 - chain 2: sigma
 - chain 3: sigma
 - chain 4: sigma

To disable this message use options(cmdstanr_warn_inits = FALSE).

Response variable modelled as a ecxwb1 model using a gaussian distribution.
Finding initial values which allow the response to be fitted using a ecxwb2 model and a gaussian distribution.
Init values were only set for a subset of parameters. 
Missing init values for the following parameters:
 - chain 1: sigma
 - chain 2: sigma
 - chain 3: sigma
 - chain 4: sigma

To disable this message use options(cmdstanr_warn_inits = FALSE).

Init values were only set for a subset of parameters. 
Missing init values for the following parameters:
 - chain 1: sigma
 - chain 2: sigma
 - chain 3: sigma
 - chain 4: sigma

To disable this message use options(cmdstanr_warn_inits = FALSE).

Init values were only set for a subset of parameters. 
Missing init values for the following parameters:
 - chain 1: sigma
 - chain 2: sigma
 - chain 3: sigma
 - chain 4: sigma

To disable this message use options(cmdstanr_warn_inits = FALSE).

Init values were only set for a subset of parameters. 
Missing init values for the following parameters:
 - chain 1: sigma
 - chain 2: sigma
 - chain 3: sigma
 - chain 4: sigma

To disable this message use options(cmdstanr_warn_inits = FALSE).

Response variable modelled as a ecxwb1p3 model using a gaussian distribution.
Finding initial values which allow the response to be fitted using a ecxwb2p3 model and a gaussian distribution.
Response variable modelled as a ecxwb2 model using a gaussian distribution.
Finding initial values which allow the response to be fitted using a ecxwb1p3 model and a gaussian distribution.
Init values were only set for a subset of parameters. 
Missing init values for the following parameters:
 - chain 1: sigma
 - chain 2: sigma
 - chain 3: sigma
 - chain 4: sigma

To disable this message use options(cmdstanr_warn_inits = FALSE).

Init values were only set for a subset of parameters. 
Missing init values for the following parameters:
 - chain 1: sigma
 - chain 2: sigma
 - chain 3: sigma
 - chain 4: sigma

To disable this message use options(cmdstanr_warn_inits = FALSE).

Init values were only set for a subset of parameters. 
Missing init values for the following parameters:
 - chain 1: sigma
 - chain 2: sigma
 - chain 3: sigma
 - chain 4: sigma

To disable this message use options(cmdstanr_warn_inits = FALSE).

Response variable modelled as a ecxwb2 model using a gaussian distribution.
Finding initial values which allow the response to be fitted using a ecxwb1p3 model and a gaussian distribution.
Response variable modelled as a ecxwb1 model using a gaussian distribution.
Finding initial values which allow the response to be fitted using a ecxwb2 model and a gaussian distribution.
Init values were only set for a subset of parameters. 
Missing init values for the following parameters:
 - chain 1: sigma
 - chain 2: sigma
 - chain 3: sigma
 - chain 4: sigma

To disable this message use options(cmdstanr_warn_inits = FALSE).

Response variable modelled as a ecxwb1 model using a gaussian distribution.
Response variable modelled as a ecxsigm model using a gaussian distribution.
Finding initial values which allow the response to be fitted using a ecxwb2 model and a gaussian distribution.
Finding initial values which allow the response to be fitted using a ecx4param model and a gaussian distribution.
Init values were only set for a subset of parameters. 
Missing init values for the following parameters:
 - chain 1: sigma
 - chain 2: sigma
 - chain 3: sigma
 - chain 4: sigma

To disable this message use options(cmdstanr_warn_inits = FALSE).

Init values were only set for a subset of parameters. 
Missing init values for the following parameters:
 - chain 1: sigma
 - chain 2: sigma
 - chain 3: sigma
 - chain 4: sigma

To disable this message use options(cmdstanr_warn_inits = FALSE).

Init values were only set for a subset of parameters. 
Missing init values for the following parameters:
 - chain 1: sigma
 - chain 2: sigma
 - chain 3: sigma
 - chain 4: sigma

To disable this message use options(cmdstanr_warn_inits = FALSE).

Init values were only set for a subset of parameters. 
Missing init values for the following parameters:
 - chain 1: sigma
 - chain 2: sigma
 - chain 3: sigma
 - chain 4: sigma

To disable this message use options(cmdstanr_warn_inits = FALSE).

Init values were only set for a subset of parameters. 
Missing init values for the following parameters:
 - chain 1: sigma
 - chain 2: sigma
 - chain 3: sigma
 - chain 4: sigma

To disable this message use options(cmdstanr_warn_inits = FALSE).

Response variable modelled as a ecxwb2 model using a gaussian distribution.
Finding initial values which allow the response to be fitted using a ecxwb1p3 model and a gaussian distribution.
Response variable modelled as a ecxwb2 model using a gaussian distribution.
Finding initial values which allow the response to be fitted using a ecxwb1p3 model and a gaussian distribution.
Response variable modelled as a ecxwb2 model using a gaussian distribution.
Finding initial values which allow the response to be fitted using a ecxwb1p3 model and a gaussian distribution.
Response variable modelled as a ecx4param model using a gaussian distribution.
Finding initial values which allow the response to be fitted using a ecxwb1 model and a gaussian distribution.
Response variable modelled as a ecxwb2 model using a gaussian distribution.
Finding initial values which allow the response to be fitted using a ecxwb1p3 model and a gaussian distribution.
Response variable modelled as a ecxwb2p3 model using a gaussian distribution.
Finding initial values which allow the response to be fitted using a ecxll5 model and a gaussian distribution.
Init values were only set for a subset of parameters. 
Missing init values for the following parameters:
 - chain 1: sigma
 - chain 2: sigma
 - chain 3: sigma
 - chain 4: sigma

To disable this message use options(cmdstanr_warn_inits = FALSE).

Response variable modelled as a ecxwb2 model using a gaussian distribution.
Finding initial values which allow the response to be fitted using a ecxwb1p3 model and a gaussian distribution.
Response variable modelled as a ecxwb2 model using a gaussian distribution.
Finding initial values which allow the response to be fitted using a ecxwb1p3 model and a gaussian distribution.
Init values were only set for a subset of parameters. 
Missing init values for the following parameters:
 - chain 1: sigma
 - chain 2: sigma
 - chain 3: sigma
 - chain 4: sigma

To disable this message use options(cmdstanr_warn_inits = FALSE).

Response variable modelled as a ecxwb1p3 model using a gaussian distribution.
Finding initial values which allow the response to be fitted using a ecxwb2p3 model and a gaussian distribution.
Still searching for initial values for the ecxll5 model (123 of 10000 attempts so far). This can take a few minutes for a small or awkward design; the fit will proceed on Stan's default initialisation if it does not succeed.
Init values were only set for a subset of parameters. 
Missing init values for the following parameters:
 - chain 1: sigma
 - chain 2: sigma
 - chain 3: sigma
 - chain 4: sigma

To disable this message use options(cmdstanr_warn_inits = FALSE).

Response variable modelled as a ecxwb1 model using a gaussian distribution.
Finding initial values which allow the response to be fitted using a ecxwb2 model and a gaussian distribution.
Init values were only set for a subset of parameters. 
Missing init values for the following parameters:
 - chain 1: sigma
 - chain 2: sigma
 - chain 3: sigma
 - chain 4: sigma

To disable this message use options(cmdstanr_warn_inits = FALSE).

Response variable modelled as a ecxwb1 model using a gaussian distribution.
Finding initial values which allow the response to be fitted using a ecxwb2 model and a gaussian distribution.
Init values were only set for a subset of parameters. 
Missing init values for the following parameters:
 - chain 1: sigma
 - chain 2: sigma
 - chain 3: sigma
 - chain 4: sigma

To disable this message use options(cmdstanr_warn_inits = FALSE).

Init values were only set for a subset of parameters. 
Missing init values for the following parameters:
 - chain 1: sigma
 - chain 2: sigma
 - chain 3: sigma
 - chain 4: sigma

To disable this message use options(cmdstanr_warn_inits = FALSE).

Init values were only set for a subset of parameters. 
Missing init values for the following parameters:
 - chain 1: sigma
 - chain 2: sigma
 - chain 3: sigma
 - chain 4: sigma

To disable this message use options(cmdstanr_warn_inits = FALSE).

Init values were only set for a subset of parameters. 
Missing init values for the following parameters:
 - chain 1: sigma
 - chain 2: sigma
 - chain 3: sigma
 - chain 4: sigma

To disable this message use options(cmdstanr_warn_inits = FALSE).

Init values were only set for a subset of parameters. 
Missing init values for the following parameters:
 - chain 1: sigma
 - chain 2: sigma
 - chain 3: sigma
 - chain 4: sigma

To disable this message use options(cmdstanr_warn_inits = FALSE).

Response variable modelled as a ecxwb1p3 model using a gaussian distribution.
Finding initial values which allow the response to be fitted using a ecxwb2p3 model and a gaussian distribution.
Response variable modelled as a ecx4param model using a gaussian distribution.
Finding initial values which allow the response to be fitted using a ecxwb1 model and a gaussian distribution.
Response variable modelled as a ecxwb2 model using a gaussian distribution.
Finding initial values which allow the response to be fitted using a ecxwb1p3 model and a gaussian distribution.
Init values were only set for a subset of parameters. 
Missing init values for the following parameters:
 - chain 1: sigma
 - chain 2: sigma
 - chain 3: sigma
 - chain 4: sigma

To disable this message use options(cmdstanr_warn_inits = FALSE).

Init values were only set for a subset of parameters. 
Missing init values for the following parameters:
 - chain 1: sigma
 - chain 2: sigma
 - chain 3: sigma
 - chain 4: sigma

To disable this message use options(cmdstanr_warn_inits = FALSE).

Init values were only set for a subset of parameters. 
Missing init values for the following parameters:
 - chain 1: sigma
 - chain 2: sigma
 - chain 3: sigma
 - chain 4: sigma

To disable this message use options(cmdstanr_warn_inits = FALSE).

Response variable modelled as a ecxwb1p3 model using a gaussian distribution.
Finding initial values which allow the response to be fitted using a ecxwb2p3 model and a gaussian distribution.
Init values were only set for a subset of parameters. 
Missing init values for the following parameters:
 - chain 1: sigma
 - chain 2: sigma
 - chain 3: sigma
 - chain 4: sigma

To disable this message use options(cmdstanr_warn_inits = FALSE).

Response variable modelled as a ecxwb1p3 model using a gaussian distribution.
Finding initial values which allow the response to be fitted using a ecxwb2p3 model and a gaussian distribution.
Response variable modelled as a ecxwb2p3 model using a gaussian distribution.
Finding initial values which allow the response to be fitted using a ecxll5 model and a gaussian distribution.
Init values were only set for a subset of parameters. 
Missing init values for the following parameters:
 - chain 1: sigma
 - chain 2: sigma
 - chain 3: sigma
 - chain 4: sigma

To disable this message use options(cmdstanr_warn_inits = FALSE).

Response variable modelled as a ecxwb1p3 model using a gaussian distribution.
Finding initial values which allow the response to be fitted using a ecxwb2p3 model and a gaussian distribution.
Response variable modelled as a ecxwb1p3 model using a gaussian distribution.
Finding initial values which allow the response to be fitted using a ecxwb2p3 model and a gaussian distribution.
Response variable modelled as a ecxwb1p3 model using a gaussian distribution.
Finding initial values which allow the response to be fitted using a ecxwb2p3 model and a gaussian distribution.
Response variable modelled as a ecxwb1 model using a gaussian distribution.
Finding initial values which allow the response to be fitted using a ecxwb2 model and a gaussian distribution.
Response variable modelled as a ecxwb1p3 model using a gaussian distribution.
Finding initial values which allow the response to be fitted using a ecxwb2p3 model and a gaussian distribution.
Init values were only set for a subset of parameters. 
Missing init values for the following parameters:
 - chain 1: sigma
 - chain 2: sigma
 - chain 3: sigma
 - chain 4: sigma

To disable this message use options(cmdstanr_warn_inits = FALSE).

Init values were only set for a subset of parameters. 
Missing init values for the following parameters:
 - chain 1: sigma
 - chain 2: sigma
 - chain 3: sigma
 - chain 4: sigma

To disable this message use options(cmdstanr_warn_inits = FALSE).

Init values were only set for a subset of parameters. 
Missing init values for the following parameters:
 - chain 1: sigma
 - chain 2: sigma
 - chain 3: sigma
 - chain 4: sigma

To disable this message use options(cmdstanr_warn_inits = FALSE).

Response variable modelled as a ecxwb2 model using a gaussian distribution.
Finding initial values which allow the response to be fitted using a ecxwb1p3 model and a gaussian distribution.
Init values were only set for a subset of parameters. 
Missing init values for the following parameters:
 - chain 1: sigma
 - chain 2: sigma
 - chain 3: sigma
 - chain 4: sigma

To disable this message use options(cmdstanr_warn_inits = FALSE).

Response variable modelled as a ecxwb2p3 model using a gaussian distribution.
Finding initial values which allow the response to be fitted using a ecxll5 model and a gaussian distribution.
Init values were only set for a subset of parameters. 
Missing init values for the following parameters:
 - chain 1: sigma
 - chain 2: sigma
 - chain 3: sigma
 - chain 4: sigma

To disable this message use options(cmdstanr_warn_inits = FALSE).

Init values were only set for a subset of parameters. 
Missing init values for the following parameters:
 - chain 1: sigma
 - chain 2: sigma
 - chain 3: sigma
 - chain 4: sigma

To disable this message use options(cmdstanr_warn_inits = FALSE).

Init values were only set for a subset of parameters. 
Missing init values for the following parameters:
 - chain 1: sigma
 - chain 2: sigma
 - chain 3: sigma
 - chain 4: sigma

To disable this message use options(cmdstanr_warn_inits = FALSE).

Response variable modelled as a ecx4param model using a gaussian distribution.
Finding initial values which allow the response to be fitted using a ecxwb1 model and a gaussian distribution.
Response variable modelled as a ecxwb2p3 model using a gaussian distribution.
Finding initial values which allow the response to be fitted using a ecxll5 model and a gaussian distribution.
Init values were only set for a subset of parameters. 
Missing init values for the following parameters:
 - chain 1: sigma
 - chain 2: sigma
 - chain 3: sigma
 - chain 4: sigma

To disable this message use options(cmdstanr_warn_inits = FALSE).

Still searching for initial values for the ecxll5 model (140 of 10000 attempts so far). This can take a few minutes for a small or awkward design; the fit will proceed on Stan's default initialisation if it does not succeed.
Init values were only set for a subset of parameters. 
Missing init values for the following parameters:
 - chain 1: sigma
 - chain 2: sigma
 - chain 3: sigma
 - chain 4: sigma

To disable this message use options(cmdstanr_warn_inits = FALSE).

Init values were only set for a subset of parameters. 
Missing init values for the following parameters:
 - chain 1: sigma
 - chain 2: sigma
 - chain 3: sigma
 - chain 4: sigma

To disable this message use options(cmdstanr_warn_inits = FALSE).

Response variable modelled as a ecxwb2p3 model using a gaussian distribution.
Finding initial values which allow the response to be fitted using a ecxll5 model and a gaussian distribution.
Init values were only set for a subset of parameters. 
Missing init values for the following parameters:
 - chain 1: sigma
 - chain 2: sigma
 - chain 3: sigma
 - chain 4: sigma

To disable this message use options(cmdstanr_warn_inits = FALSE).

Response variable modelled as a ecx4param model using a gaussian distribution.
Finding initial values which allow the response to be fitted using a ecxwb1 model and a gaussian distribution.
Still searching for initial values for the ecxll5 model (95 of 10000 attempts so far). This can take a few minutes for a small or awkward design; the fit will proceed on Stan's default initialisation if it does not succeed.
Init values were only set for a subset of parameters. 
Missing init values for the following parameters:
 - chain 1: sigma
 - chain 2: sigma
 - chain 3: sigma
 - chain 4: sigma

To disable this message use options(cmdstanr_warn_inits = FALSE).

Response variable modelled as a ecxwb2p3 model using a gaussian distribution.
Finding initial values which allow the response to be fitted using a ecxll5 model and a gaussian distribution.
Init values were only set for a subset of parameters. 
Missing init values for the following parameters:
 - chain 1: sigma
 - chain 2: sigma
 - chain 3: sigma
 - chain 4: sigma

To disable this message use options(cmdstanr_warn_inits = FALSE).

Response variable modelled as a ecxwb2p3 model using a gaussian distribution.
Finding initial values which allow the response to be fitted using a ecxll5 model and a gaussian distribution.
Response variable modelled as a ecxwb2p3 model using a gaussian distribution.
Finding initial values which allow the response to be fitted using a ecxll5 model and a gaussian distribution.
Still searching for initial values for the ecxll5 model (137 of 10000 attempts so far). This can take a few minutes for a small or awkward design; the fit will proceed on Stan's default initialisation if it does not succeed.
Response variable modelled as a ecxwb2 model using a gaussian distribution.
Finding initial values which allow the response to be fitted using a ecxwb1p3 model and a gaussian distribution.
Response variable modelled as a ecxwb1p3 model using a gaussian distribution.
Finding initial values which allow the response to be fitted using a ecxwb2p3 model and a gaussian distribution.
Response variable modelled as a ecxwb2p3 model using a gaussian distribution.
Finding initial values which allow the response to be fitted using a ecxll5 model and a gaussian distribution.
Error : Failed to fit model ecxll5.
Finding initial values which allow the response to be fitted using a ecxll4 model and a gaussian distribution.
Init values were only set for a subset of parameters. 
Missing init values for the following parameters:
 - chain 1: sigma
 - chain 2: sigma
 - chain 3: sigma
 - chain 4: sigma

To disable this message use options(cmdstanr_warn_inits = FALSE).

Response variable modelled as a ecxwb2 model using a gaussian distribution.
Finding initial values which allow the response to be fitted using a ecxwb1p3 model and a gaussian distribution.
Response variable modelled as a ecxwb1p3 model using a gaussian distribution.
Finding initial values which allow the response to be fitted using a ecxwb2p3 model and a gaussian distribution.
Still searching for initial values for the ecxll5 model (136 of 10000 attempts so far). This can take a few minutes for a small or awkward design; the fit will proceed on Stan's default initialisation if it does not succeed.
Init values were only set for a subset of parameters. 
Missing init values for the following parameters:
 - chain 1: sigma
 - chain 2: sigma
 - chain 3: sigma
 - chain 4: sigma

To disable this message use options(cmdstanr_warn_inits = FALSE).

Init values were only set for a subset of parameters. 
Missing init values for the following parameters:
 - chain 1: sigma
 - chain 2: sigma
 - chain 3: sigma
 - chain 4: sigma

To disable this message use options(cmdstanr_warn_inits = FALSE).

Init values were only set for a subset of parameters. 
Missing init values for the following parameters:
 - chain 1: sigma
 - chain 2: sigma
 - chain 3: sigma
 - chain 4: sigma

To disable this message use options(cmdstanr_warn_inits = FALSE).

Warning: 589 of 8000 (7.0%) transitions ended with a divergence.
See https://mc-stan.org/misc/warnings for details.

Response variable modelled as a ecxll5 model using a gaussian distribution.
Finding initial values which allow the response to be fitted using a ecxll4 model and a gaussian distribution.
Init values were only set for a subset of parameters. 
Missing init values for the following parameters:
 - chain 1: sigma
 - chain 2: sigma
 - chain 3: sigma
 - chain 4: sigma

To disable this message use options(cmdstanr_warn_inits = FALSE).

Init values were only set for a subset of parameters. 
Missing init values for the following parameters:
 - chain 1: sigma
 - chain 2: sigma
 - chain 3: sigma
 - chain 4: sigma

To disable this message use options(cmdstanr_warn_inits = FALSE).

Init values were only set for a subset of parameters. 
Missing init values for the following parameters:
 - chain 1: sigma
 - chain 2: sigma
 - chain 3: sigma
 - chain 4: sigma

To disable this message use options(cmdstanr_warn_inits = FALSE).

Init values were only set for a subset of parameters. 
Missing init values for the following parameters:
 - chain 1: sigma
 - chain 2: sigma
 - chain 3: sigma
 - chain 4: sigma

To disable this message use options(cmdstanr_warn_inits = FALSE).

Init values were only set for a subset of parameters. 
Missing init values for the following parameters:
 - chain 1: sigma
 - chain 2: sigma
 - chain 3: sigma
 - chain 4: sigma

To disable this message use options(cmdstanr_warn_inits = FALSE).

Init values were only set for a subset of parameters. 
Missing init values for the following parameters:
 - chain 1: sigma
 - chain 2: sigma
 - chain 3: sigma
 - chain 4: sigma

To disable this message use options(cmdstanr_warn_inits = FALSE).

Response variable modelled as a ecxwb2p3 model using a gaussian distribution.
Finding initial values which allow the response to be fitted using a ecxll5 model and a gaussian distribution.
Init values were only set for a subset of parameters. 
Missing init values for the following parameters:
 - chain 1: sigma
 - chain 2: sigma
 - chain 3: sigma
 - chain 4: sigma

To disable this message use options(cmdstanr_warn_inits = FALSE).

Init values were only set for a subset of parameters. 
Missing init values for the following parameters:
 - chain 1: sigma
 - chain 2: sigma
 - chain 3: sigma
 - chain 4: sigma

To disable this message use options(cmdstanr_warn_inits = FALSE).

Init values were only set for a subset of parameters. 
Missing init values for the following parameters:
 - chain 1: sigma
 - chain 2: sigma
 - chain 3: sigma
 - chain 4: sigma

To disable this message use options(cmdstanr_warn_inits = FALSE).

Response variable modelled as a ecxwb1p3 model using a gaussian distribution.
Finding initial values which allow the response to be fitted using a ecxwb2p3 model and a gaussian distribution.
Init values were only set for a subset of parameters. 
Missing init values for the following parameters:
 - chain 1: sigma
 - chain 2: sigma
 - chain 3: sigma
 - chain 4: sigma

To disable this message use options(cmdstanr_warn_inits = FALSE).

Response variable modelled as a ecxll4 model using a gaussian distribution.
Finding initial values which allow the response to be fitted using a ecxll3 model and a gaussian distribution.
Init values were only set for a subset of parameters. 
Missing init values for the following parameters:
 - chain 1: sigma
 - chain 2: sigma
 - chain 3: sigma
 - chain 4: sigma

To disable this message use options(cmdstanr_warn_inits = FALSE).

Error : Failed to fit model ecxll5.
Finding initial values which allow the response to be fitted using a ecxll4 model and a gaussian distribution.
Response variable modelled as a ecxwb2p3 model using a gaussian distribution.
Finding initial values which allow the response to be fitted using a ecxll5 model and a gaussian distribution.
Response variable modelled as a ecxwb1p3 model using a gaussian distribution.
Finding initial values which allow the response to be fitted using a ecxwb2p3 model and a gaussian distribution.
Response variable modelled as a ecxll4 model using a gaussian distribution.
Finding initial values which allow the response to be fitted using a ecxll3 model and a gaussian distribution.
Response variable modelled as a ecxwb1 model using a gaussian distribution.
Finding initial values which allow the response to be fitted using a ecxwb2 model and a gaussian distribution.
Response variable modelled as a ecxwb2 model using a gaussian distribution.
Finding initial values which allow the response to be fitted using a ecxwb1p3 model and a gaussian distribution.
Init values were only set for a subset of parameters. 
Missing init values for the following parameters:
 - chain 1: sigma
 - chain 2: sigma
 - chain 3: sigma
 - chain 4: sigma

To disable this message use options(cmdstanr_warn_inits = FALSE).

Init values were only set for a subset of parameters. 
Missing init values for the following parameters:
 - chain 1: sigma
 - chain 2: sigma
 - chain 3: sigma
 - chain 4: sigma

To disable this message use options(cmdstanr_warn_inits = FALSE).

Warning: 52 of 4000 (1.0%) transitions ended with a divergence.
See https://mc-stan.org/misc/warnings for details.

Error : Failed to fit model ecxll5.
Finding initial values which allow the response to be fitted using a ecxll4 model and a gaussian distribution.
Init values were only set for a subset of parameters. 
Missing init values for the following parameters:
 - chain 1: sigma
 - chain 2: sigma
 - chain 3: sigma
 - chain 4: sigma

To disable this message use options(cmdstanr_warn_inits = FALSE).

Response variable modelled as a ecxwb1 model using a gaussian distribution.
Finding initial values which allow the response to be fitted using a ecxwb2 model and a gaussian distribution.
Response variable modelled as a ecxwb2p3 model using a gaussian distribution.
Finding initial values which allow the response to be fitted using a ecxll5 model and a gaussian distribution.
Init values were only set for a subset of parameters. 
Missing init values for the following parameters:
 - chain 1: sigma
 - chain 2: sigma
 - chain 3: sigma
 - chain 4: sigma

To disable this message use options(cmdstanr_warn_inits = FALSE).

Init values were only set for a subset of parameters. 
Missing init values for the following parameters:
 - chain 1: sigma
 - chain 2: sigma
 - chain 3: sigma
 - chain 4: sigma

To disable this message use options(cmdstanr_warn_inits = FALSE).

Init values were only set for a subset of parameters. 
Missing init values for the following parameters:
 - chain 1: sigma
 - chain 2: sigma
 - chain 3: sigma
 - chain 4: sigma

To disable this message use options(cmdstanr_warn_inits = FALSE).

Init values were only set for a subset of parameters. 
Missing init values for the following parameters:
 - chain 1: sigma
 - chain 2: sigma
 - chain 3: sigma
 - chain 4: sigma

To disable this message use options(cmdstanr_warn_inits = FALSE).

Init values were only set for a subset of parameters. 
Missing init values for the following parameters:
 - chain 1: sigma
 - chain 2: sigma
 - chain 3: sigma
 - chain 4: sigma

To disable this message use options(cmdstanr_warn_inits = FALSE).

Response variable modelled as a ecxll3 model using a gaussian distribution.
Fitted models are: nec3param nec4param neclin ecxlin ecxexp ecxsigm ecx4param ecxwb1 ecxwb2 ecxwb1p3 ecxwb2p3 ecxll4 ecxll3
Init values were only set for a subset of parameters. 
Missing init values for the following parameters:
 - chain 1: sigma
 - chain 2: sigma
 - chain 3: sigma
 - chain 4: sigma

To disable this message use options(cmdstanr_warn_inits = FALSE).

Response variable modelled as a ecxll4 model using a gaussian distribution.
Finding initial values which allow the response to be fitted using a ecxll3 model and a gaussian distribution.
Response variable modelled as a ecxll3 model using a gaussian distribution.
Fitted models are: nec3param nec4param neclin ecxlin ecxexp ecxsigm ecx4param ecxwb1 ecxwb2 ecxwb1p3 ecxwb2p3 ecxll5 ecxll4 ecxll3
Response variable modelled as a ecxwb2p3 model using a gaussian distribution.
Finding initial values which allow the response to be fitted using a ecxll5 model and a gaussian distribution.
Response variable modelled as a ecxwb1p3 model using a gaussian distribution.
Finding initial values which allow the response to be fitted using a ecxwb2p3 model and a gaussian distribution.
Response variable modelled as a ecxwb1 model using a gaussian distribution.
Finding initial values which allow the response to be fitted using a ecxwb2 model and a gaussian distribution.
Warning: 43 of 8000 (1.0%) transitions ended with a divergence.
See https://mc-stan.org/misc/warnings for details.

Response variable modelled as a ecxll5 model using a gaussian distribution.
Finding initial values which allow the response to be fitted using a ecxll4 model and a gaussian distribution.
Init values were only set for a subset of parameters. 
Missing init values for the following parameters:
 - chain 1: sigma
 - chain 2: sigma
 - chain 3: sigma
 - chain 4: sigma

To disable this message use options(cmdstanr_warn_inits = FALSE).

Init values were only set for a subset of parameters. 
Missing init values for the following parameters:
 - chain 1: sigma
 - chain 2: sigma
 - chain 3: sigma
 - chain 4: sigma

To disable this message use options(cmdstanr_warn_inits = FALSE).

Response variable modelled as a ecxwb1 model using a gaussian distribution.
Finding initial values which allow the response to be fitted using a ecxwb2 model and a gaussian distribution.
Init values were only set for a subset of parameters. 
Missing init values for the following parameters:
 - chain 1: sigma
 - chain 2: sigma
 - chain 3: sigma
 - chain 4: sigma

To disable this message use options(cmdstanr_warn_inits = FALSE).

The fitted ecxlin curve does not fall to the control's 0.01 quantile within the predictor range for 80 of 8000 draws. Those draws are excluded from the NSEC summary, which is therefore censored above the highest concentration tested.
Init values were only set for a subset of parameters. 
Missing init values for the following parameters:
 - chain 1: sigma
 - chain 2: sigma
 - chain 3: sigma
 - chain 4: sigma

To disable this message use options(cmdstanr_warn_inits = FALSE).

The fitted ecxlin curve does not fall to the control's 0.01 quantile within the predictor range for 80 of 8000 draws. Those draws are excluded from the NSEC summary, which is therefore censored above the highest concentration tested.
The fitted ecxexp curve does not fall to the control's 0.01 quantile within the predictor range for 80 of 8000 draws. Those draws are excluded from the NSEC summary, which is therefore censored above the highest concentration tested.
Init values were only set for a subset of parameters. 
Missing init values for the following parameters:
 - chain 1: sigma
 - chain 2: sigma
 - chain 3: sigma
 - chain 4: sigma

To disable this message use options(cmdstanr_warn_inits = FALSE).

Init values were only set for a subset of parameters. 
Missing init values for the following parameters:
 - chain 1: sigma
 - chain 2: sigma
 - chain 3: sigma
 - chain 4: sigma

To disable this message use options(cmdstanr_warn_inits = FALSE).

Response variable modelled as a ecxwb2 model using a gaussian distribution.
Finding initial values which allow the response to be fitted using a ecxwb1p3 model and a gaussian distribution.
Warning: 1663 of 8000 (21.0%) transitions ended with a divergence.
See https://mc-stan.org/misc/warnings for details.

Response variable modelled as a ecxll5 model using a gaussian distribution.
Finding initial values which allow the response to be fitted using a ecxll4 model and a gaussian distribution.
Init values were only set for a subset of parameters. 
Missing init values for the following parameters:
 - chain 1: sigma
 - chain 2: sigma
 - chain 3: sigma
 - chain 4: sigma

To disable this message use options(cmdstanr_warn_inits = FALSE).

Warning: 158 of 8000 (2.0%) transitions ended with a divergence.
See https://mc-stan.org/misc/warnings for details.

Response variable modelled as a ecxll5 model using a gaussian distribution.
Finding initial values which allow the response to be fitted using a ecxll4 model and a gaussian distribution.
The fitted ecxexp curve does not fall to the control's 0.01 quantile within the predictor range for 80 of 8000 draws. Those draws are excluded from the NSEC summary, which is therefore censored above the highest concentration tested.
Init values were only set for a subset of parameters. 
Missing init values for the following parameters:
 - chain 1: sigma
 - chain 2: sigma
 - chain 3: sigma
 - chain 4: sigma

To disable this message use options(cmdstanr_warn_inits = FALSE).

Response variable modelled as a ecxll3 model using a gaussian distribution.
Fitted models are: nec3param nec4param neclin ecxlin ecxexp ecxsigm ecx4param ecxwb1 ecxwb2 ecxwb1p3 ecxwb2p3 ecxll4 ecxll3
Response variable modelled as a ecxwb2 model using a gaussian distribution.
Finding initial values which allow the response to be fitted using a ecxwb1p3 model and a gaussian distribution.
The fitted ecxsigm curve does not fall to the control's 0.01 quantile within the predictor range for 80 of 8000 draws. Those draws are excluded from the NSEC summary, which is therefore censored above the highest concentration tested.
Init values were only set for a subset of parameters. 
Missing init values for the following parameters:
 - chain 1: sigma
 - chain 2: sigma
 - chain 3: sigma
 - chain 4: sigma

To disable this message use options(cmdstanr_warn_inits = FALSE).

Response variable modelled as a ecxll4 model using a gaussian distribution.
Finding initial values which allow the response to be fitted using a ecxll3 model and a gaussian distribution.
Response variable modelled as a ecxwb2p3 model using a gaussian distribution.
Finding initial values which allow the response to be fitted using a ecxll5 model and a gaussian distribution.
The fitted ecxsigm curve does not fall to the control's 0.01 quantile within the predictor range for 80 of 8000 draws. Those draws are excluded from the NSEC summary, which is therefore censored above the highest concentration tested.
The fitted ecx4param curve does not fall to the control's 0.01 quantile within the predictor range for 80 of 8000 draws. Those draws are excluded from the NSEC summary, which is therefore censored above the highest concentration tested.
Still searching for initial values for the ecxll5 model (129 of 10000 attempts so far). This can take a few minutes for a small or awkward design; the fit will proceed on Stan's default initialisation if it does not succeed.
The fitted ecx4param curve does not fall to the control's 0.01 quantile within the predictor range for 80 of 8000 draws. Those draws are excluded from the NSEC summary, which is therefore censored above the highest concentration tested.
Init values were only set for a subset of parameters. 
Missing init values for the following parameters:
 - chain 1: sigma
 - chain 2: sigma
 - chain 3: sigma
 - chain 4: sigma

To disable this message use options(cmdstanr_warn_inits = FALSE).

The fitted ecxwb1 curve does not fall to the control's 0.01 quantile within the predictor range for 80 of 8000 draws. Those draws are excluded from the NSEC summary, which is therefore censored above the highest concentration tested.
Init values were only set for a subset of parameters. 
Missing init values for the following parameters:
 - chain 1: sigma
 - chain 2: sigma
 - chain 3: sigma
 - chain 4: sigma

To disable this message use options(cmdstanr_warn_inits = FALSE).

The fitted ecxwb1 curve does not fall to the control's 0.01 quantile within the predictor range for 80 of 8000 draws. Those draws are excluded from the NSEC summary, which is therefore censored above the highest concentration tested.
Init values were only set for a subset of parameters. 
Missing init values for the following parameters:
 - chain 1: sigma
 - chain 2: sigma
 - chain 3: sigma
 - chain 4: sigma

To disable this message use options(cmdstanr_warn_inits = FALSE).

Init values were only set for a subset of parameters. 
Missing init values for the following parameters:
 - chain 1: sigma
 - chain 2: sigma
 - chain 3: sigma
 - chain 4: sigma

To disable this message use options(cmdstanr_warn_inits = FALSE).

Response variable modelled as a ecxll4 model using a gaussian distribution.
Finding initial values which allow the response to be fitted using a ecxll3 model and a gaussian distribution.
The fitted ecxlin curve does not fall to the control's 0.01 quantile within the predictor range for 80 of 8000 draws. Those draws are excluded from the NSEC summary, which is therefore censored above the highest concentration tested.
Init values were only set for a subset of parameters. 
Missing init values for the following parameters:
 - chain 1: sigma
 - chain 2: sigma
 - chain 3: sigma
 - chain 4: sigma

To disable this message use options(cmdstanr_warn_inits = FALSE).

Warning: 6 of 8000 (0.0%) transitions ended with a divergence.
See https://mc-stan.org/misc/warnings for details.

Response variable modelled as a ecxwb1p3 model using a gaussian distribution.
Finding initial values which allow the response to be fitted using a ecxwb2p3 model and a gaussian distribution.
The fitted ecxwb2 curve does not fall to the control's 0.01 quantile within the predictor range for 80 of 8000 draws. Those draws are excluded from the NSEC summary, which is therefore censored above the highest concentration tested.
The fitted ecxwb2 curve does not fall to the control's 0.01 quantile within the predictor range for 80 of 8000 draws. Those draws are excluded from the NSEC summary, which is therefore censored above the highest concentration tested.
The fitted ecxexp curve does not fall to the control's 0.01 quantile within the predictor range for 80 of 8000 draws. Those draws are excluded from the NSEC summary, which is therefore censored above the highest concentration tested.
Response variable modelled as a ecxwb1p3 model using a gaussian distribution.
Finding initial values which allow the response to be fitted using a ecxwb2p3 model and a gaussian distribution.
Response variable modelled as a ecxwb2 model using a gaussian distribution.
Finding initial values which allow the response to be fitted using a ecxwb1p3 model and a gaussian distribution.
The fitted ecxwb1p3 curve does not fall to the control's 0.01 quantile within the predictor range for 80 of 8000 draws. Those draws are excluded from the NSEC summary, which is therefore censored above the highest concentration tested.
Response variable modelled as a ecxll4 model using a gaussian distribution.
Finding initial values which allow the response to be fitted using a ecxll3 model and a gaussian distribution.
Init values were only set for a subset of parameters. 
Missing init values for the following parameters:
 - chain 1: sigma
 - chain 2: sigma
 - chain 3: sigma
 - chain 4: sigma

To disable this message use options(cmdstanr_warn_inits = FALSE).

The fitted ecxsigm curve does not fall to the control's 0.01 quantile within the predictor range for 80 of 8000 draws. Those draws are excluded from the NSEC summary, which is therefore censored above the highest concentration tested.
Warning: 1562 of 8000 (20.0%) transitions ended with a divergence.
See https://mc-stan.org/misc/warnings for details.

Response variable modelled as a ecxll5 model using a gaussian distribution.
Finding initial values which allow the response to be fitted using a ecxll4 model and a gaussian distribution.
The fitted ecxwb1p3 curve does not fall to the control's 0.01 quantile within the predictor range for 80 of 8000 draws. Those draws are excluded from the NSEC summary, which is therefore censored above the highest concentration tested.
Response variable modelled as a ecxll3 model using a gaussian distribution.
Fitted models are: nec3param nec4param neclin ecxlin ecxexp ecxsigm ecx4param ecxwb1 ecxwb2 ecxwb1p3 ecxwb2p3 ecxll4 ecxll3
Warning: 192 of 6000 (3.0%) transitions ended with a divergence.
See https://mc-stan.org/misc/warnings for details.

Error : Failed to fit model ecxll5.
Finding initial values which allow the response to be fitted using a ecxll4 model and a gaussian distribution.
The fitted ecxwb2p3 curve does not fall to the control's 0.01 quantile within the predictor range for 80 of 8000 draws. Those draws are excluded from the NSEC summary, which is therefore censored above the highest concentration tested.
Init values were only set for a subset of parameters. 
Missing init values for the following parameters:
 - chain 1: sigma
 - chain 2: sigma
 - chain 3: sigma
 - chain 4: sigma

To disable this message use options(cmdstanr_warn_inits = FALSE).

The fitted ecxwb2p3 curve does not fall to the control's 0.01 quantile within the predictor range for 80 of 8000 draws. Those draws are excluded from the NSEC summary, which is therefore censored above the highest concentration tested.
The fitted ecx4param curve does not fall to the control's 0.01 quantile within the predictor range for 80 of 8000 draws. Those draws are excluded from the NSEC summary, which is therefore censored above the highest concentration tested.
Response variable modelled as a ecxll4 model using a gaussian distribution.
Finding initial values which allow the response to be fitted using a ecxll3 model and a gaussian distribution.
The fitted ecxll4 curve does not fall to the control's 0.01 quantile within the predictor range for 80 of 8000 draws. Those draws are excluded from the NSEC summary, which is therefore censored above the highest concentration tested.
Init values were only set for a subset of parameters. 
Missing init values for the following parameters:
 - chain 1: sigma
 - chain 2: sigma
 - chain 3: sigma
 - chain 4: sigma

To disable this message use options(cmdstanr_warn_inits = FALSE).

The fitted ecxll5 curve does not fall to the control's 0.01 quantile within the predictor range for 80 of 8000 draws. Those draws are excluded from the NSEC summary, which is therefore censored above the highest concentration tested.
The fitted ecxwb1 curve does not fall to the control's 0.01 quantile within the predictor range for 80 of 8000 draws. Those draws are excluded from the NSEC summary, which is therefore censored above the highest concentration tested.
Init values were only set for a subset of parameters. 
Missing init values for the following parameters:
 - chain 1: sigma
 - chain 2: sigma
 - chain 3: sigma
 - chain 4: sigma

To disable this message use options(cmdstanr_warn_inits = FALSE).

Init values were only set for a subset of parameters. 
Missing init values for the following parameters:
 - chain 1: sigma
 - chain 2: sigma
 - chain 3: sigma
 - chain 4: sigma

To disable this message use options(cmdstanr_warn_inits = FALSE).

Response variable modelled as a ecxll3 model using a gaussian distribution.
Fitted models are: nec3param nec4param neclin ecxlin ecxexp ecxsigm ecx4param ecxwb2 ecxwb1p3 ecxwb2p3 ecxll5 ecxll4 ecxll3
Init values were only set for a subset of parameters. 
Missing init values for the following parameters:
 - chain 1: sigma
 - chain 2: sigma
 - chain 3: sigma
 - chain 4: sigma

To disable this message use options(cmdstanr_warn_inits = FALSE).

The fitted ecxll3 curve does not fall to the control's 0.01 quantile within the predictor range for 80 of 8000 draws. Those draws are excluded from the NSEC summary, which is therefore censored above the highest concentration tested.
The fitted ecxll4 curve does not fall to the control's 0.01 quantile within the predictor range for 80 of 8000 draws. Those draws are excluded from the NSEC summary, which is therefore censored above the highest concentration tested.
The fitted ecxlin curve does not fall to the control's 0.01 quantile within the predictor range for 80 of 8000 draws. Those draws are excluded from the NSEC summary, which is therefore censored above the highest concentration tested.
The fitted ecxwb2 curve does not fall to the control's 0.01 quantile within the predictor range for 80 of 8000 draws. Those draws are excluded from the NSEC summary, which is therefore censored above the highest concentration tested.
Warning: 23 of 8000 (0.0%) transitions ended with a divergence.
See https://mc-stan.org/misc/warnings for details.

Init values were only set for a subset of parameters. 
Missing init values for the following parameters:
 - chain 1: sigma
 - chain 2: sigma
 - chain 3: sigma
 - chain 4: sigma

To disable this message use options(cmdstanr_warn_inits = FALSE).

Response variable modelled as a ecxwb2p3 model using a gaussian distribution.
Finding initial values which allow the response to be fitted using a ecxll5 model and a gaussian distribution.
Init values were only set for a subset of parameters. 
Missing init values for the following parameters:
 - chain 1: sigma
 - chain 2: sigma
 - chain 3: sigma
 - chain 4: sigma

To disable this message use options(cmdstanr_warn_inits = FALSE).

Response variable modelled as a ecxll3 model using a gaussian distribution.
Fitted models are: nec3param nec4param neclin ecxlin ecxexp ecxsigm ecx4param ecxwb1 ecxwb2 ecxwb1p3 ecxwb2p3 ecxll5 ecxll4 ecxll3
Response variable modelled as a ecxwb1p3 model using a gaussian distribution.
Finding initial values which allow the response to be fitted using a ecxwb2p3 model and a gaussian distribution.
The fitted ecxexp curve does not fall to the control's 0.01 quantile within the predictor range for 80 of 8000 draws. Those draws are excluded from the NSEC summary, which is therefore censored above the highest concentration tested.
The fitted ecxll3 curve does not fall to the control's 0.01 quantile within the predictor range for 80 of 8000 draws. Those draws are excluded from the NSEC summary, which is therefore censored above the highest concentration tested.
Warning: 1 of 8000 (0.0%) transitions ended with a divergence.
See https://mc-stan.org/misc/warnings for details.

Response variable modelled as a ecxwb2p3 model using a gaussian distribution.
Finding initial values which allow the response to be fitted using a ecxll5 model and a gaussian distribution.
The fitted ecxwb1p3 curve does not fall to the control's 0.01 quantile within the predictor range for 80 of 8000 draws. Those draws are excluded from the NSEC summary, which is therefore censored above the highest concentration tested.
Init values were only set for a subset of parameters. 
Missing init values for the following parameters:
 - chain 1: sigma
 - chain 2: sigma
 - chain 3: sigma
 - chain 4: sigma

To disable this message use options(cmdstanr_warn_inits = FALSE).

Warning: 383 of 6000 (6.0%) transitions ended with a divergence.
See https://mc-stan.org/misc/warnings for details.

Error : Failed to fit model ecxll5.
Finding initial values which allow the response to be fitted using a ecxll4 model and a gaussian distribution.
Response variable modelled as a ecxll4 model using a gaussian distribution.
Finding initial values which allow the response to be fitted using a ecxll3 model and a gaussian distribution.
The fitted ecxsigm curve does not fall to the control's 0.01 quantile within the predictor range for 80 of 8000 draws. Those draws are excluded from the NSEC summary, which is therefore censored above the highest concentration tested.
The fitted ecxwb2p3 curve does not fall to the control's 0.01 quantile within the predictor range for 80 of 8000 draws. Those draws are excluded from the NSEC summary, which is therefore censored above the highest concentration tested.
The fitted ecxlin curve does not fall to the control's 0.01 quantile within the predictor range for 80 of 8000 draws. Those draws are excluded from the NSEC summary, which is therefore censored above the highest concentration tested.
Response variable modelled as a ecxll4 model using a gaussian distribution.
Finding initial values which allow the response to be fitted using a ecxll3 model and a gaussian distribution.
Response variable modelled as a ecxwb2 model using a gaussian distribution.
Finding initial values which allow the response to be fitted using a ecxwb1p3 model and a gaussian distribution.
Response variable modelled as a ecxll3 model using a gaussian distribution.
Fitted models are: nec3param nec4param neclin ecxlin ecxexp ecxsigm ecx4param ecxwb1 ecxwb2 ecxwb1p3 ecxwb2p3 ecxll5 ecxll4 ecxll3
Warning: 638 of 8000 (8.0%) transitions ended with a divergence.
See https://mc-stan.org/misc/warnings for details.

Response variable modelled as a ecxll5 model using a gaussian distribution.
Finding initial values which allow the response to be fitted using a ecxll4 model and a gaussian distribution.
The fitted ecxexp curve does not fall to the control's 0.01 quantile within the predictor range for 80 of 8000 draws. Those draws are excluded from the NSEC summary, which is therefore censored above the highest concentration tested.
The fitted ecx4param curve does not fall to the control's 0.01 quantile within the predictor range for 80 of 8000 draws. Those draws are excluded from the NSEC summary, which is therefore censored above the highest concentration tested.
The fitted ecxll4 curve does not fall to the control's 0.01 quantile within the predictor range for 80 of 8000 draws. Those draws are excluded from the NSEC summary, which is therefore censored above the highest concentration tested.
The fitted ecxlin curve does not fall to the control's 0.01 quantile within the predictor range for 80 of 8000 draws. Those draws are excluded from the NSEC summary, which is therefore censored above the highest concentration tested.
Init values were only set for a subset of parameters. 
Missing init values for the following parameters:
 - chain 1: sigma
 - chain 2: sigma
 - chain 3: sigma
 - chain 4: sigma

To disable this message use options(cmdstanr_warn_inits = FALSE).

The fitted ecxll3 curve does not fall to the control's 0.01 quantile within the predictor range for 80 of 8000 draws. Those draws are excluded from the NSEC summary, which is therefore censored above the highest concentration tested.
The fitted ecxsigm curve does not fall to the control's 0.01 quantile within the predictor range for 80 of 8000 draws. Those draws are excluded from the NSEC summary, which is therefore censored above the highest concentration tested.
The fitted ecxwb1 curve does not fall to the control's 0.01 quantile within the predictor range for 80 of 8000 draws. Those draws are excluded from the NSEC summary, which is therefore censored above the highest concentration tested.
Init values were only set for a subset of parameters. 
Missing init values for the following parameters:
 - chain 1: sigma
 - chain 2: sigma
 - chain 3: sigma
 - chain 4: sigma

To disable this message use options(cmdstanr_warn_inits = FALSE).

The fitted ecxexp curve does not fall to the control's 0.01 quantile within the predictor range for 80 of 8000 draws. Those draws are excluded from the NSEC summary, which is therefore censored above the highest concentration tested.
Init values were only set for a subset of parameters. 
Missing init values for the following parameters:
 - chain 1: sigma
 - chain 2: sigma
 - chain 3: sigma
 - chain 4: sigma

To disable this message use options(cmdstanr_warn_inits = FALSE).

Init values were only set for a subset of parameters. 
Missing init values for the following parameters:
 - chain 1: sigma
 - chain 2: sigma
 - chain 3: sigma
 - chain 4: sigma

To disable this message use options(cmdstanr_warn_inits = FALSE).

Init values were only set for a subset of parameters. 
Missing init values for the following parameters:
 - chain 1: sigma
 - chain 2: sigma
 - chain 3: sigma
 - chain 4: sigma

To disable this message use options(cmdstanr_warn_inits = FALSE).

The fitted ecxwb2 curve does not fall to the control's 0.01 quantile within the predictor range for 80 of 8000 draws. Those draws are excluded from the NSEC summary, which is therefore censored above the highest concentration tested.
The fitted ecx4param curve does not fall to the control's 0.01 quantile within the predictor range for 80 of 8000 draws. Those draws are excluded from the NSEC summary, which is therefore censored above the highest concentration tested.
Response variable modelled as a ecxwb2p3 model using a gaussian distribution.
Finding initial values which allow the response to be fitted using a ecxll5 model and a gaussian distribution.
The fitted ecxsigm curve does not fall to the control's 0.01 quantile within the predictor range for 80 of 8000 draws. Those draws are excluded from the NSEC summary, which is therefore censored above the highest concentration tested.
Init values were only set for a subset of parameters. 
Missing init values for the following parameters:
 - chain 1: sigma
 - chain 2: sigma
 - chain 3: sigma
 - chain 4: sigma

To disable this message use options(cmdstanr_warn_inits = FALSE).

Init values were only set for a subset of parameters. 
Missing init values for the following parameters:
 - chain 1: sigma
 - chain 2: sigma
 - chain 3: sigma
 - chain 4: sigma

To disable this message use options(cmdstanr_warn_inits = FALSE).

The fitted ecxlin curve does not fall to the control's 0.01 quantile within the predictor range for 80 of 8000 draws. Those draws are excluded from the NSEC summary, which is therefore censored above the highest concentration tested.
Warning: 404 of 6000 (7.0%) transitions ended with a divergence.
See https://mc-stan.org/misc/warnings for details.

Error : Failed to fit model ecxll5.
Finding initial values which allow the response to be fitted using a ecxll4 model and a gaussian distribution.
Response variable modelled as a ecxll3 model using a gaussian distribution.
Fitted models are: nec3param nec4param neclin ecxlin ecxexp ecxsigm ecx4param ecxwb1 ecxwb2 ecxwb1p3 ecxwb2p3 ecxll4 ecxll3
The fitted ecxwb1p3 curve does not fall to the control's 0.01 quantile within the predictor range for 80 of 8000 draws. Those draws are excluded from the NSEC summary, which is therefore censored above the highest concentration tested.
Init values were only set for a subset of parameters. 
Missing init values for the following parameters:
 - chain 1: sigma
 - chain 2: sigma
 - chain 3: sigma
 - chain 4: sigma

To disable this message use options(cmdstanr_warn_inits = FALSE).

The fitted ecxwb2 curve does not fall to the control's 0.01 quantile within the predictor range for 80 of 8000 draws. Those draws are excluded from the NSEC summary, which is therefore censored above the highest concentration tested.
The fitted ecxexp curve does not fall to the control's 0.01 quantile within the predictor range for 80 of 8000 draws. Those draws are excluded from the NSEC summary, which is therefore censored above the highest concentration tested.
The fitted ecx4param curve does not fall to the control's 0.01 quantile within the predictor range for 80 of 8000 draws. Those draws are excluded from the NSEC summary, which is therefore censored above the highest concentration tested.
Response variable modelled as a ecxll3 model using a gaussian distribution.
Fitted models are: nec3param nec4param neclin ecxlin ecxexp ecxsigm ecx4param ecxwb1 ecxwb2 ecxwb1p3 ecxwb2p3 ecxll5 ecxll4 ecxll3
Response variable modelled as a ecxwb1p3 model using a gaussian distribution.
Finding initial values which allow the response to be fitted using a ecxwb2p3 model and a gaussian distribution.
The fitted ecxwb2p3 curve does not fall to the control's 0.01 quantile within the predictor range for 80 of 8000 draws. Those draws are excluded from the NSEC summary, which is therefore censored above the highest concentration tested.
The fitted ecxsigm curve does not fall to the control's 0.01 quantile within the predictor range for 80 of 8000 draws. Those draws are excluded from the NSEC summary, which is therefore censored above the highest concentration tested.
The fitted ecxwb1p3 curve does not fall to the control's 0.01 quantile within the predictor range for 80 of 8000 draws. Those draws are excluded from the NSEC summary, which is therefore censored above the highest concentration tested.
The fitted ecxwb1 curve does not fall to the control's 0.01 quantile within the predictor range for 80 of 8000 draws. Those draws are excluded from the NSEC summary, which is therefore censored above the highest concentration tested.
The fitted ecxll4 curve does not fall to the control's 0.01 quantile within the predictor range for 80 of 8000 draws. Those draws are excluded from the NSEC summary, which is therefore censored above the highest concentration tested.
The fitted ecxwb2p3 curve does not fall to the control's 0.01 quantile within the predictor range for 80 of 8000 draws. Those draws are excluded from the NSEC summary, which is therefore censored above the highest concentration tested.
The fitted ecx4param curve does not fall to the control's 0.01 quantile within the predictor range for 80 of 8000 draws. Those draws are excluded from the NSEC summary, which is therefore censored above the highest concentration tested.
Init values were only set for a subset of parameters. 
Missing init values for the following parameters:
 - chain 1: sigma
 - chain 2: sigma
 - chain 3: sigma
 - chain 4: sigma

To disable this message use options(cmdstanr_warn_inits = FALSE).

Init values were only set for a subset of parameters. 
Missing init values for the following parameters:
 - chain 1: sigma
 - chain 2: sigma
 - chain 3: sigma
 - chain 4: sigma

To disable this message use options(cmdstanr_warn_inits = FALSE).

The fitted ecxwb2 curve does not fall to the control's 0.01 quantile within the predictor range for 80 of 8000 draws. Those draws are excluded from the NSEC summary, which is therefore censored above the highest concentration tested.
The fitted ecxlin curve does not fall to the control's 0.01 quantile within the predictor range for 80 of 8000 draws. Those draws are excluded from the NSEC summary, which is therefore censored above the highest concentration tested.
The fitted ecxll3 curve does not fall to the control's 0.01 quantile within the predictor range for 80 of 8000 draws. Those draws are excluded from the NSEC summary, which is therefore censored above the highest concentration tested.
The fitted ecxlin curve does not fall to the control's 0.01 quantile within the predictor range for 80 of 8000 draws. Those draws are excluded from the NSEC summary, which is therefore censored above the highest concentration tested.
Response variable modelled as a ecxll4 model using a gaussian distribution.
Finding initial values which allow the response to be fitted using a ecxll3 model and a gaussian distribution.
The fitted ecxwb1 curve does not fall to the control's 0.01 quantile within the predictor range for 80 of 8000 draws. Those draws are excluded from the NSEC summary, which is therefore censored above the highest concentration tested.
The fitted ecxwb1p3 curve does not fall to the control's 0.01 quantile within the predictor range for 80 of 8000 draws. Those draws are excluded from the NSEC summary, which is therefore censored above the highest concentration tested.
The fitted ecxll5 curve does not fall to the control's 0.01 quantile within the predictor range for 80 of 8000 draws. Those draws are excluded from the NSEC summary, which is therefore censored above the highest concentration tested.
Init values were only set for a subset of parameters. 
Missing init values for the following parameters:
 - chain 1: sigma
 - chain 2: sigma
 - chain 3: sigma
 - chain 4: sigma

To disable this message use options(cmdstanr_warn_inits = FALSE).

Response variable modelled as a ecxll4 model using a gaussian distribution.
Finding initial values which allow the response to be fitted using a ecxll3 model and a gaussian distribution.
The fitted ecxexp curve does not fall to the control's 0.01 quantile within the predictor range for 80 of 8000 draws. Those draws are excluded from the NSEC summary, which is therefore censored above the highest concentration tested.
The fitted ecxexp curve does not fall to the control's 0.01 quantile within the predictor range for 80 of 8000 draws. Those draws are excluded from the NSEC summary, which is therefore censored above the highest concentration tested.
The fitted ecxwb2p3 curve does not fall to the control's 0.01 quantile within the predictor range for 80 of 8000 draws. Those draws are excluded from the NSEC summary, which is therefore censored above the highest concentration tested.
The fitted ecxwb2 curve does not fall to the control's 0.01 quantile within the predictor range for 80 of 8000 draws. Those draws are excluded from the NSEC summary, which is therefore censored above the highest concentration tested.
The fitted ecxll4 curve does not fall to the control's 0.01 quantile within the predictor range for 80 of 8000 draws. Those draws are excluded from the NSEC summary, which is therefore censored above the highest concentration tested.
Response variable modelled as a ecxwb2p3 model using a gaussian distribution.
Finding initial values which allow the response to be fitted using a ecxll5 model and a gaussian distribution.
The fitted ecxsigm curve does not fall to the control's 0.01 quantile within the predictor range for 80 of 8000 draws. Those draws are excluded from the NSEC summary, which is therefore censored above the highest concentration tested.
Response variable modelled as a ecxll4 model using a gaussian distribution.
Finding initial values which allow the response to be fitted using a ecxll3 model and a gaussian distribution.
The fitted ecxsigm curve does not fall to the control's 0.01 quantile within the predictor range for 80 of 8000 draws. Those draws are excluded from the NSEC summary, which is therefore censored above the highest concentration tested.
The fitted ecxll5 curve does not fall to the control's 0.01 quantile within the predictor range for 80 of 8000 draws. Those draws are excluded from the NSEC summary, which is therefore censored above the highest concentration tested.
The fitted ecxwb1p3 curve does not fall to the control's 0.01 quantile within the predictor range for 80 of 8000 draws. Those draws are excluded from the NSEC summary, which is therefore censored above the highest concentration tested.
The fitted ecxll3 curve does not fall to the control's 0.01 quantile within the predictor range for 80 of 8000 draws. Those draws are excluded from the NSEC summary, which is therefore censored above the highest concentration tested.
The fitted ecx4param curve does not fall to the control's 0.01 quantile within the predictor range for 80 of 8000 draws. Those draws are excluded from the NSEC summary, which is therefore censored above the highest concentration tested.
The fitted ecx4param curve does not fall to the control's 0.01 quantile within the predictor range for 80 of 8000 draws. Those draws are excluded from the NSEC summary, which is therefore censored above the highest concentration tested.
Init values were only set for a subset of parameters. 
Missing init values for the following parameters:
 - chain 1: sigma
 - chain 2: sigma
 - chain 3: sigma
 - chain 4: sigma

To disable this message use options(cmdstanr_warn_inits = FALSE).

The fitted ecxll4 curve does not fall to the control's 0.01 quantile within the predictor range for 80 of 8000 draws. Those draws are excluded from the NSEC summary, which is therefore censored above the highest concentration tested.
Warning: 496 of 4000 (12.0%) transitions ended with a divergence.
See https://mc-stan.org/misc/warnings for details.

The fitted ecxwb2p3 curve does not fall to the control's 0.01 quantile within the predictor range for 80 of 8000 draws. Those draws are excluded from the NSEC summary, which is therefore censored above the highest concentration tested.
Error : Failed to fit model ecxll5.
Finding initial values which allow the response to be fitted using a ecxll4 model and a gaussian distribution.
Init values were only set for a subset of parameters. 
Missing init values for the following parameters:
 - chain 1: sigma
 - chain 2: sigma
 - chain 3: sigma
 - chain 4: sigma

To disable this message use options(cmdstanr_warn_inits = FALSE).

The fitted ecxwb1 curve does not fall to the control's 0.01 quantile within the predictor range for 80 of 8000 draws. Those draws are excluded from the NSEC summary, which is therefore censored above the highest concentration tested.
The fitted ecxwb1 curve does not fall to the control's 0.01 quantile within the predictor range for 80 of 8000 draws. Those draws are excluded from the NSEC summary, which is therefore censored above the highest concentration tested.
The fitted ecxll3 curve does not fall to the control's 0.01 quantile within the predictor range for 80 of 8000 draws. Those draws are excluded from the NSEC summary, which is therefore censored above the highest concentration tested.
Response variable modelled as a ecxll3 model using a gaussian distribution.
Fitted models are: nec3param nec4param neclin ecxlin ecxexp ecxsigm ecx4param ecxwb1 ecxwb2 ecxwb1p3 ecxwb2p3 ecxll4 ecxll3
The fitted ecxll5 curve does not fall to the control's 0.01 quantile within the predictor range for 80 of 8000 draws. Those draws are excluded from the NSEC summary, which is therefore censored above the highest concentration tested.
Init values were only set for a subset of parameters. 
Missing init values for the following parameters:
 - chain 1: sigma
 - chain 2: sigma
 - chain 3: sigma
 - chain 4: sigma

To disable this message use options(cmdstanr_warn_inits = FALSE).

Error : Failed to fit model ecxll3.
Fitted models are: nec3param nec4param neclin ecxlin ecxexp ecxsigm ecx4param ecxwb1 ecxwb2 ecxwb1p3 ecxwb2p3 ecxll4
The fitted ecxwb2 curve does not fall to the control's 0.01 quantile within the predictor range for 80 of 8000 draws. Those draws are excluded from the NSEC summary, which is therefore censored above the highest concentration tested.
The fitted ecxwb2 curve does not fall to the control's 0.01 quantile within the predictor range for 80 of 8000 draws. Those draws are excluded from the NSEC summary, which is therefore censored above the highest concentration tested.
Init values were only set for a subset of parameters. 
Missing init values for the following parameters:
 - chain 1: sigma
 - chain 2: sigma
 - chain 3: sigma
 - chain 4: sigma

To disable this message use options(cmdstanr_warn_inits = FALSE).

The fitted ecxll4 curve does not fall to the control's 0.01 quantile within the predictor range for 80 of 8000 draws. Those draws are excluded from the NSEC summary, which is therefore censored above the highest concentration tested.
The control group's observed and simulated response differ by more than 15% for: nec3param, nec4param, neclin, ecxlin, ecxexp, ecxsigm, ecx4param, ecxwb1, ecxwb2, ecxwb1p3, ecxwb2p3, ecxll4, ecxll3.
nsec() reads its reference from the control, so this is the region most likely to move a reported no-effect concentration.
See check_fit() for the per-group table. This is a modelling result, not a fault.
built p3 floored | 13 equations
Finding initial values which allow the response to be fitted using a nec3param model and a gaussian distribution.
The fitted ecxwb1p3 curve does not fall to the control's 0.01 quantile within the predictor range for 80 of 8000 draws. Those draws are excluded from the NSEC summary, which is therefore censored above the highest concentration tested.
The fitted ecxwb1p3 curve does not fall to the control's 0.01 quantile within the predictor range for 80 of 8000 draws. Those draws are excluded from the NSEC summary, which is therefore censored above the highest concentration tested.
The fitted ecxll3 curve does not fall to the control's 0.01 quantile within the predictor range for 80 of 8000 draws. Those draws are excluded from the NSEC summary, which is therefore censored above the highest concentration tested.
Init values were only set for a subset of parameters. 
Missing init values for the following parameters:
 - chain 1: sigma
 - chain 2: sigma
 - chain 3: sigma
 - chain 4: sigma

To disable this message use options(cmdstanr_warn_inits = FALSE).

Response variable modelled as a ecxll3 model using a gaussian distribution.
Fitted models are: nec3param nec4param neclin ecxlin ecxexp ecxsigm ecx4param ecxwb1 ecxwb2 ecxwb1p3 ecxwb2p3 ecxll5 ecxll4 ecxll3
Warning: 34 of 8000 (0.0%) transitions ended with a divergence.
See https://mc-stan.org/misc/warnings for details.

Response variable modelled as a ecxll5 model using a gaussian distribution.
Finding initial values which allow the response to be fitted using a ecxll4 model and a gaussian distribution.
The fitted ecxwb2p3 curve does not fall to the control's 0.01 quantile within the predictor range for 80 of 8000 draws. Those draws are excluded from the NSEC summary, which is therefore censored above the highest concentration tested.
The fitted ecxwb2p3 curve does not fall to the control's 0.01 quantile within the predictor range for 80 of 8000 draws. Those draws are excluded from the NSEC summary, which is therefore censored above the highest concentration tested.
The fitted ecxlin curve does not fall to the control's 0.01 quantile within the predictor range for 80 of 8000 draws. Those draws are excluded from the NSEC summary, which is therefore censored above the highest concentration tested.
The fitted ecxlin curve does not fall to the control's 0.01 quantile within the predictor range for 80 of 8000 draws. Those draws are excluded from the NSEC summary, which is therefore censored above the highest concentration tested.
The control group's observed and simulated response differ by more than 15% for: neclin, ecxlin, ecxexp, ecxsigm, ecx4param, ecxwb1, ecxwb2, ecxwb2p3, ecxll4, ecxll3.
nsec() reads its reference from the control, so this is the region most likely to move a reported no-effect concentration.
See check_fit() for the per-group table. This is a modelling result, not a fault.
built d8 floored | 14 equations
Finding initial values which allow the response to be fitted using a nec3param model and a gaussian distribution.
The fitted ecxexp curve does not fall to the control's 0.01 quantile within the predictor range for 80 of 8000 draws. Those draws are excluded from the NSEC summary, which is therefore censored above the highest concentration tested.
The fitted ecxll4 curve does not fall to the control's 0.01 quantile within the predictor range for 80 of 8000 draws. Those draws are excluded from the NSEC summary, which is therefore censored above the highest concentration tested.
The fitted ecxll5 curve does not fall to the control's 0.01 quantile within the predictor range for 80 of 8000 draws. Those draws are excluded from the NSEC summary, which is therefore censored above the highest concentration tested.
The fitted ecxexp curve does not fall to the control's 0.01 quantile within the predictor range for 80 of 8000 draws. Those draws are excluded from the NSEC summary, which is therefore censored above the highest concentration tested.
Init values were only set for a subset of parameters. 
Missing init values for the following parameters:
 - chain 1: sigma
 - chain 2: sigma
 - chain 3: sigma
 - chain 4: sigma

To disable this message use options(cmdstanr_warn_inits = FALSE).

The fitted ecxsigm curve does not fall to the control's 0.01 quantile within the predictor range for 80 of 8000 draws. Those draws are excluded from the NSEC summary, which is therefore censored above the highest concentration tested.
The fitted ecxll3 curve does not fall to the control's 0.01 quantile within the predictor range for 80 of 8000 draws. Those draws are excluded from the NSEC summary, which is therefore censored above the highest concentration tested.
The fitted ecxll4 curve does not fall to the control's 0.01 quantile within the predictor range for 80 of 8000 draws. Those draws are excluded from the NSEC summary, which is therefore censored above the highest concentration tested.
Warning: 602 of 6000 (10.0%) transitions ended with a divergence.
See https://mc-stan.org/misc/warnings for details.

Warning: 2 of 6000 (0.0%) transitions hit the maximum treedepth limit of 12.
See https://mc-stan.org/misc/warnings for details.

Error : Failed to fit model ecxll5.
Finding initial values which allow the response to be fitted using a ecxll4 model and a gaussian distribution.
Loading required namespace: rstan
The control group's observed and simulated response differ by more than 15% for: nec3param, nec4param, neclin, ecxlin, ecxexp, ecx4param, ecxwb1, ecxwb2, ecxwb1p3, ecxwb2p3, ecxll4, ecxll3.
nsec() reads its reference from the control, so this is the region most likely to move a reported no-effect concentration.
See check_fit() for the per-group table. This is a modelling result, not a fault.
built p4 floored | 13 equations
Finding initial values which allow the response to be fitted using a nec3param model and a gaussian distribution.
The fitted ecxsigm curve does not fall to the control's 0.01 quantile within the predictor range for 80 of 8000 draws. Those draws are excluded from the NSEC summary, which is therefore censored above the highest concentration tested.
The fitted ecxlin curve does not fall to the control's 0.01 quantile within the predictor range for 80 of 8000 draws. Those draws are excluded from the NSEC summary, which is therefore censored above the highest concentration tested.
Init values were only set for a subset of parameters. 
Missing init values for the following parameters:
 - chain 1: sigma
 - chain 2: sigma
 - chain 3: sigma
 - chain 4: sigma

To disable this message use options(cmdstanr_warn_inits = FALSE).

Response variable modelled as a nec3param model using a gaussian distribution.
Finding initial values which allow the response to be fitted using a nec4param model and a gaussian distribution.
The fitted ecx4param curve does not fall to the control's 0.01 quantile within the predictor range for 80 of 8000 draws. Those draws are excluded from the NSEC summary, which is therefore censored above the highest concentration tested.
The fitted ecxll3 curve does not fall to the control's 0.01 quantile within the predictor range for 80 of 8000 draws. Those draws are excluded from the NSEC summary, which is therefore censored above the highest concentration tested.
The fitted ecx4param curve does not fall to the control's 0.01 quantile within the predictor range for 80 of 8000 draws. Those draws are excluded from the NSEC summary, which is therefore censored above the highest concentration tested.
The fitted ecxexp curve does not fall to the control's 0.01 quantile within the predictor range for 80 of 8000 draws. Those draws are excluded from the NSEC summary, which is therefore censored above the highest concentration tested.
The fitted ecxwb1 curve does not fall to the control's 0.01 quantile within the predictor range for 80 of 8000 draws. Those draws are excluded from the NSEC summary, which is therefore censored above the highest concentration tested.
Init values were only set for a subset of parameters. 
Missing init values for the following parameters:
 - chain 1: sigma
 - chain 2: sigma
 - chain 3: sigma
 - chain 4: sigma

To disable this message use options(cmdstanr_warn_inits = FALSE).

