"cell","arm","iteration","sigma_generated","sd_pred_control","sd_obs_control","sd_pred_floor","sd_obs_floor","control_ratio","gradient"
"p1","beta_ll",1,0.0114227536859671,0.0147468816281197,0.00976492115164585,0.00377574066365411,0,1.29100933396089,3.90569240363238
"p1","beta_ll",2,0.0114227536859671,0.0125739520026387,0.0107920553022192,0.00197966324644303,0,1.10078115560574,6.35156106738406
"p1","beta_ll",3,0.0114227536859671,0.0119977237374268,0.0127990377912482,0.00205407089986943,0,1.05033550291521,5.8409491795972
"p1","beta_ll",4,0.0114227536859671,0.0117651686009546,0.0103944093174124,0.00180472023814168,0,1.02997656470595,6.51910936238472
"p1","beta_ll",5,0.0114227536859671,0.0100245426456953,0.00836956383112482,0.00286849122455193,0,0.877594223012131,3.49470919063424
"p1","beta_ll",6,0.0114227536859671,0.0172042716320633,0.0100044779960717,0.00121087970459417,0,1.50614047234501,14.2080766295685
"p1","beta_ll",7,0.0114227536859671,0.0144205645696306,0.0133037353491961,0.00151595374198476,0,1.26244204909594,9.51253601627084
"p1","beta_ll",8,0.0114227536859671,0.0140998101797572,0.00857220998630632,0.00151535571620163,0,1.23436174563397,9.30462070984865
"p1","beta_ll",9,0.0114227536859671,0.0129931902805158,0.0112258064670464,0.00473352180221211,0,1.13748318818062,2.74493090418295
"p1","beta_ll",10,0.0114227536859671,0.0136264076425028,0.011181959588185,0.00639920993742432,0,1.1929179265454,2.12938906142332
"p1","beta_ll",11,0.0114227536859671,0.012553936021447,0.0111448726333246,0.00393130065901154,0,1.09902886524372,3.19332890316343
"p1","beta_ll",12,0.0114227536859671,0.0123957982377252,0.0103892484574265,0.00191921158008917,0,1.0851847617929,6.45879712603095
"p1","beta_ll",13,0.0114227536859671,0.0142296010246771,0.0164612845207562,0.00256143496707519,0,1.2457242286646,5.55532395223188
"p1","beta_ll",14,0.0114227536859671,0.0138728320338613,0.0063827542565294,0.000874895813632062,0,1.21449104263747,15.8565532234853
"p1","beta_ll",15,0.0114227536859671,0.0145133773163981,0.00993916991253313,0.00372945918413983,0,1.27056730061752,3.89155011485815
"p1","beta_ll",16,0.0114227536859671,0.015057712556098,0.0141232405948613,0.00142376280961845,0,1.31822089227017,10.5759979502016
"p1","beta_ll",17,0.0114227536859671,0.013855885380158,0.0119632386592884,0.0031499121562623,0,1.21300745521458,4.39881644083669
"p1","beta_ll",18,0.0114227536859671,0.0124258596198025,0.00979949781971397,0.00297883003255868,0,1.08781647240347,4.17138926490857
"p1","beta_ll",19,0.0114227536859671,0.0132216912206272,0.00988165623474451,0.00353864751142975,0,1.15748720353395,3.73636853569661
"p1","beta_ll",20,0.0114227536859671,0.0120214261717441,0.00748998748759456,0.00548171536625503,0,1.05241052221168,2.19300444633572
"p1","beta_ll",21,0.0114227536859671,0.0142821748015677,0.0159660804642155,0.00423881490126663,0,1.2503267770812,3.36937920957575
"p1","beta_ll",22,0.0114227536859671,0.0101612306494254,0.00807527363318291,0.00243548766980534,0,0.889560514809005,4.17215442122832
"p1","beta_ll",23,0.0114227536859671,0.0129752800855618,0.0137824978957388,0.00117976114995589,0,1.13591524795829,10.9982262816901
"p1","beta_ll",24,0.0114227536859671,0.0134965806846833,0.00909683207692748,0.000724535843886046,0,1.1815522820267,18.6278992248257
"p1","beta_ll",25,0.0114227536859671,0.0142757204482897,0.0165893093669711,0.00193375242961846,0,1.24976173353256,7.38239302489531
"p1","beta_ll",26,0.0114227536859671,0.0141582951252743,0.00835283769277066,0.00073826114395403,0,1.2394817847353,19.1778955742466
"p1","beta_ll",27,0.0114227536859671,0.0155432412951095,0.0142688299587179,0.00121529000512288,0,1.36072629441396,12.7897384406925
"p1","beta_ll",28,0.0114227536859671,0.0158552086557247,0.0119813521472133,0.00440422988184784,0,1.38803734122384,3.59999570437329
"p1","beta_ll",29,0.0114227536859671,0.0143019555188932,0.00801022803757802,0.00347284316796753,0,1.25205847137045,4.11822671717808
"p1","beta_ll",30,0.0114227536859671,0.0134359207514425,0.00791790368219541,0.00286896442277274,0,1.17624183457169,4.68319531772276
"p1","beta_ll",31,0.0114227536859671,0.011814077315026,0.0092134046920315,0.00209856074102198,0,1.03425825679316,5.62960941948845
"p1","beta_ll",32,0.0114227536859671,0.013166291634373,0.0119547586769807,0.00185290702771326,0,1.15263727086646,7.10574866274969
"p1","beta_ll",33,0.0114227536859671,0.0124388747134348,0.0085223511791766,0.00690501530688261,0,1.08895587311105,1.80142608822841
"p1","beta_ll",34,0.0114227536859671,0.0176726631943476,0.0101803654593555,0.00217820722522103,0,1.5471456078107,8.11339848188881
"p1","beta_ll",35,0.0114227536859671,0.0183394349771711,0.0133698178249944,0.000548002556933916,0,1.60551785334399,33.4659660709989
"p1","beta_ll",36,0.0114227536859671,0.012131373610496,0.0127638871389823,0.00215315110210778,0,1.06203582288563,5.63424164640385
"p1","beta_ll",37,0.0114227536859671,0.0129358606005463,0.0112388881358594,0.00329920294643864,0,1.13246428629884,3.92090477929223
"p1","beta_ll",38,0.0114227536859671,0.0120450267039184,0.00755822606533433,0.00759294527327886,0,1.0544766205294,1.58634446455282
"p1","beta_ll",39,0.0114227536859671,0.0137070142555261,0.0103034886576889,0.0043484743129615,0,1.19997459740073,3.15214331947866
"p1","beta_ll",40,0.0114227536859671,0.0142622642299973,0.00878868439807552,0.000576096523990622,0,1.2485837147586,24.7567267568333
"p1","beta_ll",41,0.0114227536859671,0.0124617962048468,0.00825075874118119,0.00354107080551128,0,1.09096252510076,3.51921689491534
"p1","beta_ll",42,0.0114227536859671,0.0145620303458519,0.0117969844544478,0.00351982942993791,0,1.27482660890616,4.13714091427117
"p1","beta_ll",43,0.0114227536859671,0.0142614370141976,0.00946997168135741,0.00101240491330254,0,1.24851129651144,14.0866928111557
"p1","beta_ll",44,0.0114227536859671,0.0133197556793188,0.00944313081549412,0.00240691613089189,0,1.16607221389026,5.53395089607178
"p1","beta_ll",45,0.0114227536859671,0.0167449522812614,0.0137342136294431,0.0015609782950695,0,1.46592955968512,10.7272166013787
"p1","beta_ll",46,0.0114227536859671,0.0146034978732862,0.0112565902096086,0.00412213730746275,0,1.2784568655478,3.5427004934668
"p1","beta_ll",47,0.0114227536859671,0.0153603520489695,0.00934241068121774,0.00133844156892657,0,1.34471533495813,11.4762963177306
"p1","beta_ll",48,0.0114227536859671,0.0127425987430633,0.0118541210487772,0.00220645521587014,0,1.11554526109738,5.77514497072539
"p1","beta_ll",49,0.0114227536859671,0.0137654799463742,0.0107543623240523,0.00438895989406572,0,1.20509295086045,3.13638772707549
"p1","beta_ll",50,0.0114227536859671,0.0146061008433775,0.0103280180256801,0.00186292563251812,0,1.27868474143158,7.84041004558749
"p1","beta_ll",51,0.0114227536859671,0.0109130893921827,0.010644150432857,0.00412921965789954,0,0.95538166121795,2.64289388705808
"p1","beta_ll",52,0.0114227536859671,0.0114015381731219,0.0103345393560886,0.00120132597688351,0,0.998142697161433,9.49079466565763
"p1","beta_ll",53,0.0114227536859671,0.0147408417679986,0.00847708537447304,0.0010561651687954,0,1.29048057703527,13.9569474581434
"p1","beta_ll",54,0.0114227536859671,0.0163886290443443,0.0129808451011425,0.00328006623158446,0,1.43473539698906,4.99643235448563
"p1","beta_ll",55,0.0114227536859671,0.0165527500393793,0.00963597194478649,0.00269892000696883,0,1.44910329807027,6.13310138745821
"p1","beta_ll",56,0.0114227536859671,0.0121391534871534,0.0111446421290103,0.00258691917427157,0,1.06271690880163,4.69251363084104
"p1","beta_ll",57,0.0114227536859671,0.0124655980856724,0.0106709012021709,0.0011860546954354,0,1.09129535910298,10.5101376299483
"p1","beta_ll",58,0.0114227536859671,0.0119164632700042,0.0104473924839414,0.00218227642202071,0,1.04322159066107,5.46056546721518
"p1","beta_ll",59,0.0114227536859671,0.0136640615919473,0.0114134594368401,0.00220210311277542,0,1.19621432516168,6.20500534814911
"p1","beta_ll",60,0.0114227536859671,0.0132738044238706,0.0120790952637622,0.00363629039079523,0,1.16204943123106,3.6503697442513
"p1","beta_ll",61,0.0114227536859671,0.0126890079454396,0.0116122291663316,0.00322580844779612,0,1.11085367804333,3.93359002891468
"p1","beta_ll",62,0.0114227536859671,0.0183607462885183,0.0199626811223403,0.000610433471393136,0,1.60738354282072,30.0782102374158
"p1","beta_ll",63,0.0114227536859671,0.0161675595731472,0.00683231739508801,0.00276132343969774,0,1.41538196634749,5.85500392337845
"p1","beta_ll",64,0.0114227536859671,0.0146380732126326,0.0125644765338004,0.00190591704868573,0,1.28148374858293,7.68033069578061
"p1","beta_ll",65,0.0114227536859671,0.0114665142801603,0.00824908419202704,0.00482484650454798,0,1.00383100217305,2.37655524778908
"p1","beta_ll",66,0.0114227536859671,0.0148939315875074,0.0116644941667551,0.00438716183267049,0,1.30388275865605,3.39488994378887
"p1","beta_ll",67,0.0114227536859671,0.012154093597046,0.0127481017422678,0.00203699700433148,0,1.06402483421991,5.96667229809445
"p1","beta_ll",68,0.0114227536859671,0.014316412069393,0.0133632747705514,0.00312914022301269,0,1.25332406379214,4.57519032356095
"p1","beta_ll",69,0.0114227536859671,0.0186065231778033,0.0164055127325486,0.000664942639292132,0,1.62889997362557,27.9821477497833
"p1","beta_ll",70,0.0114227536859671,0.0122710509184726,0.0120473421930646,0.00599596638483756,0,1.07426381202175,2.04655098626024
"p1","beta_ll",71,0.0114227536859671,0.0120105109855436,0.0142374718505602,0.00289080783983476,0,1.0514549569863,4.15472478662925
"p1","beta_ll",72,0.0114227536859671,0.0157406065343881,0.0104695096919973,0.00214234889436294,0,1.37800454838884,7.34735904866177
"p1","beta_ll",73,0.0114227536859671,0.0125605012467907,0.0124279714131991,0.00374314704503541,0,1.0996036150391,3.35559920453829
"p1","beta_ll",74,0.0114227536859671,0.0109084961893694,0.010507595792382,0.00483907264905903,0,0.954979551276722,2.25425344492206
"p1","beta_ll",75,0.0114227536859671,0.0133469469145421,0.015139010445667,0.00222154857195886,0,1.16845265874364,6.00794737644352
"p1","beta_ll",76,0.0114227536859671,0.0129341701667114,0.00939349022530423,0.00555593537621637,0,1.13231629800448,2.32799147054148
"p1","beta_ll",77,0.0114227536859671,0.0141373690834914,0.00784654395683896,0.00189236196625036,0,1.2376498235149,7.47075313054615
"p1","beta_ll",78,0.0114227536859671,0.012877378392903,0.0090101510383195,0.00266040100543232,0,1.12734448688348,4.84038998880561
"p1","beta_ll",79,0.0114227536859671,0.0123456976959201,0.0118509517807464,0.00143513394891799,0,1.08079873166545,8.6024706650052
"p1","beta_ll",80,0.0114227536859671,0.0118065815201388,0.00914999927790474,0.00287117487802619,0,1.0336020406921,4.11210811661021
"p1","beta_ll",81,0.0114227536859671,0.0112455096025945,0.010271054720711,0.00166556159320206,0,0.984483243861733,6.75178249095844
"p1","beta_ll",82,0.0114227536859671,0.0150168260059502,0.0121605479447573,0.000697941546790935,0,1.31464149703223,21.5158791950359
"p1","beta_ll",83,0.0114227536859671,0.0156131279537432,0.00835173082096939,0.00191613718544418,0,1.36684449152782,8.14823075944008
"p1","beta_ll",84,0.0114227536859671,0.0132907180241372,0.00595439171093657,0.00139749642323226,0,1.16353012500522,9.51037713098198
"p1","beta_ll",85,0.0114227536859671,0.0132897938267431,0.0101335765006148,0.00320889572457698,0,1.16344921654659,4.14154742547611
"p1","beta_ll",86,0.0114227536859671,0.0149013029973843,0.013431249515837,0.00372736740717238,0,1.30452808552552,3.99780900823205
"p1","beta_ll",87,0.0114227536859671,0.0127015749734246,0.0144262882497951,0.00176365115424735,0,1.11195385303883,7.20186355608693
"p1","beta_ll",88,0.0114227536859671,0.0118247492229706,0.00948110790811573,0.00251733634507101,0,1.03519252432951,4.69732590407461
"p1","beta_ll",89,0.0114227536859671,0.0121102060214763,0.0104752798881047,0.0022492960986249,0,1.06018271551751,5.38399814452168
"p1","beta_ll",90,0.0114227536859671,0.0148969633024692,0.0127716685813535,0.00382121455748791,0,1.30414816882291,3.898489100351
"p1","beta_ll",91,0.0114227536859671,0.0143510626394242,0.00770817570057689,0.00666153476406963,0,1.25635753286482,2.15431775824838
"p1","beta_ll",92,0.0114227536859671,0.012027908047082,0.0139456908553295,0.00487460693412419,0,1.05297797516708,2.46746213789708
"p1","beta_ll",93,0.0114227536859671,0.017526182285805,0.0121401590842408,0.00103961532830785,0,1.53432200042411,16.8583338554
"p1","beta_ll",94,0.0114227536859671,0.0153601066817569,0.0108764239730847,0.00400773143189727,0,1.34469385439229,3.83261876270121
"p1","beta_ll",95,0.0114227536859671,0.0130609716222553,0.0120969373274638,0.00174101533852142,0,1.14341707624325,7.50192794587756
"p1","beta_ll",96,0.0114227536859671,0.0156926688365934,0.0144411738648856,0.000310225382845421,0,1.37380786349896,50.5847351775618
"p1","beta_ll",97,0.0114227536859671,0.0139278751944513,0.010795108397496,0.00390702517470741,0,1.21930977217531,3.56482862834235
"p1","beta_ll",98,0.0114227536859671,0.0123476234295833,0.00567180027468258,0.000351441124117959,0,1.08096731918087,35.134258862201
"p1","beta_ll",99,0.0114227536859671,0.0165726463666132,0.0124819827637888,0.0036446773587061,0,1.45084511337864,4.54708187736451
"p1","beta_ll",100,0.0114227536859671,0.0153205748516088,0.0114674098907402,0.000399508912518834,0,1.34123305752711,38.3485183221951
"p1","beta_pw",1,0.0114227536859671,0.0307343062604556,0.00976492115164585,3.84201113914468e-06,0,2.69062146531381,7999.53595847663
"p1","beta_pw",2,0.0114227536859671,0.0130360487011923,0.0107920553022192,0.00131807592147004,0,1.1412352099658,9.89021079047807
"p1","beta_pw",3,0.0114227536859671,0.015262748560312,0.0127990377912482,0.00029769883884008,0,1.33617068002283,51.2690899963873
"p1","beta_pw",4,0.0114227536859671,0.0154343356869858,0.0103944093174124,0.000261933041744673,0,1.35119220034893,58.9247373457788
"p1","beta_pw",5,0.0114227536859671,0.0125943934207797,0.00836956383112482,0.000810721141469016,0,1.10257069066034,15.5348032468462
"p1","beta_pw",6,0.0114227536859671,0.0203517288596765,0.0100044779960717,0.000192438213008023,0,1.7816832454926,105.757211842473
"p1","beta_pw",7,0.0114227536859671,0.0172194590412476,0.0133037353491961,0.000110294034886808,0,1.50747004747216,156.123212455865
"p1","beta_pw",8,0.0114227536859671,0.0189420164487387,0.00857220998630632,8.23723922937557e-05,0,1.65827058601544,229.955885962227
"p1","beta_pw",9,0.0114227536859671,0.0138745902867275,0.0112258064670464,0.00582173058117205,0,1.21464496811942,2.38324156250017
"p1","beta_pw",10,0.0114227536859671,0.0282947228021258,0.011181959588185,5.66559136171379e-09,0,2.47704919321563,4994134.06221497
"p1","beta_pw",11,0.0114227536859671,0.013665000783422,0.0111448726333246,0.00204602330017608,0,1.19629654627058,6.67880995404401
"p1","beta_pw",12,0.0114227536859671,0.0124100763478837,0.0103892484574265,0.00107743767831411,0,1.08643473273257,11.5181384479723
"p1","beta_pw",13,0.0114227536859671,0.0172851754297725,0.0164612845207562,0.000428715811113748,0,1.51322316010432,40.3184930009178
"p1","beta_pw",14,0.0114227536859671,0.0156394949810319,0.0063827542565294,8.06319394781408e-05,0,1.36915278145628,193.961537850292
"p1","beta_pw",15,0.0114227536859671,0.0163920604915784,0.00993916991253313,0.000899081142576558,0,1.43503580154373,18.2320145705676
"p1","beta_pw",16,0.0114227536859671,0.0262783023137621,0.0141232405948613,7.52508872229895e-05,0,2.30052253915315,349.209202489429
"p1","beta_pw",17,0.0114227536859671,0.0146470757127561,0.0119632386592884,0.000843251496150489,0,1.28227186853814,17.3697595315527
"p1","beta_pw",18,0.0114227536859671,0.0156009008751911,0.00979949781971397,0.000702193876005378,0,1.36577407725747,22.2173696015994
"p1","beta_pw",19,0.0114227536859671,0.0342722925329948,0.00988165623474451,2.50585201037558e-06,0,3.00035293373246,13676.902064084
"p1","beta_pw",20,0.0114227536859671,0.0123155773817219,0.00748998748759456,0.00631477557712257,0,1.078161861868,1.95027950420586
"p1","beta_pw",21,0.0114227536859671,0.0144258353184985,0.0159660804642155,0.00359152840324218,0,1.26290347451164,4.01662849317184
"p1","beta_pw",22,0.0114227536859671,0.0113980394950965,0.00807527363318291,0.000638586365349592,0,0.997836406916399,17.8488613499549
"p1","beta_pw",23,0.0114227536859671,0.0144276497352603,0.0137824978957388,0.000115661114701977,0,1.26306231683737,124.740711452037
"p1","beta_pw",24,0.0114227536859671,0.016637512896844,0.00909683207692748,6.30737454341684e-05,0,1.45652382553633,263.778736815448
"p1","beta_pw",25,0.0114227536859671,0.0285403921856549,0.0165893093669711,1.06091117899837e-05,0,2.49855621247587,2690.17734478023
"p1","beta_pw",26,0.0114227536859671,0.0216604157678028,0.00835283769277066,0.000192596974197223,0,1.89625167129469,112.464984759429
"p1","beta_pw",27,0.0114227536859671,0.0175161795542124,0.0142688299587179,0.000115767673627907,0,1.53344631564025,151.304582750032
"p1","beta_pw",28,0.0114227536859671,0.0166488964511404,0.0119813521472133,0.00253287910037063,0,1.45752039384283,6.57311138486801
"p1","beta_pw",29,0.0114227536859671,0.0152212100119209,0.00801022803757802,0.00119762979977938,0,1.33253420588244,12.7094449509564
"p1","beta_pw",30,0.0114227536859671,0.0133130062106886,0.00791790368219541,0.00183722989794846,0,1.16548133459655,7.24623860386477
"p1","beta_pw",31,0.0114227536859671,0.0143586526493849,0.0092134046920315,0.000277193583767803,0,1.25702199698348,51.8000902265209
"p1","beta_pw",32,0.0114227536859671,0.0293988665150442,0.0119547586769807,4.03524674726848e-06,0,2.57371097401503,7285.51891775758
"p1","beta_pw",33,0.0114227536859671,0.0123213147076085,0.0085223511791766,0.00888958159346128,0,1.07866413356573,1.38603989153679
"p1","beta_pw",34,0.0114227536859671,0.0304148832307595,0.0101803654593555,4.27827039651984e-06,0,2.66265771519911,7109.15402997915
"p1","beta_pw",35,0.0114227536859671,0.0202614201450985,0.0133698178249944,5.52728545870908e-05,0,1.77377720837924,366.570901692323
"p1","beta_pw",36,0.0114227536859671,0.0123935580049442,0.0127638871389823,0.00132531153224,0,1.08498864158909,9.35142998717975
"p1","beta_pw",37,0.0114227536859671,0.0138547082947623,0.0112388881358594,0.00112423709701506,0,1.21290440778591,12.323653374851
"p1","beta_pw",38,0.0114227536859671,0.0123267389303357,0.00755822606533433,0.0108122921429427,0,1.07913899478364,1.14006713538364
"p1","beta_pw",39,0.0114227536859671,0.0142271592642978,0.0103034886576889,0.00286214300466317,0,1.2455104658149,4.97080657434589
"p1","beta_pw",40,0.0114227536859671,0.0160057943791758,0.00878868439807552,2.88913343635674e-05,0,1.40122030284509,553.999831844368
"p1","beta_pw",41,0.0114227536859671,0.012288719546958,0.00825075874118119,0.00278962743381503,0,1.07581060441273,4.40514722432029
"p1","beta_pw",42,0.0114227536859671,0.0342099085279686,0.0117969844544478,3.06653530329259e-06,0,2.99489155316336,11155.8828268623
"p1","beta_pw",43,0.0114227536859671,0.0165633740500705,0.00946997168135741,9.63766640144672e-05,0,1.45003337246242,171.860836017152
"p1","beta_pw",44,0.0114227536859671,0.0286781999019427,0.00944313081549412,1.20317299705553e-05,0,2.51062052902129,2383.54750082702
"p1","beta_pw",45,0.0114227536859671,0.0335045771339336,0.0137342136294431,2.26829676086616e-06,0,2.93314362324857,14770.808525574
"p1","beta_pw",46,0.0114227536859671,0.0148219363983125,0.0112565902096086,0.00313898985965715,0,1.2975799711519,4.72188094291308
"p1","beta_pw",47,0.0114227536859671,0.0322523587135935,0.00934241068121774,3.64502968350832e-09,0,2.82351870663337,8848311.67754739
"p1","beta_pw",48,0.0114227536859671,0.0157782414564325,0.0118541210487772,0.000791377826967521,0,1.38129928125966,19.9376845278736
"p1","beta_pw",49,0.0114227536859671,0.0145712275648807,0.0107543623240523,0.00300225426111499,0,1.27563177544321,4.85342888962015
"p1","beta_pw",50,0.0114227536859671,0.0194188075820559,0.0103280180256801,0.000423022473095426,0,1.70001105827152,45.904907699018
"p1","beta_pw",51,0.0114227536859671,0.0114259276205045,0.010644150432857,0.0064581466328163,0,1.00027786071771,1.76922703526814
"p1","beta_pw",52,0.0114227536859671,0.0113976896285601,0.0103345393560886,0.00101519329014887,0,0.997805778002742,11.2271128455633
"p1","beta_pw",53,0.0114227536859671,0.0184644445601084,0.00847708537447304,9.51441000526691e-05,0,1.61646176287526,194.068203387146
"p1","beta_pw",54,0.0114227536859671,0.0194868476819956,0.0129808451011425,0.000247454045979533,0,1.70596759920817,78.7493597239763
"p1","beta_pw",55,0.0114227536859671,0.019629861163746,0.00963597194478649,0.000549062810605883,0,1.71848765222534,35.7515766585698
"p1","beta_pw",56,0.0114227536859671,0.0159653790195135,0.0111446421290103,0.00109144272812377,0,1.39768215777312,14.6277753363738
"p1","beta_pw",57,0.0114227536859671,0.0148298559950399,0.0106709012021709,0.000111724588365781,0,1.29827328880061,132.735830240767
"p1","beta_pw",58,0.0114227536859671,0.0155016359552853,0.0104473924839414,0.000683833737622756,0,1.35708397304663,22.668720629629
"p1","beta_pw",59,0.0114227536859671,0.0173971430788806,0.0114134594368401,0.000320060377545753,0,1.52302531921467,54.3558162753016
"p1","beta_pw",60,0.0114227536859671,0.0140647987702772,0.0120790952637622,0.00119399133960475,0,1.23129668702879,11.7796489000775
"p1","beta_pw",61,0.0114227536859671,0.0293598874802619,0.0116122291663316,3.71152623814636e-06,0,2.57029857137956,7910.46205695829
"p1","beta_pw",62,0.0114227536859671,0.0211100272700839,0.0199626811223403,2.42416121423777e-05,0,1.84806814980328,870.817796526852
"p1","beta_pw",63,0.0114227536859671,0.0205204599036191,0.00683231739508801,0.000774192846079042,0,1.79645473129903,26.5056180866906
"p1","beta_pw",64,0.0114227536859671,0.0293508001860841,0.0125644765338004,8.93060196657476e-07,0,2.56950302816575,32865.4219457295
"p1","beta_pw",65,0.0114227536859671,0.0115353758744076,0.00824908419202704,0.00394433207324238,0,1.00985946047132,2.92454480510438
"p1","beta_pw",66,0.0114227536859671,0.0164749503130993,0.0116644941667551,0.000765406726193758,0,1.44229235489327,21.5244389019502
"p1","beta_pw",67,0.0114227536859671,0.0164064365547909,0.0127481017422678,0.000242202135843594,0,1.43629434774088,67.7386122035921
"p1","beta_pw",68,0.0114227536859671,0.0144914869059866,0.0133632747705514,0.0012366968127667,0,1.26865091416524,11.7178978359026
"p1","beta_pw",69,0.0114227536859671,0.0212487783050736,0.0164055127325486,7.95658110616277e-05,0,1.8602150487739,267.059155453281
"p1","beta_pw",70,0.0114227536859671,0.0127975153935748,0.0120473421930646,0.00605213591269262,0,1.12035291536546,2.11454527429493
"p1","beta_pw",71,0.0114227536859671,0.0123790281249775,0.0142374718505602,0.001223662566449,0,1.08371662957113,10.116373961574
"p1","beta_pw",72,0.0114227536859671,0.0343701447142302,0.0104695096919973,9.0640005149965e-07,0,3.00891936035126,37919.3984569666
"p1","beta_pw",73,0.0114227536859671,0.0134454939688035,0.0124279714131991,0.00165202921116522,0,1.17707991771908,8.13877495502639
"p1","beta_pw",74,0.0114227536859671,0.0294183165585338,0.010507595792382,0.000115022490140923,0,2.57541371960723,255.761429982008
"p1","beta_pw",75,0.0114227536859671,0.0165576505324924,0.015139010445667,0.000396194751229032,0,1.44953230960705,41.7916958292078
"p1","beta_pw",76,0.0114227536859671,0.013325697479016,0.00939349022530423,0.00579409864513156,0,1.16659238615874,2.29987411246662
"p1","beta_pw",77,0.0114227536859671,0.0236299895149838,0.00784654395683896,0.000348433180577074,0,2.06867714778909,67.8178509746055
"p1","beta_pw",78,0.0114227536859671,0.0155958488806017,0.0090101510383195,0.000257633601990853,0,1.36533180258988,60.5349952804501
"p1","beta_pw",79,0.0114227536859671,0.0150547764538561,0.0118509517807464,0.000127495541758458,0,1.31796385247726,118.080806953843
"p1","beta_pw",80,0.0114227536859671,0.012169899936261,0.00914999927790474,0.000959597374048602,0,1.06540859330721,12.6822980818668
"p1","beta_pw",81,0.0114227536859671,0.0144599171794127,0.010271054720711,0.000182703186372879,0,1.26588715619218,79.1443075869596
"p1","beta_pw",82,0.0114227536859671,0.0156039101414868,0.0121605479447573,5.15241889159154e-05,0,1.36603752216562,302.846303256738
"p1","beta_pw",83,0.0114227536859671,0.0188935762345063,0.00835173082096939,0.000242321281037982,0,1.65402990854272,77.9691166767347
"p1","beta_pw",84,0.0114227536859671,0.0309118978747952,0.00595439171093657,1.08522103537018e-06,0,2.70616864589933,28484.4256306283
"p1","beta_pw",85,0.0114227536859671,0.01761421646879,0.0101335765006148,0.000548944397558888,0,1.54202891465909,32.0874328021546
"p1","beta_pw",86,0.0114227536859671,0.0153426221983944,0.013431249515837,0.00238130235106561,0,1.34316318290596,6.44295428991986
"p1","beta_pw",87,0.0114227536859671,0.0148106939468706,0.0144262882497951,0.000152522318328253,0,1.29659575563339,97.10509326901
"p1","beta_pw",88,0.0114227536859671,0.0127355413092806,0.00948110790811573,0.000937715883877211,0,1.11492742112843,13.581449912763
"p1","beta_pw",89,0.0114227536859671,0.0160658463782325,0.0104752798881047,0.000397942446090835,0,1.40647752896654,40.372286334505
"p1","beta_pw",90,0.0114227536859671,0.0161775648404906,0.0127716685813535,0.000852290069828922,0,1.41625787312255,18.9812898368485
"p1","beta_pw",91,0.0114227536859671,0.0153503500142156,0.00770817570057689,0.00376670651516478,0,1.34383971117871,4.07527104976588
"p1","beta_pw",92,0.0114227536859671,0.0134441869498694,0.0139456908553295,0.00213166881640413,0,1.17696549531534,6.30688353012929
"p1","beta_pw",93,0.0114227536859671,0.0306721627261056,0.0121401590842408,3.43432352497124e-09,0,2.68518113664539,8931063.8625295
"p1","beta_pw",94,0.0114227536859671,0.0173916905268525,0.0108764239730847,0.00210647910949717,0,1.52254797792044,8.25628436021093
"p1","beta_pw",95,0.0114227536859671,0.0162913169078201,0.0120969373274638,0.000184971820576929,0,1.42621624834947,88.0745881021624
"p1","beta_pw",96,0.0114227536859671,0.016485410780615,0.0144411738648856,2.30174683824368e-05,0,1.4432081119693,716.213030325873
"p1","beta_pw",97,0.0114227536859671,0.0153243764995733,0.010795108397496,0.00110215603219642,0,1.3415658711436,13.9039991180144
"p1","beta_pw",98,0.0114227536859671,0.0129822032834771,0.00567180027468258,3.31134362118019e-05,0,1.13652133630665,392.052434559786
"p1","beta_pw",99,0.0114227536859671,0.0173983722792291,0.0124819827637888,0.00067287949488512,0,1.5231329290242,25.8565945484778
"p1","beta_pw",100,0.0114227536859671,0.0164540611189204,0.0114674098907402,1.21130638532523e-05,0,1.44046361948032,1358.37318437833
"p1","beta",1,0.0114227536859671,0.0141825751381796,0.00976492115164585,0.00499079661408181,0,1.24160736789789,2.84174576422583
"p1","beta",2,0.0114227536859671,0.0119748969556175,0.0107920553022192,0.00391493562667554,0,1.04833714223644,3.05877237776865
"p1","beta",3,0.0114227536859671,0.0108749645150214,0.0127990377912482,0.00430828125568614,0,0.952044035439656,2.52420022501279
"p1","beta",4,0.0114227536859671,0.0106422199382671,0.0103944093174124,0.0043632669199438,0,0.931668512763356,2.43904856923221
"p1","beta",5,0.0114227536859671,0.0096106867719261,0.00836956383112482,0.00287735294020756,0,0.841363390662344,3.34011397685292
"p1","beta",6,0.0114227536859671,0.0153403708274357,0.0100044779960717,0.00551774720014713,0,1.34296608761522,2.78018732482464
"p1","beta",7,0.0114227536859671,0.0126432787374867,0.0133037353491961,0.00420064378454343,0,1.10685033443546,3.00984310643252
"p1","beta",8,0.0114227536859671,0.0115128268147438,0.00857220998630632,0.0049474251655613,0,1.00788541285691,2.3270340489198
"p1","beta",9,0.0114227536859671,0.0129972253740206,0.0112258064670464,0.00389189425205712,0,1.13783643868533,3.33956282783139
"p1","beta",10,0.0114227536859671,0.0135189212783515,0.011181959588185,0.00738873548620823,0,1.18350807957625,1.82966642987638
"p1","beta",11,0.0114227536859671,0.0119696447771479,0.0111448726333246,0.00489392352918068,0,1.04787734255818,2.44581769735004
"p1","beta",12,0.0114227536859671,0.0109577905089453,0.0103892484574265,0.00423492120558277,0,0.959295001030004,2.58748391693805
"p1","beta",13,0.0114227536859671,0.013016816275422,0.0164612845207562,0.00355814238540554,0,1.13955151562212,3.65831798323
"p1","beta",14,0.0114227536859671,0.0107800301761456,0.0063827542565294,0.00475537028045944,0,0.943733050060328,2.26691709380497
"p1","beta",15,0.0114227536859671,0.0141985901170602,0.00993916991253313,0.00544451867596914,0,1.24300939225392,2.60786875058938
"p1","beta",16,0.0114227536859671,0.0124673424940921,0.0141232405948613,0.00526019344193756,0,1.09144807257888,2.37013004021766
"p1","beta",17,0.0114227536859671,0.0125036997798764,0.0119632386592884,0.00516366648988878,0,1.09463095533936,2.42147702690723
"p1","beta",18,0.0114227536859671,0.0116918468187113,0.00979949781971397,0.00390970534766477,0,1.02355764119074,2.99046751072808
"p1","beta",19,0.0114227536859671,0.0131204956327316,0.00988165623474451,0.0035424096672741,0,1.14862807983421,3.70383351026362
"p1","beta",20,0.0114227536859671,0.0125709976434441,0.00748998748759456,0.00376779868469109,0,1.10052251751586,3.33643028607692
"p1","beta",21,0.0114227536859671,0.0141393862774691,0.0159660804642155,0.00442463253457108,0,1.23782641788375,3.19560690452676
"p1","beta",22,0.0114227536859671,0.00957966544227872,0.00807527363318291,0.00334558018047681,0,0.838647641859541,2.86337942165638
"p1","beta",23,0.0114227536859671,0.0116314914177503,0.0137824978957388,0.00422367757988341,0,1.01827385388163,2.75387768070862
"p1","beta",24,0.0114227536859671,0.0113926127101346,0.00909683207692748,0.0038595284647828,0,0.997361321388768,2.95181466183998
"p1","beta",25,0.0114227536859671,0.0128965319020962,0.0165893093669711,0.00469796132825017,0,1.12902127250977,2.74513368693475
"p1","beta",26,0.0114227536859671,0.0119873752029871,0.00835283769277066,0.00414731836824075,0,1.04942954497159,2.89039184808761
"p1","beta",27,0.0114227536859671,0.012860717182983,0.0142688299587179,0.00419093216495121,0,1.12588588851236,3.06870087054551
"p1","beta",28,0.0114227536859671,0.0148374463732181,0.0119813521472133,0.00636013215018865,0,1.29893778515472,2.33288334626474
"p1","beta",29,0.0114227536859671,0.0127512034538518,0.00801022803757802,0.00590400463447985,0,1.1162985567584,2.1597549872139
"p1","beta",30,0.0114227536859671,0.0122979918529148,0.00791790368219541,0.00474309450331174,0,1.0766223444022,2.59282032949755
"p1","beta",31,0.0114227536859671,0.0107611560913765,0.0092134046920315,0.00430069183638217,0,0.942080726523638,2.50219185674763
"p1","beta",32,0.0114227536859671,0.0120867881510584,0.0119547586769807,0.0047025730533932,0,1.05813260824376,2.57024994908628
"p1","beta",33,0.0114227536859671,0.0133616014256176,0.0085223511791766,0.00301924939388684,0,1.16973558153778,4.42547126205315
"p1","beta",34,0.0114227536859671,0.0160648268990518,0.0101803654593555,0.00541686778094473,0,1.40638827910537,2.9657040837445
"p1","beta",35,0.0114227536859671,0.0143972641349705,0.0133698178249944,0.00570755065774485,0,1.26040222268449,2.52249432345101
"p1","beta",36,0.0114227536859671,0.0114039861662116,0.0127638871389823,0.00439316834878808,0,0.998357005651047,2.59584547206291
"p1","beta",37,0.0114227536859671,0.0120873541687459,0.0112388881358594,0.0049619802316188,0,1.05818216001586,2.43599401942851
"p1","beta",38,0.0114227536859671,0.0129729472652687,0.00755822606533433,0.00348411679340547,0,1.13571102222102,3.72345361378905
"p1","beta",39,0.0114227536859671,0.0131498462232801,0.0103034886576889,0.00445569512305205,0,1.15119756450975,2.95124461169884
"p1","beta",40,0.0114227536859671,0.0105763382924461,0.00878868439807552,0.00498152730386587,0,0.925900932753122,2.12311157749521
"p1","beta",41,0.0114227536859671,0.0123425816074843,0.00825075874118119,0.00375323086093674,0,1.08052593505952,3.28852182687312
"p1","beta",42,0.0114227536859671,0.014046131843592,0.0117969844544478,0.00432385255750056,0,1.2296624990564,3.24852238988267
"p1","beta",43,0.0114227536859671,0.0117434371401322,0.00946997168135741,0.00505662329871054,0,1.02807409342627,2.32238718338518
"p1","beta",44,0.0114227536859671,0.0121896160490912,0.00944313081549412,0.00485664970037519,0,1.06713463182403,2.50988166763386
"p1","beta",45,0.0114227536859671,0.0147583405975035,0.0137342136294431,0.0046080502119349,0,1.29201250444839,3.20272998746394
"p1","beta",46,0.0114227536859671,0.0142034723858039,0.0112565902096086,0.00457322272371692,0,1.24343680834621,3.10579065221209
"p1","beta",47,0.0114227536859671,0.0105859024982875,0.00934241068121774,0.00588373960100096,0,0.926738226990949,1.79917930026791
"p1","beta",48,0.0114227536859671,0.0109139876581284,0.0118541210487772,0.00430022328877462,0,0.95546029951922,2.53800487212339
"p1","beta",49,0.0114227536859671,0.0136342122371724,0.0107543623240523,0.00445524781659897,0,1.19360117638902,3.06025900206387
"p1","beta",50,0.0114227536859671,0.0125122443082545,0.0103280180256801,0.00460090518448192,0,1.09537898235745,2.71951796582468
"p1","beta",51,0.0114227536859671,0.0114877442537226,0.010644150432857,0.00282346630614754,0,1.0056895709688,4.06866702418594
"p1","beta",52,0.0114227536859671,0.00975709703092736,0.0103345393560886,0.00443206369814377,0,0.854180813065588,2.20147942255744
"p1","beta",53,0.0114227536859671,0.0128191239462523,0.00847708537447304,0.00382737288306205,0,1.12224462670508,3.34932715936382
"p1","beta",54,0.0114227536859671,0.0158289257792096,0.0129808451011425,0.0048668732421162,0,1.38573641823823,3.25238094188107
"p1","beta",55,0.0114227536859671,0.0154106693751344,0.00963597194478649,0.00536933342667691,0,1.34912034337801,2.87012709968211
"p1","beta",56,0.0114227536859671,0.0119396003536942,0.0111446421290103,0.00286885836466237,0,1.04524711658293,4.16179498463995
"p1","beta",57,0.0114227536859671,0.0105309355244893,0.0106709012021709,0.00398832140627131,0,0.921926167192645,2.64044304652336
"p1","beta",58,0.0114227536859671,0.0113034270264476,0.0104473924839414,0.00346865370970475,0,0.989553599525997,3.25873608968875
"p1","beta",59,0.0114227536859671,0.0117536641212216,0.0114134594368401,0.00508065412921712,0,1.02896941003472,2.31341552136569
"p1","beta",60,0.0114227536859671,0.0126436416699992,0.0120790952637622,0.00500010503029737,0,1.10688210720431,2.52867521649785
"p1","beta",61,0.0114227536859671,0.0116053240091993,0.0116122291663316,0.00466656348416094,0,1.01598303948867,2.48691013174677
"p1","beta",62,0.0114227536859671,0.0140358510927955,0.0199626811223403,0.00557463440990329,0,1.22876247520233,2.51780656106541
"p1","beta",63,0.0114227536859671,0.0152680799903492,0.00683231739508801,0.00464313817395436,0,1.33663741774507,3.28831049568916
"p1","beta",64,0.0114227536859671,0.0125937698053927,0.0125644765338004,0.0048328715902536,0,1.10251609652269,2.60585649136434
"p1","beta",65,0.0114227536859671,0.0113038003481092,0.00824908419202704,0.00533299690232282,0,0.989586281808377,2.1195962711296
"p1","beta",66,0.0114227536859671,0.0131956348768154,0.0116644941667551,0.0061041292206654,0,1.15520611225525,2.16175549366516
"p1","beta",67,0.0114227536859671,0.0102583200613583,0.0127481017422678,0.00462565000154782,0,0.898060165121186,2.21770347041511
"p1","beta",68,0.0114227536859671,0.0127301912537505,0.0133632747705514,0.00633807191413301,0,1.11445905284551,2.0085274238312
"p1","beta",69,0.0114227536859671,0.0159181809504382,0.0164055127325486,0.00548968446534145,0,1.39355022335759,2.89965316785254
"p1","beta",70,0.0114227536859671,0.0128322409309767,0.0120473421930646,0.00507145197726797,0,1.12339294742397,2.53028935076094
"p1","beta",71,0.0114227536859671,0.0113053358971453,0.0142374718505602,0.00406794488351478,0,0.989720710780443,2.77912710739023
"p1","beta",72,0.0114227536859671,0.0139631729277344,0.0104695096919973,0.00568403820156836,0,1.22239989687322,2.45655860016592
"p1","beta",73,0.0114227536859671,0.0118336831020099,0.0124279714131991,0.00519665507504493,0,1.03597463688179,2.27717309136736
"p1","beta",74,0.0114227536859671,0.0118325940641807,0.010507595792382,0.0033162706390314,0,1.035879297539,3.56804234398573
"p1","beta",75,0.0114227536859671,0.0123307956973349,0.015139010445667,0.00359749575839,0,1.07949414268499,3.42760534701878
"p1","beta",76,0.0114227536859671,0.0129247859152788,0.00939349022530423,0.00426188479342409,0,1.13149475779705,3.03264554105761
"p1","beta",77,0.0114227536859671,0.0122607338489863,0.00784654395683896,0.00444305278655231,0,1.07336060866379,2.7595291881509
"p1","beta",78,0.0114227536859671,0.0119033386138553,0.0090101510383195,0.00369436721332911,0,1.04207259835066,3.22202367185066
"p1","beta",79,0.0114227536859671,0.0110713524078048,0.0118509517807464,0.00456561241022043,0,0.969236728040981,2.42494355916435
"p1","beta",80,0.0114227536859671,0.0108258218614117,0.00914999927790474,0.00433901439468778,0,0.947741863217377,2.49499560883357
"p1","beta",81,0.0114227536859671,0.0103623076884424,0.010271054720711,0.00416393292973426,0,0.907163716676521,2.48858659908907
"p1","beta",82,0.0114227536859671,0.0129635648243996,0.0121605479447573,0.00399953475629082,0,1.13488964051859,3.24126820100997
"p1","beta",83,0.0114227536859671,0.0137971515664839,0.00835173082096939,0.0042212890680816,0,1.20786562905875,3.26846878855281
"p1","beta",84,0.0114227536859671,0.00989380491473561,0.00595439171093657,0.00523605763014253,0,0.866148845255251,1.8895523337596
"p1","beta",85,0.0114227536859671,0.0128930373063812,0.0101335765006148,0.00420230540709355,0,1.12871533964882,3.06808669465518
"p1","beta",86,0.0114227536859671,0.0140346897963476,0.013431249515837,0.00513741436299712,0,1.22866081001022,2.73185863640556
"p1","beta",87,0.0114227536859671,0.0115960411182146,0.0144262882497951,0.00477313741216015,0,1.01517037283753,2.42943793922049
"p1","beta",88,0.0114227536859671,0.0107088164161979,0.00948110790811573,0.00380311961906254,0,0.937498672439524,2.8157979471699
"p1","beta",89,0.0114227536859671,0.0118841680611845,0.0104752798881047,0.00345082759875442,0,1.04039432066054,3.44386026861328
"p1","beta",90,0.0114227536859671,0.0136179982865121,0.0127716685813535,0.00610099607563343,0,1.19218173313514,2.2320942543957
"p1","beta",91,0.0114227536859671,0.0141453889272097,0.00770817570057689,0.00529708517319191,0,1.23835191724281,2.67040994522768
"p1","beta",92,0.0114227536859671,0.011862999264763,0.0139456908553295,0.00482849186503861,0,1.03854110759095,2.4568746507908
"p1","beta",93,0.0114227536859671,0.0139948153744404,0.0121401590842408,0.00628646245393839,0,1.22517002109859,2.22618292513189
"p1","beta",94,0.0114227536859671,0.0146296804707023,0.0108764239730847,0.00431475495961836,0,1.28074900964334,3.39061675752643
"p1","beta",95,0.0114227536859671,0.0109293730570364,0.0120969373274638,0.00456311350359225,0,0.956807207570545,2.39515695772905
"p1","beta",96,0.0114227536859671,0.0130962418144387,0.0144411738648856,0.00511993850162946,0,1.14650478986756,2.55789045322921
"p1","beta",97,0.0114227536859671,0.013314781012706,0.010795108397496,0.00589619072932181,0,1.16563670886673,2.25820052707784
"p1","beta",98,0.0114227536859671,0.0101603927716793,0.00567180027468258,0.00338747902756349,0,0.88948716316639,2.99939650961836
"p1","beta",99,0.0114227536859671,0.0151356002484742,0.0124819827637888,0.0061941816887598,0,1.32503953640078,2.44351893583294
"p1","beta",100,0.0114227536859671,0.0111471658267509,0.0114674098907402,0.0050206774398542,0,0.975873780806921,2.2202513426305
"p1","floored_ll",1,0.0114227536859671,0.014535649967643,0.00976492115164585,0.00881544293927646,0,1.2725171501772,1.64888481132135
"p1","floored_ll",2,0.0114227536859671,0.01133535661198,0.0107920553022193,0.00600326359077948,0,0.992348861194958,1.88819905049483
"p1","floored_ll",3,0.0114227536859671,0.0121639566827133,0.0127990377912483,0.00538608266991255,0,1.06488829376202,2.25840512078713
"p1","floored_ll",4,0.0114227536859671,0.0110559150426725,0.0103944093174124,0.00586126466807926,0,0.967885270629154,1.88626783958137
"p1","floored_ll",5,0.0114227536859671,0.00982243875818321,0.00836956383112482,0.00537722244730096,0,0.85990112614002,1.82667517560362
"p1","floored_ll",6,0.0114227536859671,0.0127402887638985,0.0100044779960717,0.00495808143293032,0,1.11534303497675,2.56960054735702
"p1","floored_ll",7,0.0114227536859671,0.0116625233455226,0.0133037353491961,0.00380448690575875,0,1.02099053049266,3.06546549756009
"p1","floored_ll",8,0.0114227536859671,0.0112829419117061,0.00857220998630632,0.00584283696274001,0,0.987760239071531,1.9310725224164
"p1","floored_ll",9,0.0114227536859671,0.012317361624802,0.0112258064670464,0.00902877460574219,0,1.0783180626519,1.3642340364736
"p1","floored_ll",10,0.0114227536859671,0.0147683177081804,0.011181959588185,0.0105630234413249,0,1.29288594626034,1.39811463926167
"p1","floored_ll",11,0.0114227536859671,0.0120959511035035,0.0111700605511596,0.00701384155588029,0,1.05893477492764,1.72458288473347
"p1","floored_ll",12,0.0114227536859671,0.0117076749147088,0.0104203079562422,0.00565197126133017,0,1.0249433049661,2.0714321381658
"p1","floored_ll",13,0.0114227536859671,0.0121662043022489,0.0164848153613084,0.00632159493761196,0,1.06508506063604,1.92454664089009
"p1","floored_ll",14,0.0114227536859671,0.0118006175464588,0.0063827542565294,0.00325213471181617,0,1.03307992721194,3.62857587159074
"p1","floored_ll",15,0.0114227536859671,0.0141572387377148,0.00993916991253313,0.00575179389614383,0,1.23938930374617,2.46136057608153
"p1","floored_ll",16,0.0114227536859671,0.0149352728043086,0.0141431853639405,0.00517187520157833,0,1.30750195748829,2.88778677407969
"p1","floored_ll",17,0.0114227536859671,0.0107607244171222,0.0119632386592884,0.00508888612968189,0,0.942042935788919,2.11455397957487
"p1","floored_ll",18,0.0114227536859671,0.0110354158718529,0.00979949781971397,0.00502959435334202,0,0.966090679641452,2.19409660035907
"p1","floored_ll",19,0.0114227536859671,0.0122392866150863,0.00988165623474451,0.00414241099304469,0,1.07148301990633,2.9546287501739
"p1","floored_ll",20,0.0114227536859671,0.00948689974393787,0.00748998748759456,0.00897998784694414,0,0.830526509171999,1.05644906269737
"p1","floored_ll",21,0.0114227536859671,0.0128338398406288,0.015992842914655,0.00690665562537474,0,1.12353292327359,1.85818441467935
"p1","floored_ll",22,0.0114227536859671,0.0108031655019871,0.00809986392939923,0.00354439016229829,0,0.945758422092108,3.04796171056462
"p1","floored_ll",23,0.0114227536859671,0.0127310295459394,0.0137824978957389,0.00469876333920087,0,1.11453244077035,2.70944259731639
"p1","floored_ll",24,0.0114227536859671,0.012874212635476,0.00909683207692748,0.00329454044604911,0,1.12706734202734,3.90774156405184
"p1","floored_ll",25,0.0114227536859671,0.0118943689347664,0.0166110330764887,0.00419873358932667,0,1.04128735169862,2.83284678146817
"p1","floored_ll",26,0.0114227536859671,0.0121888474634165,0.00835283769277066,0.00246155785894527,0,1.06706734632565,4.95168026179939
"p1","floored_ll",27,0.0114227536859671,0.0136350965097612,0.0142956876267903,0.00359580718266861,0,1.19367858964795,3.79194317634183
"p1","floored_ll",28,0.0114227536859671,0.0128177702058322,0.0119813521472133,0.00648745458882835,0,1.12212611408918,1.97577802361883
"p1","floored_ll",29,0.0114227536859671,0.0130633190169608,0.00801022803757802,0.00592024029257493,0,1.1436225778911,2.2065521619696
"p1","floored_ll",30,0.0114227536859671,0.0122037752904453,0.00791790368219541,0.00473993679597257,0,1.06837419644597,2.57467046835195
"p1","floored_ll",31,0.0114227536859671,0.0104962888017212,0.0092134046920315,0.00670334087850478,0,0.918893034926937,1.56582948591784
"p1","floored_ll",32,0.0114227536859671,0.0122057905339116,0.0119547586769807,0.00490953824902294,0,1.06855062005814,2.48613818954169
"p1","floored_ll",33,0.0114227536859671,0.0113865277214049,0.0085223511791766,0.00937048710217013,0,0.99682861369875,1.21514789970394
"p1","floored_ll",34,0.0114227536859671,0.0143868579143905,0.0101803654593555,0.00566022531496827,0,1.25949121463284,2.54174650545182
"p1","floored_ll",35,0.0114227536859671,0.017271305659356,0.0134058637516317,0.00291917160621615,0,1.51200893708965,5.91650919821847
"p1","floored_ll",36,0.0114227536859671,0.0115066672688996,0.0127889707098412,0.00549873649938104,0,1.00734617809676,2.09260204961537
"p1","floored_ll",37,0.0114227536859671,0.0121008840070229,0.0112741676705386,0.00526049243194483,0,1.05936662381933,2.30033293718647
"p1","floored_ll",38,0.0114227536859671,0.0122116424758162,0.00755822606533434,0.00821504880196393,0,1.06906292576528,1.48649664417049
"p1","floored_ll",39,0.0114227536859671,0.0113731214669256,0.0103034886576889,0.00685509488674285,0,0.995654968985065,1.65907571737924
"p1","floored_ll",40,0.0114227536859671,0.0137901918216847,0.00878868439807552,0.00291286787523354,0,1.20725634122935,4.73423183349127
"p1","floored_ll",41,0.0114227536859671,0.0101282373168665,0.00825075874118119,0.00595789263185517,0,0.886672127869578,1.69996976157538
"p1","floored_ll",42,0.0114227536859671,0.0128917643575957,0.0117969844544478,0.00589816817427826,0,1.12860389990141,2.18572342745606
"p1","floored_ll",43,0.0114227536859671,0.0131844416069724,0.00949639229934313,0.00399301078776677,0,1.1542262023184,3.30187978639202
"p1","floored_ll",44,0.0114227536859671,0.0118898013787121,0.00944313081549412,0.00610899693253674,0,1.04088748699175,1.94627718920378
"p1","floored_ll",45,0.0114227536859671,0.0144938943771495,0.0137342136294431,0.00428742754970603,0,1.26886167518041,3.38055727102449
"p1","floored_ll",46,0.0114227536859671,0.0122556341894754,0.0112565902096086,0.00604520362285426,0,1.0729141611914,2.02733190709114
"p1","floored_ll",47,0.0114227536859671,0.0142248455434218,0.00934241068121774,0.00511131894119039,0,1.2453079121278,2.78300879031214
"p1","floored_ll",48,0.0114227536859671,0.0108963168322972,0.0118850631445893,0.00642023989560244,0,0.953913314762566,1.69718219404242
"p1","floored_ll",49,0.0114227536859671,0.0114373010506591,0.0107543623240523,0.00686888565493726,0,1.00127354271062,1.66508828727381
"p1","floored_ll",50,0.0114227536859671,0.0124987575076453,0.0103280180256801,0.00481513660138363,0,1.09419828626788,2.5957223111913
"p1","floored_ll",51,0.0114227536859671,0.00984843947614944,0.010644150432857,0.00567632609252849,0,0.86217734767828,1.7350024145217
"p1","floored_ll",52,0.0114227536859671,0.0117568420220123,0.0103345393560886,0.00317211547706767,0,1.02924761797635,3.70630959276439
"p1","floored_ll",53,0.0114227536859671,0.012640004059056,0.00847708537447304,0.00354462007039669,0,1.10656365413746,3.56596865334608
"p1","floored_ll",54,0.0114227536859671,0.0135025780372574,0.0129808451011425,0.00892563841595277,0,1.18207731764761,1.51278568635766
"p1","floored_ll",55,0.0114227536859671,0.0130927701629433,0.00963597194478649,0.00831571762061788,0,1.14620086564834,1.57446064913042
"p1","floored_ll",56,0.0114227536859671,0.0115138087127398,0.0111446421290103,0.00443460003234318,0,1.00797137268963,2.59635787416347
"p1","floored_ll",57,0.0114227536859671,0.0114274392246518,0.0107034844560525,0.00401758001708546,0,1.0004101934449,2.84435883692538
"p1","floored_ll",58,0.0114227536859671,0.0113946161581447,0.0104473924839414,0.00489923718123274,0,0.99753671237287,2.32579394232913
"p1","floored_ll",59,0.0114227536859671,0.0125604907655497,0.0114436438577645,0.00666756834563952,0,1.09960269746342,1.883818824859
"p1","floored_ll",60,0.0114227536859671,0.0118858082663224,0.0120790952637622,0.00502822389965823,0,1.04053791170549,2.36381841849372
"p1","floored_ll",61,0.0114227536859671,0.0123173907050963,0.0116392536746452,0.00786941506663736,0,1.07832060847361,1.56522315836615
"p1","floored_ll",62,0.0114227536859671,0.0161066744322008,0.0199626811223403,0.00221025304011994,0,1.41005180318191,7.28725360392524
"p1","floored_ll",63,0.0114227536859671,0.0134480239769717,0.00683231739508801,0.00611930381198752,0,1.17730140618305,2.1976395338678
"p1","floored_ll",64,0.0114227536859671,0.0146849752684082,0.0125644765338004,0.00750237380638788,0,1.28558976864298,1.95737717786132
"p1","floored_ll",65,0.0114227536859671,0.0103768301144699,0.00824908419202704,0.00744889742929837,0,0.908435076142616,1.3930692713871
"p1","floored_ll",66,0.0114227536859671,0.0132723493193013,0.0116644941667551,0.00730310828934069,0,1.16192204473483,1.81735622607062
"p1","floored_ll",67,0.0114227536859671,0.0121131709354927,0.0127717723249383,0.00792658177428344,0,1.06044227762468,1.52817081567139
"p1","floored_ll",68,0.0114227536859671,0.0132796037288822,0.0133632747705514,0.00545815156588367,0,1.16255712886431,2.43298552057196
"p1","floored_ll",69,0.0114227536859671,0.0153679485668947,0.0164475414479796,0.00236768676634603,0,1.34538036881371,6.49070172006387
"p1","floored_ll",70,0.0114227536859671,0.0112256799648934,0.0120473421930646,0.00735160104572109,0,0.982747266859493,1.52697077753249
"p1","floored_ll",71,0.0114227536859671,0.010793561793645,0.0142374718505602,0.00694542862195402,0,0.944917669625046,1.55405265551607
"p1","floored_ll",72,0.0114227536859671,0.0146219835255363,0.0104924811957866,0.00631571704912601,0,1.28007518392867,2.31517394015613
"p1","floored_ll",73,0.0114227536859671,0.0110457972263238,0.0124279714131991,0.00792919844506906,0,0.96699951080041,1.39305344705969
"p1","floored_ll",74,0.0114227536859671,0.0091596790299671,0.010507595792382,0.0105093791166738,0,0.801880114181204,0.871571852939886
"p1","floored_ll",75,0.0114227536859671,0.0130283633372199,0.0151640983896446,0.00460311038678537,0,1.14056239812168,2.83033910605789
"p1","floored_ll",76,0.0114227536859671,0.0110919625406589,0.00939349022530423,0.00779735031962319,0,0.9710410331517,1.42252971663263
"p1","floored_ll",77,0.0114227536859671,0.0118975545965641,0.00784654395683896,0.00599002727892192,0,1.04156623907423,1.98622711426207
"p1","floored_ll",78,0.0114227536859671,0.011378570422384,0.0090101510383195,0.00609194810138447,0,0.996131995419157,1.86780488490998
"p1","floored_ll",79,0.0114227536859671,0.0115435472971997,0.0118768185351897,0.00454678933368246,0,1.01057482412327,2.5388348678672
"p1","floored_ll",80,0.0114227536859671,0.0109134606426969,0.00914999927790474,0.00450891967976065,0,0.955414162182637,2.42041584632447
"p1","floored_ll",81,0.0114227536859671,0.0111264342412514,0.0102985709344987,0.00497640273740867,0,0.974058843177217,2.23583878322622
"p1","floored_ll",82,0.0114227536859671,0.0136158494105387,0.0121969043474774,0.00241505772537141,0,1.19199361072329,5.63789812040403
"p1","floored_ll",83,0.0114227536859671,0.013023639661656,0.00835173082096938,0.0054058680057587,0,1.14014886600028,2.40916715831432
"p1","floored_ll",84,0.0114227536859671,0.0117096849684515,0.00595439171093657,0.00426700556295476,0,1.02511927424618,2.74423944278687
"p1","floored_ll",85,0.0114227536859671,0.0113203835243774,0.0101335765006148,0.00685568104102558,0,0.991038048757413,1.65124127809247
"p1","floored_ll",86,0.0114227536859671,0.0134325687314291,0.0134638195092936,0.00663380496629529,0,1.17594838343849,2.02486639261731
"p1","floored_ll",87,0.0114227536859671,0.0122840796573047,0.0144262882497951,0.00617872619833861,0,1.07540440729241,1.98812494080216
"p1","floored_ll",88,0.0114227536859671,0.0103460193350462,0.00948110790811573,0.00358942525055215,0,0.905737759867506,2.8823609945505
"p1","floored_ll",89,0.0114227536859671,0.0125048591880391,0.0104752798881047,0.00448967878292831,0,1.09473245522236,2.7852458477849
"p1","floored_ll",90,0.0114227536859671,0.0129865561439376,0.0127987780135056,0.00636163552056288,0,1.1369024055812,2.04138638593186
"p1","floored_ll",91,0.0114227536859671,0.0109949442291317,0.00770817570057689,0.00830210097224246,0,0.962547607293593,1.32435684242972
"p1","floored_ll",92,0.0114227536859671,0.0128350342319246,0.0139644604210974,0.00643300061089433,0,1.12363748573975,1.9951862292984
"p1","floored_ll",93,0.0114227536859671,0.0144284751290687,0.0121401590842408,0.00393360685987106,0,1.2631345755791,3.6680013135684
"p1","floored_ll",94,0.0114227536859671,0.012926350022705,0.0109050767233303,0.00607229636892945,0,1.13163168690094,2.12874162217216
"p1","floored_ll",95,0.0114227536859671,0.0114096150197702,0.0120969373274638,0.00605034732499296,0,0.998849781186035,1.88577851929906
"p1","floored_ll",96,0.0114227536859671,0.014861093471012,0.0144411738648856,0.0012365973269261,0,1.30100796003934,12.0177305477064
"p1","floored_ll",97,0.0114227536859671,0.0131170680461055,0.010795108397496,0.00565832528577466,0,1.14832801325479,2.31818910784124
"p1","floored_ll",98,0.0114227536859671,0.0120722448755896,0.00567180027468258,0.00211695722898713,0,1.0568594235224,5.70263995431104
"p1","floored_ll",99,0.0114227536859671,0.0135985099499408,0.0124819827637888,0.00605614835679898,0,1.19047563519176,2.24540568506291
"p1","floored_ll",100,0.0114227536859671,0.0136476672819971,0.0114674098907402,0.00197598535886102,0,1.19477909243226,6.90676538709971
"p1","floored",1,0.0114227536859671,0.0127917754097179,0.00976492115164585,0.0124292328370873,0,1.11985041097687,1.02916853979505
"p1","floored",2,0.0114227536859671,0.00978474979720389,0.0107920553022193,0.00941918257950276,0,0.856601662454165,1.03881092808379
"p1","floored",3,0.0114227536859671,0.010503078443257,0.0127990377912483,0.0103446323683065,0,0.919487431140189,1.01531674295512
"p1","floored",4,0.0114227536859671,0.00950987173294255,0.0103944093174124,0.00947979869481779,0,0.83253758195149,1.00317232876909
"p1","floored",5,0.0114227536859671,0.00862870545743858,0.00836956383112482,0.0081654527107571,0,0.755396263865774,1.05673325939065
"p1","floored",6,0.0114227536859671,0.0105632863611607,0.0100044779960717,0.0105292528391133,0,0.924758307109235,1.0032322827239
"p1","floored",7,0.0114227536859671,0.00943330738531566,0.0133037353491961,0.00902507785193411,0,0.825834789461011,1.04523279910478
"p1","floored",8,0.0114227536859671,0.00965094763338007,0.00857220998630632,0.00945534845272617,0,0.844888010255904,1.02068661791068
"p1","floored",9,0.0114227536859671,0.0115349511619262,0.0112258064670464,0.0110422203967864,0,1.00982227920198,1.04462243529238
"p1","floored",10,0.0114227536859671,0.0137593987141936,0.011181959588185,0.0131443934810469,0,1.20456057203589,1.04678840709033
"p1","floored",11,0.0114227536859671,0.0104209589771455,0.0111700605511596,0.00977152008704374,0,0.912298318219679,1.066462421846
"p1","floored",12,0.0114227536859671,0.0100912017960851,0.0104203079562422,0.00959615738979292,0,0.883429869321456,1.05158777479189
"p1","floored",13,0.0114227536859671,0.0106588945725108,0.0164848153613084,0.0101585374161893,0,0.933128286361042,1.04925484209214
"p1","floored",14,0.0114227536859671,0.00952238460434665,0.0063827542565294,0.00905011577514113,0,0.83363301583268,1.05218373343938
"p1","floored",15,0.0114227536859671,0.0118023396071117,0.00993916991253313,0.0115736546491189,0,1.03323068426232,1.01975909640697
"p1","floored",16,0.0114227536859671,0.0116905322303689,0.0141431853639405,0.0108900195331148,0,1.02344255612644,1.07350883943044
"p1","floored",17,0.0114227536859671,0.00946185448061393,0.0119632386592884,0.0090195452095007,0,0.828333932494563,1.04903897711465
"p1","floored",18,0.0114227536859671,0.00953445049760097,0.00979949781971397,0.00937999692058242,0,0.834689319206283,1.01646627161248
"p1","floored",19,0.0114227536859671,0.0104022059319229,0.00988165623474451,0.00987063351663284,0,0.910656591037418,1.05385393089454
"p1","floored",20,0.0114227536859671,0.00920416863456302,0.00748998748759456,0.00890860018147847,0,0.805774937252682,1.0331778783494
"p1","floored",21,0.0114227536859671,0.0113051535071445,0.015992842914655,0.0110364302210218,0,0.989704743527201,1.02434875052359
"p1","floored",22,0.0114227536859671,0.00887733166281298,0.00809986392939923,0.00832892522119696,0,0.777162136807588,1.06584360251192
"p1","floored",23,0.0114227536859671,0.0104735664358979,0.0137824978957389,0.0098879667174857,0,0.91690381530022,1.05922347183639
"p1","floored",24,0.0114227536859671,0.00982773842184326,0.00909683207692748,0.00936079751214868,0,0.860365082888607,1.04988259911493
"p1","floored",25,0.0114227536859671,0.00974898801254073,0.0166110330764887,0.00937916471831756,0,0.853470912580157,1.03943030166651
"p1","floored",26,0.0114227536859671,0.00978714493361854,0.00835283769277066,0.0095645195128509,0,0.856811343629169,1.02327617403765
"p1","floored",27,0.0114227536859671,0.0108344097120048,0.0142956876267903,0.0105540322359555,0,0.94849368285993,1.02656591052414
"p1","floored",28,0.0114227536859671,0.0110163664220504,0.0119813521472133,0.0108471208738036,0,0.964423003849236,1.01560280835955
"p1","floored",29,0.0114227536859671,0.0112173077680625,0.00801022803757802,0.0105445122386505,0,0.982014326531697,1.06380527749267
"p1","floored",30,0.0114227536859671,0.0103088485400051,0.00791790368219541,0.0101794073756198,0,0.902483658793199,1.01271598233659
"p1","floored",31,0.0114227536859671,0.0096470052195429,0.0092134046920315,0.00906381565781953,0,0.844542873352356,1.06434261063333
"p1","floored",32,0.0114227536859671,0.0102623521873897,0.0119547586769807,0.00986088401855698,0,0.898413155839731,1.04071320259696
"p1","floored",33,0.0114227536859671,0.0105166823002509,0.0085223511791766,0.0102545985381044,0,0.920678374880009,1.0255576813829
"p1","floored",34,0.0114227536859671,0.0117865072083343,0.0101803654593555,0.011670354215321,0,1.03184464380196,1.00995282498459
"p1","floored",35,0.0114227536859671,0.0123161394854323,0.0134058637516317,0.0121793563805044,0,1.07821107099269,1.0112307334357
"p1","floored",36,0.0114227536859671,0.00980308926993101,0.0127889707098412,0.00956203966605409,0,0.858207183612312,1.02520901526195
"p1","floored",37,0.0114227536859671,0.0102615970942231,0.0112741676705386,0.00988682977310465,0,0.898347051537099,1.03790571191364
"p1","floored",38,0.0114227536859671,0.0111082586441571,0.00755822606533434,0.0107249605684867,0,0.972467668440021,1.03573887971175
"p1","floored",39,0.0114227536859671,0.00995862629487549,0.0103034886576889,0.0101204265700081,0,0.871823604767883,0.984012504412407
"p1","floored",40,0.0114227536859671,0.0101668171944736,0.00878868439807552,0.00961743985603944,0,0.890049586463864,1.05712303343277
"p1","floored",41,0.0114227536859671,0.00873723697685536,0.00825075874118119,0.00882197809062965,0,0.76489760849777,0.990394318269244
"p1","floored",42,0.0114227536859671,0.010882525541937,0.0117969844544478,0.0103928062590105,0,0.952705962250257,1.04712098645175
"p1","floored",43,0.0114227536859671,0.0105585079236317,0.00949639229934313,0.0104605188010124,0,0.924339980875435,1.00936752033846
"p1","floored",44,0.0114227536859671,0.010557390465568,0.00944313081549412,0.0102056903499083,0,0.924242153495595,1.03446117838201
"p1","floored",45,0.0114227536859671,0.0116178088136298,0.0137342136294431,0.0111627319566732,0,1.01707601625888,1.04076751629645
"p1","floored",46,0.0114227536859671,0.010477389606636,0.0112565902096086,0.0101433612741849,0,0.917238513118552,1.03293073404584
"p1","floored",47,0.0114227536859671,0.0110267068020283,0.00934241068121774,0.0112356153577861,0,0.965328247914037,0.981406576399659
"p1","floored",48,0.0114227536859671,0.00954516396527161,0.0118850631445893,0.00935043197088478,0,0.835627225070768,1.02082598910865
"p1","floored",49,0.0114227536859671,0.0100906756645245,0.0107543623240523,0.0099228299441597,0,0.883383809362967,1.01691510600397
"p1","floored",50,0.0114227536859671,0.0105580476452684,0.0103280180256801,0.0102288022113318,0,0.924299686006449,1.03218807316187
"p1","floored",51,0.0114227536859671,0.00879655373058396,0.010644150432857,0.00851054977212122,0,0.770090467886963,1.03360581467952
"p1","floored",52,0.0114227536859671,0.00921818402991177,0.0103345393560886,0.00856356732424002,0,0.807001908938675,1.07644205748448
"p1","floored",53,0.0114227536859671,0.0100753983553266,0.00847708537447304,0.00975904034989312,0,0.882046363978262,1.03241691745203
"p1","floored",54,0.0114227536859671,0.0121948471526501,0.0129808451011425,0.011911072053741,0,1.06759258650841,1.0238244800828
"p1","floored",55,0.0114227536859671,0.0117505354523494,0.00963597194478649,0.0117609550356425,0,1.02869551207998,0.999114052960708
"p1","floored",56,0.0114227536859671,0.00961789945014816,0.0111446421290103,0.00920716383889142,0,0.841994821438176,1.04461043796373
"p1","floored",57,0.0114227536859671,0.00929113227547329,0.0107034844560525,0.00873252510518824,0,0.81338813134765,1.06396857307094
"p1","floored",58,0.0114227536859671,0.00966544935865631,0.0104473924839414,0.00926883960468223,0,0.846157557483737,1.04278958002183
"p1","floored",59,0.0114227536859671,0.0108604003360947,0.0114436438577645,0.010507366574728,0,0.950769020734176,1.03359869086663
"p1","floored",60,0.0114227536859671,0.0101987886607591,0.0120790952637622,0.0101338000206414,0,0.892848514565129,1.00641305729197
"p1","floored",61,0.0114227536859671,0.0110637584585614,0.0116392536746452,0.0104488669110553,0,0.968571919059521,1.05884767724006
"p1","floored",62,0.0114227536859671,0.0118879735271549,0.0199626811223403,0.0116051561141001,0,1.04072746852269,1.02436997919495
"p1","floored",63,0.0114227536859671,0.0115562293735806,0.00683231739508801,0.0106500772573465,0,1.01168507098051,1.08508408853175
"p1","floored",64,0.0114227536859671,0.0118759102463783,0.0125644765338004,0.0117413556007486,0,1.03967139385732,1.01145989016986
"p1","floored",65,0.0114227536859671,0.00969017623683949,0.00824908419202704,0.00961248440537123,0,0.848322261272593,1.00808238829754
"p1","floored",66,0.0114227536859671,0.0116210942708199,0.0116644941667551,0.0111215898731775,0,1.01736364017868,1.04491303881356
"p1","floored",67,0.0114227536859671,0.0107328090080409,0.0127717723249383,0.0103391987588181,0,0.93959909345031,1.0380697052455
"p1","floored",68,0.0114227536859671,0.0112111674876269,0.0133632747705514,0.0108273757090446,0,0.981476778353352,1.03544642662226
"p1","floored",69,0.0114227536859671,0.011930614166923,0.0164475414479796,0.0112921530733754,0,1.04446042477303,1.05654024430939
"p1","floored",70,0.0114227536859671,0.0103129664303629,0.0120473421930646,0.00991554357425453,0,0.902844157712369,1.04008079366826
"p1","floored",71,0.0114227536859671,0.00991955418987612,0.0142374718505602,0.0092668882302076,0,0.868403054340767,1.07042989442141
"p1","floored",72,0.0114227536859671,0.0120601895112282,0.0104924811957866,0.011685711170394,0,1.05580404189615,1.03204583233094
"p1","floored",73,0.0114227536859671,0.0102655821554912,0.0124279714131991,0.00991263669368965,0,0.898695921991428,1.03560560854876
"p1","floored",74,0.0114227536859671,0.00942476888964642,0.010507595792382,0.00875861351550891,0,0.825087290573792,1.0760571719437
"p1","floored",75,0.0114227536859671,0.0106593472929876,0.0151640983896446,0.0103212475952167,0,0.93316791957815,1.03275763851723
"p1","floored",76,0.0114227536859671,0.0100811094105869,0.00939349022530423,0.00975706657584009,0,0.882546335825446,1.03321109190227
"p1","floored",77,0.0114227536859671,0.00983180648940698,0.00784654395683896,0.00963064171235208,0,0.860721220092959,1.02088799303964
"p1","floored",78,0.0114227536859671,0.0100056684553206,0.0090101510383195,0.00966917173829246,0,0.87594189023025,1.03480098669626
"p1","floored",79,0.0114227536859671,0.00977006061738369,0.0118768185351897,0.00944576516009149,0,0.855315704599865,1.03433236501182
"p1","floored",80,0.0114227536859671,0.00906647387920361,0.00914999927790474,0.00869509959033548,0,0.793720509822582,1.04271075736509
"p1","floored",81,0.0114227536859671,0.0095114440842222,0.0102985709344987,0.00887723122624386,0,0.832675232759945,1.07144264262301
"p1","floored",82,0.0114227536859671,0.0105789510386565,0.0121969043474774,0.00982959114106867,0,0.926129664482981,1.07623510345786
"p1","floored",83,0.0114227536859671,0.0106126847414885,0.00835173082096938,0.0102760285997051,0,0.929082866815751,1.03276130837093
"p1","floored",84,0.0114227536859671,0.00914186519226704,0.00595439171093657,0.00879818476305299,0,0.800320609512733,1.03906265195263
"p1","floored",85,0.0114227536859671,0.0102201748921634,0.0101335765006148,0.00979851607033143,0,0.894720762885648,1.04303292649676
"p1","floored",86,0.0114227536859671,0.0116752484493723,0.0134638195092936,0.0114850303821111,0,1.02210454417093,1.01656226069349
"p1","floored",87,0.0114227536859671,0.0106634618045073,0.0144262882497951,0.0104000295344294,0,0.933528122698419,1.02532995403579
"p1","floored",88,0.0114227536859671,0.00853991448706025,0.00948110790811573,0.00848766327074741,0,0.74762309700782,1.00615613681246
"p1","floored",89,0.0114227536859671,0.00997064934659363,0.0104752798881047,0.00944595544623482,0,0.872876157597846,1.05554693787678
"p1","floored",90,0.0114227536859671,0.0110205931736215,0.0127987780135056,0.0107958841892047,0,0.964793032975955,1.02081431964985
"p1","floored",91,0.0114227536859671,0.0102115928411962,0.00770817570057689,0.00974567616477021,0,0.893969450968824,1.04780752700466
"p1","floored",92,0.0114227536859671,0.0109492831630044,0.0139644604210974,0.0105840630162739,0,0.958550229132191,1.03450661113496
"p1","floored",93,0.0114227536859671,0.0113826565967038,0.0121401590842408,0.0113018065184627,0,0.996489717771591,1.00715373052167
"p1","floored",94,0.0114227536859671,0.0111882449954001,0.0109050767233303,0.010657691517677,0,0.979470038747734,1.04978127550822
"p1","floored",95,0.0114227536859671,0.00985088344172685,0.0120969373274638,0.00949682869911234,0,0.862391303581086,1.0372813655834
"p1","floored",96,0.0114227536859671,0.0108412363175886,0.0144411738648856,0.010596990296919,0,0.949091315074671,1.02304862171484
"p1","floored",97,0.0114227536859671,0.0111983407353911,0.010795108397496,0.0107065247215719,0,0.980353865911361,1.04593610220022
"p1","floored",98,0.0114227536859671,0.00891885102291106,0.00567180027468258,0.00847132672622695,0,0.78079693111722,1.05282812375759
"p1","floored",99,0.0114227536859671,0.0113622514992362,0.0124819827637888,0.0112163834073772,0,0.994703362394546,1.01300491313118
"p1","floored",100,0.0114227536859671,0.00962214773516228,0.0114674098907402,0.00910540323026876,0,0.842366735700788,1.05675141361952
"p1","gamma_ll",1,0.0114227536859671,0.0132569986125343,0.00976492115164585,0.000165051148479159,0,1.16057817379188,80.3205475071761
"p1","gamma_ll",2,0.0114227536859671,0.0105182446242398,0.0107920553022193,0.000278337259830078,0,0.920815147853659,37.789567342371
"p1","gamma_ll",3,0.0114227536859671,0.012286985453827,0.0127990377912483,0.000285284356337124,0,1.07565879398429,43.0692576753396
"p1","gamma_ll",4,0.0114227536859671,0.0109807902129387,0.0103944093174124,0.000472571473533922,0,0.961308500106116,23.2362527742599
"p1","gamma_ll",5,0.0114227536859671,0.00873324887294431,0.00836956383112482,0.000338239097073054,0,0.76454847167659,25.8197498412139
"p1","gamma_ll",6,0.0114227536859671,0.0127876648263005,0.0100044779960717,0.000424135819037625,0,1.11949055174062,30.149928990473
"p1","gamma_ll",7,0.0114227536859671,0.0107868934368888,0.0133037353491961,0.000180124589034444,0,0.944333891235047,59.8857351720377
"p1","gamma_ll",8,0.0114227536859671,0.0108377445925001,0.00857220998630632,0.000564872810183962,0,0.948785633521476,19.1861679250778
"p1","gamma_ll",9,0.0114227536859671,0.0110188911900108,0.0112258064670464,9.7294962593514e-05,0,0.964644033561501,113.25243256474
"p1","gamma_ll",10,0.0114227536859671,0.0128422569126054,0.011181959588185,0.0014975716755709,0,1.12426979217648,8.57538715648435
"p1","gamma_ll",11,0.0114227536859671,0.0104150397029204,0.0111700605511596,0.000353375122097577,0,0.91178011793385,29.4730416818775
"p1","gamma_ll",12,0.0114227536859671,0.0107898003887961,0.0104203079562422,0.000433002088181306,0,0.944588379074603,24.9185874232511
"p1","gamma_ll",13,0.0114227536859671,0.0112541016964084,0.0164848153613084,0.000167949823559235,0,0.985235434975199,67.0087140189173
"p1","gamma_ll",14,0.0114227536859671,0.0113066084420906,0.0063827542565294,0.000275091012295318,0,0.989832115173841,41.1013371456596
"p1","gamma_ll",15,0.0114227536859671,0.0124399752366507,0.00993916991253313,0.000511313058253885,0,1.08905221793702,24.3294690715172
"p1","gamma_ll",16,0.0114227536859671,0.0132368987272537,0.0141431853639405,0.000450332865883829,0,1.15881853808292,29.3935880102261
"p1","gamma_ll",17,0.0114227536859671,0.0100722780519429,0.0119632386592884,0.000645998127998527,0,0.881773198376564,15.5918068727993
"p1","gamma_ll",18,0.0114227536859671,0.0105358071381486,0.00979949781971397,0.000107012389606655,0,0.92235265049021,98.4540872031274
"p1","gamma_ll",19,0.0114227536859671,0.0115233963764869,0.00988165623474451,8.28855093287392e-05,0,1.0088107205396,139.027876764115
"p1","gamma_ll",20,0.0114227536859671,0.00936529275523037,0.00748998748759456,0.000591939608423944,0,0.819880478271683,15.8213652574555
"p1","gamma_ll",21,0.0114227536859671,0.0115344983103251,0.015992842914655,0.000639385820892188,0,1.00978263450566,18.0399657506168
"p1","gamma_ll",22,0.0114227536859671,0.00911528942628742,0.00809986392939923,0.000232784183807697,0,0.797994045646415,39.1576836415036
"p1","gamma_ll",23,0.0114227536859671,0.011627008025601,0.0137824978957389,0.000357943028247529,0,1.01788135726719,32.482845335824
"p1","gamma_ll",24,0.0114227536859671,0.0112499457245992,0.00909683207692748,0.000178012385681675,0,0.984871602231939,63.1975448310466
"p1","gamma_ll",25,0.0114227536859671,0.0113125327745376,0.0166110330764887,0.000174296711939682,0,0.99035075827951,64.9038794171431
"p1","gamma_ll",26,0.0114227536859671,0.0116657169335148,0.00835283769277066,0.000202379490358526,0,1.02127011176352,57.6427824422738
"p1","gamma_ll",27,0.0114227536859671,0.0119665322179834,0.0142956876267903,0.000263554115288253,0,1.04760485492078,45.4044597440469
"p1","gamma_ll",28,0.0114227536859671,0.01207287025912,0.0119813521472133,0.00151826380264527,0,1.05691417245139,7.95176058211059
"p1","gamma_ll",29,0.0114227536859671,0.0114154037051792,0.00801022803757802,0.00132241671410163,0,0.9993565491308,8.63222884545449
"p1","gamma_ll",30,0.0114227536859671,0.0114147056152648,0.00791790368219541,0.000587114484022692,0,0.999295435153064,19.4420439725068
"p1","gamma_ll",31,0.0114227536859671,0.00970582015836863,0.0092134046920315,0.000398724926316548,0,0.849691801574277,24.3421454686361
"p1","gamma_ll",32,0.0114227536859671,0.012223237924882,0.0119547586769807,0.00033931152981248,0,1.07007804430715,36.0236445004895
"p1","gamma_ll",33,0.0114227536859671,0.0104523249319853,0.0085223511791766,0.000178279368133106,0,0.915044237084966,58.628909455083
"p1","gamma_ll",34,0.0114227536859671,0.0134091442069771,0.0101803654593555,0.000289257060167775,0,1.17389769364022,46.3571889972176
"p1","gamma_ll",35,0.0114227536859671,0.0162962770296488,0.0134058637516317,0.000172345420258073,0,1.4266504800562,94.5559040979824
"p1","gamma_ll",36,0.0114227536859671,0.0102091860695596,0.0127889707098412,0.000583484981192302,0,0.893758751193382,17.4969132002301
"p1","gamma_ll",37,0.0114227536859671,0.0109166897894785,0.0112741676705386,0.000667024520868794,0,0.955696856432235,16.3662495874359
"p1","gamma_ll",38,0.0114227536859671,0.0107075446341558,0.00755822606533434,0.000328814173298555,0,0.937387334834162,32.5641213295075
"p1","gamma_ll",39,0.0114227536859671,0.0103079740048992,0.0103034886576889,0.000686814649206871,0,0.902407097997964,15.0083781946159
"p1","gamma_ll",40,0.0114227536859671,0.0126753128085785,0.00878868439807552,0.000221463806541491,0,1.10965474324726,57.2342406938798
"p1","gamma_ll",41,0.0114227536859671,0.00930443196947734,0.00825075874118119,0.000466741556291748,0,0.81455244727091,19.9348694026751
"p1","gamma_ll",42,0.0114227536859671,0.0115753614343884,0.0117969844544478,0.000159881835784048,0,1.01335997891723,72.3994778870515
"p1","gamma_ll",43,0.0114227536859671,0.0129429160013814,0.00949639229934313,0.000269992216689367,0,1.13308194829429,47.9381078465405
"p1","gamma_ll",44,0.0114227536859671,0.012368152130389,0.00944313081549412,0.000433140068211302,0,1.08276449535836,28.5546247925403
"p1","gamma_ll",45,0.0114227536859671,0.0140593277638811,0.0137342136294431,0.000244063455773315,0,1.23081773015494,57.6052146739219
"p1","gamma_ll",46,0.0114227536859671,0.0108852187416555,0.0112565902096086,0.000376959627801647,0,0.952941737247471,28.8763515741351
"p1","gamma_ll",47,0.0114227536859671,0.0129416111062658,0.00934241068121774,0.000454420240629415,0,1.13296771181931,28.4793896687797
"p1","gamma_ll",48,0.0114227536859671,0.0107234383266505,0.0118850631445893,0.000524089298088509,0,0.93877874122632,20.4610900580526
"p1","gamma_ll",49,0.0114227536859671,0.0106035581462036,0.0107543623240523,0.000642159613677288,0,0.928283883003629,16.5123404218508
"p1","gamma_ll",50,0.0114227536859671,0.0122708876237587,0.0103280180256801,0.000314555719026991,0,1.0742495164571,39.0102194349415
"p1","gamma_ll",51,0.0114227536859671,0.0093329902342097,0.010644150432857,4.75644541489182e-05,0,0.817052568127708,196.21775128522
"p1","gamma_ll",52,0.0114227536859671,0.0113927036913865,0.0103345393560886,0.000245488375870226,0,0.997369286302864,46.4083223940877
"p1","gamma_ll",53,0.0114227536859671,0.0110514430680449,0.00847708537447304,0.000246470727799772,0,0.967493773556688,44.8387651008314
"p1","gamma_ll",54,0.0114227536859671,0.0128924847735764,0.0129808451011425,0.00028718240619896,0,1.1286669684049,44.8930174526238
"p1","gamma_ll",55,0.0114227536859671,0.0121983407424858,0.00963597194478649,0.000617616926964156,0,1.06789843131008,19.7506580696317
"p1","gamma_ll",56,0.0114227536859671,0.0105301753935243,0.0111446421290103,0.00016584318221255,0,0.921859621858139,63.4947741175666
"p1","gamma_ll",57,0.0114227536859671,0.010830838079758,0.0107034844560525,0.000272761339289024,0,0.948181005869336,39.7081129898743
"p1","gamma_ll",58,0.0114227536859671,0.0101852349486977,0.0104473924839414,0.000278457482707543,0,0.891661960741593,36.5773433332191
"p1","gamma_ll",59,0.0114227536859671,0.01253970915361,0.0114436438577645,0.000638061540894347,0,1.09778338029078,19.6528208486497
"p1","gamma_ll",60,0.0114227536859671,0.0111829423042779,0.0120790952637622,0.000873926077624706,0,0.979005816961292,12.7962107901307
"p1","gamma_ll",61,0.0114227536859671,0.012087659122736,0.0116392536746452,0.000538987689650418,0,1.0582088570802,22.4265959220255
"p1","gamma_ll",62,0.0114227536859671,0.0167550819296256,0.0199626811223403,0.000185134082166145,0,1.46681635534251,90.5024171324058
"p1","gamma_ll",63,0.0114227536859671,0.0118393560068505,0.00683231739508801,0.000441589423791212,0,1.03647126886709,26.8107779964592
"p1","gamma_ll",64,0.0114227536859671,0.013174658778862,0.0125644765338004,0.000296538525248824,0,1.15336976888918,44.4281523549333
"p1","gamma_ll",65,0.0114227536859671,0.00985762961583036,0.00824908419202704,0.00115472586361797,0,0.862981894456891,8.53677043739595
"p1","gamma_ll",66,0.0114227536859671,0.0118380837411409,0.0116644941667551,0.000697230285345159,0,1.03635988891925,16.9787285348348
"p1","gamma_ll",67,0.0114227536859671,0.0114345141064208,0.0127717723249383,0.000577465924659537,0,1.00102956089021,19.8011927944707
"p1","gamma_ll",68,0.0114227536859671,0.012117918879743,0.0133632747705514,0.000832161992720244,0,1.06085793433766,14.561971089464
"p1","gamma_ll",69,0.0114227536859671,0.0140128490043972,0.0164475414479796,0.000204718419508283,0,1.22674876738452,68.4493805591843
"p1","gamma_ll",70,0.0114227536859671,0.0107838633528747,0.0120473421930646,0.000381375266474638,0,0.94406862384879,28.276252554495
"p1","gamma_ll",71,0.0114227536859671,0.0103394480932564,0.0142374718505602,0.000560268424575163,0,0.905162483364975,18.454454400311
"p1","gamma_ll",72,0.0114227536859671,0.0130809261527803,0.0104924811957866,0.000276175800927659,0,1.1451639869334,47.3644906933995
"p1","gamma_ll",73,0.0114227536859671,0.0100909013197781,0.0124279714131991,0.000521683718674019,0,0.883403564253928,19.3429485310112
"p1","gamma_ll",74,0.0114227536859671,0.00945497049570227,0.010507595792382,0.000267869549015659,0,0.827731277031537,35.2969216935873
"p1","gamma_ll",75,0.0114227536859671,0.012016037539464,0.0151640983896446,0.000144724586723663,0,1.05193877674397,83.0269259114029
"p1","gamma_ll",76,0.0114227536859671,0.00973531530464396,0.00939349022530423,0.000652697651217902,0,0.852273941318003,14.915505343827
"p1","gamma_ll",77,0.0114227536859671,0.0121388228116475,0.00784654395683896,0.000515298616285297,0,1.06268795995838,23.5568705756563
"p1","gamma_ll",78,0.0114227536859671,0.0103061952536102,0.0090101510383195,0.000211613878439389,0,0.902251377990522,48.7028323927351
"p1","gamma_ll",79,0.0114227536859671,0.011249373955121,0.0118768185351897,0.000312456540516504,0,0.984821546921814,36.0030036065986
"p1","gamma_ll",80,0.0114227536859671,0.00925811093700814,0.00914999927790474,0.000542001381088681,0,0.810497292643343,17.081341967085
"p1","gamma_ll",81,0.0114227536859671,0.0103127365483823,0.0102985709344987,0.000462489869105557,0,0.902824032794429,22.2982971893565
"p1","gamma_ll",82,0.0114227536859671,0.0123036288245547,0.0121969043474774,0.000102687602808386,0,1.07711583063108,119.816107183972
"p1","gamma_ll",83,0.0114227536859671,0.0116079460099209,0.00835173082096938,0.000196092035550376,0,1.01621258140069,59.1964175257839
"p1","gamma_ll",84,0.0114227536859671,0.0110870723733737,0.00595439171093657,0.000379626753553975,0,0.97061292558503,29.2051923885217
"p1","gamma_ll",85,0.0114227536859671,0.0110561751513714,0.0101335765006148,0.000214850847438775,0,0.967908041731998,51.4597698038963
"p1","gamma_ll",86,0.0114227536859671,0.0125621661536419,0.0134638195092936,0.000487633239929673,0,1.09974936858479,25.7615050103099
"p1","gamma_ll",87,0.0114227536859671,0.0115280469497109,0.0144262882497951,0.000315967577961114,0,1.00921785294847,36.4849046351511
"p1","gamma_ll",88,0.0114227536859671,0.00934468311338647,0.00948110790811573,0.000342259031168625,0,0.818076216146236,27.3029555465039
"p1","gamma_ll",89,0.0114227536859671,0.0106371548547766,0.0104752798881047,0.000257939532869922,0,0.931225092233609,41.238947502246
"p1","gamma_ll",90,0.0114227536859671,0.0114279754796963,0.0127987780135056,0.000731653247632821,0,1.00045713965938,15.6193873486795
"p1","gamma_ll",91,0.0114227536859671,0.0099862033910786,0.00770817570057689,0.000492258747011114,0,0.874237829652815,20.2864925239269
"p1","gamma_ll",92,0.0114227536859671,0.011563324004596,0.0139644604210974,0.000800073375648034,0,1.01230616736502,14.4528293985912
"p1","gamma_ll",93,0.0114227536859671,0.0140309979475132,0.0121401590842408,0.000336108888786732,0,1.22833760871079,41.7453938756621
"p1","gamma_ll",94,0.0114227536859671,0.012392996673977,0.0109050767233303,0.000139715681601255,0,1.08493950011387,88.7015439637358
"p1","gamma_ll",95,0.0114227536859671,0.0111513088542448,0.0120969373274638,0.000433652346971455,0,0.97623648034573,25.7148587621476
"p1","gamma_ll",96,0.0114227536859671,0.0139866958398434,0.0144411738648856,0.000100410992189797,0,1.2244591999761,139.294469009984
"p1","gamma_ll",97,0.0114227536859671,0.0121308387898128,0.010795108397496,0.00068270378920776,0,1.06198900224169,17.768817137942
"p1","gamma_ll",98,0.0114227536859671,0.0106935616642439,0.00567180027468258,9.54978125392577e-05,0,0.936163201818926,111.977032561327
"p1","gamma_ll",99,0.0114227536859671,0.01249869513383,0.0124819827637888,0.000456270585436177,0,1.09419282577936,27.3931643476024
"p1","gamma_ll",100,0.0114227536859671,0.0131870218506815,0.0114674098907402,0.000135827442685006,0,1.15445208863094,97.086579780959
"p1","gamma_pw",1,0.0114227536859671,0.014294079816314,0.00976492115164585,0.0106676366111947,0,1.25136899641584,1.33994813821402
"p1","gamma_pw",2,0.0114227536859671,0.0108307266305821,0.0107920553022193,0.00640679502626112,0,0.948171249099736,1.69050618697609
"p1","gamma_pw",3,0.0114227536859671,0.0129850994418632,0.0127990377912483,0.00434023470946424,0,1.13677487923209,2.99179659882175
"p1","gamma_pw",4,0.0114227536859671,0.0126749331324834,0.0103944093174124,0.00352518884942112,0,1.10962150466876,3.59553308316087
"p1","gamma_pw",5,0.0114227536859671,0.0100800394100611,0.00836956383112482,0.0105324928812243,0,0.882452663095102,0.957042128937034
"p1","gamma_pw",6,0.0114227536859671,0.0137609744690344,0.0100044779960717,0.00129290489567479,0,1.20469852080762,10.6434545302362
"p1","gamma_pw",7,0.0114227536859671,0.0116260304310422,0.0133037353491961,0.00412372927378067,0,1.01779577417701,2.81930011869654
"p1","gamma_pw",8,0.0114227536859671,0.0151996206184522,0.00857220998630632,0.00208192813585265,0,1.33064417182741,7.30074220944577
"p1","gamma_pw",9,0.0114227536859671,0.0117769374908232,0.0112258064670464,0.0167779112366175,0,1.03100686704741,0.701931088127364
"p1","gamma_pw",10,0.0114227536859671,0.013821122861,0.011181959588185,0.0211485357592317,0,1.20996418560432,0.653526230768335
"p1","gamma_pw",11,0.0114227536859671,0.0115058049505539,0.0111700605511596,0.0139802374186042,0,1.00727068681248,0.823004975240446
"p1","gamma_pw",12,0.0114227536859671,0.0128788490099267,0.0104203079562422,0.00198364656699135,0,1.12747323141078,6.49251193445233
"p1","gamma_pw",13,0.0114227536859671,0.0116437484416276,0.0164848153613084,0.00784508028306904,0,1.01934688970244,1.48421023386551
"p1","gamma_pw",14,0.0114227536859671,0.0136085729419181,0.0063827542565294,0.000379584598424115,0,1.19135659544478,35.8512252562815
"p1","gamma_pw",15,0.0114227536859671,0.013470272017401,0.00993916991253313,0.0112722497454939,0,1.17924910119959,1.19499410690274
"p1","gamma_pw",16,0.0114227536859671,0.0168198407613114,0.0141431853639405,0.00159821545827785,0,1.47248563907796,10.5241384534195
"p1","gamma_pw",17,0.0114227536859671,0.0104288143387681,0.0119632386592884,0.00756496143696839,0,0.912986012434108,1.37856807673926
"p1","gamma_pw",18,0.0114227536859671,0.0110512053921457,0.00979949781971397,0.00915375547051187,0,0.967472966323533,1.20728649872135
"p1","gamma_pw",19,0.0114227536859671,0.011590895657941,0.00988165623474451,0.0109697422134666,0,1.0147199157573,1.05662425172688
"p1","gamma_pw",20,0.0114227536859671,0.0096647347321987,0.00748998748759456,0.014375107988339,0,0.846094995821527,0.672324322018218
"p1","gamma_pw",21,0.0114227536859671,0.0122503786969014,0.015992842914655,0.0119028581314519,0,1.07245407138131,1.02919639649667
"p1","gamma_pw",22,0.0114227536859671,0.010177642915219,0.00809986392939923,0.0048146268109875,0,0.890997319474918,2.11390068530181
"p1","gamma_pw",23,0.0114227536859671,0.0138586714267379,0.0137824978957389,0.00189309846419084,0,1.21325135844987,7.3206289524203
"p1","gamma_pw",24,0.0114227536859671,0.0147376663545046,0.00909683207692748,0.000485137871930815,0,1.29020258684295,30.3783052348597
"p1","gamma_pw",25,0.0114227536859671,0.0115209433214913,0.0166110330764887,0.00607987447258359,0,1.00859596890764,1.89493111633201
"p1","gamma_pw",26,0.0114227536859671,0.0131956555682879,0.00835283769277066,0.000302084199320081,0,1.1552079236812,43.6820449331285
"p1","gamma_pw",27,0.0114227536859671,0.0151060361645003,0.0142956876267903,0.00059036531298513,0,1.32245136153624,25.5876079306183
"p1","gamma_pw",28,0.0114227536859671,0.0121736350237502,0.0119813521472133,0.00718500728894896,0,1.06573557991586,1.69431074098896
"p1","gamma_pw",29,0.0114227536859671,0.0127633430952347,0.00801022803757802,0.00705603927981741,0,1.11736131637982,1.80885374770263
"p1","gamma_pw",30,0.0114227536859671,0.0121006522635429,0.00791790368219541,0.00811776991204956,0,1.05934633593724,1.49063750200425
"p1","gamma_pw",31,0.0114227536859671,0.0105772250563933,0.0092134046920315,0.0064530885042906,0,0.925978564116937,1.63909499294184
"p1","gamma_pw",32,0.0114227536859671,0.0125685213594339,0.0119547586769807,0.003481413058787,0,1.10030573230992,3.61017815099857
"p1","gamma_pw",33,0.0114227536859671,0.0108640018979451,0.0085223511791766,0.017319765749017,0,0.95108431789889,0.627260325305595
"p1","gamma_pw",34,0.0114227536859671,0.01416194088676,0.0101803654593555,0.00434259043581293,0,1.23980095133785,3.26117350832071
"p1","gamma_pw",35,0.0114227536859671,0.0187124534843048,0.0134058637516317,0.000130205055463487,0,1.63817359620501,143.715260653242
"p1","gamma_pw",36,0.0114227536859671,0.0129512853372232,0.0127889707098412,0.00288298790826833,0,1.13381463815804,4.4923134433132
"p1","gamma_pw",37,0.0114227536859671,0.0115915335750245,0.0112741676705386,0.0069938371071524,0,1.01477576193074,1.65739255825249
"p1","gamma_pw",38,0.0114227536859671,0.0116227267509631,0.00755822606533434,0.0188031033177296,0,1.01750655494232,0.618128111863534
"p1","gamma_pw",39,0.0114227536859671,0.0112322935835156,0.0103034886576889,0.010317411551616,0,0.983326253223381,1.08867360067229
"p1","gamma_pw",40,0.0114227536859671,0.0158954447235135,0.00878868439807552,0.000194301724446594,0,1.39155979026678,81.8080476063018
"p1","gamma_pw",41,0.0114227536859671,0.00974509216872843,0.00825075874118119,0.00905372288779548,0,0.853129852629168,1.07636298233348
"p1","gamma_pw",42,0.0114227536859671,0.0120573275190086,0.0117969844544478,0.0107571897849845,0,1.05555349003289,1.12086221029947
"p1","gamma_pw",43,0.0114227536859671,0.0134939861751348,0.00949639229934313,0.00100670431272644,0,1.18132514681746,13.4041207577518
"p1","gamma_pw",44,0.0114227536859671,0.01214196069732,0.00944313081549412,0.00702487561858888,0,1.0629626647939,1.728423584496
"p1","gamma_pw",45,0.0114227536859671,0.016138782282828,0.0137342136294431,0.0013151515409237,0,1.41286267099102,12.2714240759608
"p1","gamma_pw",46,0.0114227536859671,0.0117394746993753,0.0112565902096086,0.0107492649096923,0,1.02772720327475,1.09211883770678
"p1","gamma_pw",47,0.0114227536859671,0.0138911752543859,0.00934241068121774,0.00347746001104954,0,1.21609689189492,3.99463263711072
"p1","gamma_pw",48,0.0114227536859671,0.0111546943972671,0.0118850631445893,0.00765842949230249,0,0.976532866236157,1.45652504974796
"p1","gamma_pw",49,0.0114227536859671,0.011047634847827,0.0107543623240523,0.014393536432635,0,0.967160384575129,0.767541382170558
"p1","gamma_pw",50,0.0114227536859671,0.0135472872962102,0.0103280180256801,0.00223683339465167,0,1.18599137026417,6.05645790544892
"p1","gamma_pw",51,0.0114227536859671,0.0095735856212005,0.010644150432857,0.0170602706168228,0,0.838115386569322,0.56116258857935
"p1","gamma_pw",52,0.0114227536859671,0.0130127769382722,0.0103345393560886,0.000656440072704999,0,1.13919789360935,19.8232519301424
"p1","gamma_pw",53,0.0114227536859671,0.0143551058346303,0.00847708537447304,0.000540653689874576,0,1.25671149262945,26.5513878911295
"p1","gamma_pw",54,0.0114227536859671,0.0133532608597368,0.0129808451011425,0.0105559093634875,0,1.16900541032775,1.26500336445908
"p1","gamma_pw",55,0.0114227536859671,0.0133244181735997,0.00963597194478649,0.00691003020414723,0,1.16648038992286,1.92827205959283
"p1","gamma_pw",56,0.0114227536859671,0.0106875818617075,0.0111446421290103,0.0107144878160139,0,0.935639702608416,0.997488824965927
"p1","gamma_pw",57,0.0114227536859671,0.0132693119726417,0.0107034844560525,0.00133298181863207,0,1.16165614154344,9.95460837287255
"p1","gamma_pw",58,0.0114227536859671,0.0108051473303596,0.0104473924839414,0.0138064575404564,0,0.945931920394439,0.782615475309128
"p1","gamma_pw",59,0.0114227536859671,0.0142041230939346,0.0114436438577645,0.00205400049708944,0,1.24349377430631,6.91534549970271
"p1","gamma_pw",60,0.0114227536859671,0.0122981698758231,0.0120790952637622,0.00683271778175717,0,1.07663792934022,1.79989431272256
"p1","gamma_pw",61,0.0114227536859671,0.0123213339409959,0.0116392536746452,0.00795305382313893,0,1.07866581734426,1.54925821137381
"p1","gamma_pw",62,0.0114227536859671,0.0194033974629112,0.0199626811223403,0.000102116006845173,0,1.69866198609783,190.013280604778
"p1","gamma_pw",63,0.0114227536859671,0.0131083716769556,0.00683231739508801,0.0103890906225686,0,1.14756669340242,1.26174389589786
"p1","gamma_pw",64,0.0114227536859671,0.0163617418194291,0.0125644765338004,0.00182503074808354,0,1.43238156658578,8.96518693540394
"p1","gamma_pw",65,0.0114227536859671,0.0103695135247731,0.00824908419202704,0.00933469289094286,0,0.907794548481949,1.11085749107335
"p1","gamma_pw",66,0.0114227536859671,0.0125261224301444,0.0116644941667551,0.0125413553896305,0,1.09659393649823,0.998785381722084
"p1","gamma_pw",67,0.0114227536859671,0.0127254428868856,0.0127717723249383,0.00591278410941437,0,1.11404335913492,2.15219136220856
"p1","gamma_pw",68,0.0114227536859671,0.0133506396659373,0.0133632747705514,0.00525859251973528,0,1.16877593905737,2.53882376621366
"p1","gamma_pw",69,0.0114227536859671,0.0167450765033299,0.0164475414479796,0.000343389232187849,0,1.46594043465204,48.7641280905675
"p1","gamma_pw",70,0.0114227536859671,0.0113469480384794,0.0120473421930646,0.0129437357412901,0,0.993363627582998,0.876636255967663
"p1","gamma_pw",71,0.0114227536859671,0.0108979050907946,0.0142374718505602,0.00806210330538453,0,0.954052358161472,1.35174465992219
"p1","gamma_pw",72,0.0114227536859671,0.0145160833185911,0.0104924811957866,0.00434956134313227,0,1.27080419640179,3.33736719025959
"p1","gamma_pw",73,0.0114227536859671,0.0111726375407873,0.0124279714131991,0.0129331570229515,0,0.978103690926374,0.863875503943858
"p1","gamma_pw",74,0.0114227536859671,0.0089122584961619,0.010507595792382,0.0177237754988568,0,0.780219791232181,0.502841987404813
"p1","gamma_pw",75,0.0114227536859671,0.013009772534611,0.0151640983896446,0.00710156404703259,0,1.13893487439842,1.83195876970893
"p1","gamma_pw",76,0.0114227536859671,0.0109557256058062,0.00939349022530423,0.0165474051014796,0,0.959114229983384,0.662081186664524
"p1","gamma_pw",77,0.0114227536859671,0.0145615808284464,0.00784654395683896,0.00183986629338667,0,1.27478725610054,7.9144777426422
"p1","gamma_pw",78,0.0114227536859671,0.0110232961926695,0.0090101510383195,0.00880183056538349,0,0.965029667602101,1.25238677463559
"p1","gamma_pw",79,0.0114227536859671,0.0129227205299184,0.0118768185351897,0.00216249966769201,0,1.13131394453458,5.97582544080134
"p1","gamma_pw",80,0.0114227536859671,0.0101348758114016,0.00914999927790474,0.0064137143204448,0,0.88725329198443,1.58018821934351
"p1","gamma_pw",81,0.0114227536859671,0.0109479327141568,0.0102985709344987,0.00570674467693973,0,0.958432004675571,1.91841992833428
"p1","gamma_pw",82,0.0114227536859671,0.0143513823642824,0.0121969043474774,0.000202718305157815,0,1.25638552303838,70.7947037792662
"p1","gamma_pw",83,0.0114227536859671,0.0123716092673373,0.00835173082096938,0.00627858368918199,0,1.08306714890787,1.97044586482993
"p1","gamma_pw",84,0.0114227536859671,0.0141242907538492,0.00595439171093657,0.00148359823933551,0,1.23650488683835,9.52029355344567
"p1","gamma_pw",85,0.0114227536859671,0.0117819551549815,0.0101335765006148,0.00823097943965545,0,1.03144613627235,1.43141593796458
"p1","gamma_pw",86,0.0114227536859671,0.0134239020375825,0.0134638195092936,0.00911379436758892,0,1.17518966149763,1.47292132081907
"p1","gamma_pw",87,0.0114227536859671,0.0136650323017814,0.0144262882497951,0.00188043858211351,0,1.19629930553163,7.26693891082718
"p1","gamma_pw",88,0.0114227536859671,0.0102073278246715,0.00948110790811573,0.00629195068240517,0,0.893596071953407,1.62228350791358
"p1","gamma_pw",89,0.0114227536859671,0.0116860743083711,0.0104752798881047,0.00889142138907662,0,1.02305228928532,1.31430890484257
"p1","gamma_pw",90,0.0114227536859671,0.0123614330936436,0.0127987780135056,0.0127221267106844,0,1.08217628021075,0.971648323802824
"p1","gamma_pw",91,0.0114227536859671,0.0104987401328103,0.00770817570057689,0.0115894203422533,0,0.919107635640262,0.905890011990808
"p1","gamma_pw",92,0.0114227536859671,0.0121492008295445,0.0139644604210974,0.0139579364238465,0,1.06359649901843,0.870415257715902
"p1","gamma_pw",93,0.0114227536859671,0.0172197219058922,0.0121401590842408,0.000613593241805956,0,1.50749305984306,28.0637411442316
"p1","gamma_pw",94,0.0114227536859671,0.0126195856600277,0.0109050767233303,0.0107028211760552,0,1.10477613428107,1.17908964864897
"p1","gamma_pw",95,0.0114227536859671,0.0129873088523908,0.0120969373274638,0.00294680910562905,0,1.13696830111514,4.40724471347065
"p1","gamma_pw",96,0.0114227536859671,0.0153648127428382,0.0144411738648856,7.37521526574674e-05,0,1.34510584446147,208.330363104086
"p1","gamma_pw",97,0.0114227536859671,0.0131620766050159,0.010795108397496,0.00899852297489826,0,1.15226826795587,1.46269300436661
"p1","gamma_pw",98,0.0114227536859671,0.0128367375128002,0.00567180027468258,8.97807184542976e-05,0,1.1237865987227,142.978779116527
"p1","gamma_pw",99,0.0114227536859671,0.0131957435192971,0.0124819827637888,0.00742892672956726,0,1.15521562331403,1.7762651321863
"p1","gamma_pw",100,0.0114227536859671,0.0127946943420456,0.0114674098907402,0.000420545641494664,0,1.12010594763712,30.4240326842335
"p1","gamma",1,0.0114227536859671,0.0345655090900073,0.00976492115164585,5.98113786866139e-05,0,3.02602244960171,577.908582765092
"p1","gamma",2,0.0114227536859671,0.0246959363345049,0.0107920553022193,0.000116249761276207,0,2.16199499818016,212.438598267982
"p1","gamma",3,0.0114227536859671,0.0259033382906549,0.0127990377912483,0.000115987029822439,0,2.26769647694296,223.329611339385
"p1","gamma",4,0.0114227536859671,0.0203504709669543,0.0103944093174124,0.000166873263627522,0,1.7815731238217,121.951656751788
"p1","gamma",5,0.0114227536859671,0.0270379767471265,0.00836956383112482,4.8384382492513e-05,0,2.36702790679472,558.816199655133
"p1","gamma",6,0.0114227536859671,0.0209121845005298,0.0100044779960717,0.000177435700552418,0,1.83074809064826,117.857817989407
"p1","gamma",7,0.0114227536859671,0.0216385422639531,0.0133037353491961,8.01153348681263e-05,0,1.89433676492001,270.092389922244
"p1","gamma",8,0.0114227536859671,0.0181478383146552,0.00857220998630632,0.000175899884394453,0,1.58874460691119,103.171405581819
"p1","gamma",9,0.0114227536859671,0.0413728193856048,0.0112258064670464,2.6520179390044e-05,0,3.62196546673604,1560.05051010841
"p1","gamma",10,0.0114227536859671,0.0365020546656356,0.011181959588185,0.000403975625209977,0,3.19555648919213,90.3570720304292
"p1","gamma",11,0.0114227536859671,0.0422344101633472,0.0111700605511596,9.77299532036571e-05,0,3.69739305638992,432.154204303526
"p1","gamma",12,0.0114227536859671,0.019209184849888,0.0104203079562422,0.000172500200471114,0,1.68165972741639,111.357463918453
"p1","gamma",13,0.0114227536859671,0.0294893652619288,0.0164848153613084,6.75660516827885e-05,0,2.58163364742396,436.452397727435
"p1","gamma",14,0.0114227536859671,0.0149206320368445,0.0063827542565294,0.000153363977153004,0,1.30622023787264,97.2890264964824
"p1","gamma",15,0.0114227536859671,0.0402266743470326,0.00993916991253313,0.000194032078783839,0,3.52162669816221,207.319710220943
"p1","gamma",16,0.0114227536859671,0.0221350403433859,0.0141431853639405,0.000183815330428049,0,1.93780247319688,120.419990497203
"p1","gamma",17,0.0114227536859671,0.0339024544504975,0.0119632386592884,0.000260065645374259,0,2.96797561976204,130.361141709851
"p1","gamma",18,0.0114227536859671,0.0312612342115186,0.00979949781971397,4.00946913185213e-05,0,2.73675114345879,779.68511998689
"p1","gamma",19,0.0114227536859671,0.0329933605905642,0.00988165623474451,2.47401117139534e-05,0,2.88838939345217,1333.59788233923
"p1","gamma",20,0.0114227536859671,0.0474460763053608,0.00748998748759456,0.000140005370020512,0,4.15364610055878,338.887546230618
"p1","gamma",21,0.0114227536859671,0.0483626214887105,0.015992842914655,0.000191132511517817,0,4.23388464973416,253.031894493796
"p1","gamma",22,0.0114227536859671,0.0358935375694116,0.00809986392939923,0.000100217578875411,0,3.14228412484345,358.15610367153
"p1","gamma",23,0.0114227536859671,0.0198926452213606,0.0137824978957389,0.000111505932172482,0,1.74149296817971,178.399882712875
"p1","gamma",24,0.0114227536859671,0.0176980418937639,0.00909683207692748,8.75095421978249e-05,0,1.54936737500573,202.241280770908
"p1","gamma",25,0.0114227536859671,0.0256432452558429,0.0166110330764887,6.97111833587495e-05,0,2.24492674540866,367.8498057317
"p1","gamma",26,0.0114227536859671,0.0152347978836095,0.00835283769277066,0.00011907014938642,0,1.33372375019567,127.948087426747
"p1","gamma",27,0.0114227536859671,0.0226160958617719,0.0142956876267903,9.53435620517078e-05,0,1.97991626918785,237.206323899525
"p1","gamma",28,0.0114227536859671,0.0374380450905479,0.0119813521472133,0.000545416143733173,0,3.2774973635771,68.6412485598578
"p1","gamma",29,0.0114227536859671,0.0287944025695718,0.00801022803757802,0.000481156072435058,0,2.52079344098488,59.8442048623593
"p1","gamma",30,0.0114227536859671,0.0368570435101462,0.00791790368219541,0.000226854303600483,0,3.22663383308572,162.470109339675
"p1","gamma",31,0.0114227536859671,0.0275010603838532,0.0092134046920315,0.000105525444834758,0,2.4075683622276,260.610703199755
"p1","gamma",32,0.0114227536859671,0.0189839599716493,0.0119547586769807,0.000150487624006028,0,1.66194251347388,126.149642517373
"p1","gamma",33,0.0114227536859671,0.0439047721951651,0.0085223511791766,1.22251037068062e-05,0,3.84362417348648,3591.361942453
"p1","gamma",34,0.0114227536859671,0.0236348585660331,0.0101803654593555,0.000133833357082098,0,2.06910340674408,176.599160936646
"p1","gamma",35,0.0114227536859671,0.0166305590454403,0.0134058637516317,0.00013946120156781,0,1.45591505364166,119.248643052555
"p1","gamma",36,0.0114227536859671,0.0191802816788067,0.0127889707098412,0.000144226699807358,0,1.67912941188338,132.987038491664
"p1","gamma",37,0.0114227536859671,0.035029771405146,0.0112741676705386,0.000259506280857142,0,3.06666609192318,134.986218019246
"p1","gamma",38,0.0114227536859671,0.0645248770412662,0.00755822606533434,1.38195416159104e-05,0,5.64880227790739,4669.10400030773
"p1","gamma",39,0.0114227536859671,0.0404491576926849,0.0103034886576889,0.000221784666755839,0,3.54110390582761,182.380316386863
"p1","gamma",40,0.0114227536859671,0.0145091460965007,0.00878868439807552,0.000142247729567206,0,1.27019688031312,101.999140096262
"p1","gamma",41,0.0114227536859671,0.0399457259716631,0.00825075874118119,0.00014691622708922,0,3.4970311949155,271.894580762713
"p1","gamma",42,0.0114227536859671,0.0290254521499159,0.0117969844544478,5.4533168350482e-05,0,2.54102057593815,532.253177797606
"p1","gamma",43,0.0114227536859671,0.0181116232751977,0.00949639229934313,0.000144504407024031,0,1.58557417704348,125.336130905584
"p1","gamma",44,0.0114227536859671,0.0217831578897304,0.00944313081549412,0.00016880838159128,0,1.90699707693872,129.040736510773
"p1","gamma",45,0.0114227536859671,0.0207929206742774,0.0137342136294431,0.000110951642157782,0,1.82030719088529,187.405253945752
"p1","gamma",46,0.0114227536859671,0.0447855921096042,0.0112565902096086,0.000122300253758815,0,3.92073516954352,366.193779106335
"p1","gamma",47,0.0114227536859671,0.0188000644504286,0.00934241068121774,0.000219101834572809,0,1.64584346010407,85.805143928091
"p1","gamma",48,0.0114227536859671,0.0203273955192184,0.0118850631445893,0.000208766433870583,0,1.77955299379261,97.3690796089353
"p1","gamma",49,0.0114227536859671,0.0405810547413949,0.0107543623240523,0.000184422883796954,0,3.55265077555238,220.043488670712
"p1","gamma",50,0.0114227536859671,0.019483672220653,0.0103280180256801,0.000152678155087292,0,1.70568960482696,127.61270405392
"p1","gamma",51,0.0114227536859671,0.0423477384557581,0.010644150432857,7.86004917390019e-06,0,3.70731433242602,5387.71927742852
"p1","gamma",52,0.0114227536859671,0.0147216787192311,0.0103345393560886,0.000138581354135571,0,1.2888029562711,106.231309479262
"p1","gamma",53,0.0114227536859671,0.0186257592830641,0.00847708537447304,9.71615858442148e-05,0,1.63058399008864,191.698798668518
"p1","gamma",54,0.0114227536859671,0.0302777197330444,0.0129808451011425,0.000114052639122235,0,2.65064979648827,265.471452182659
"p1","gamma",55,0.0114227536859671,0.0276238613335303,0.00963597194478649,0.000180420702033565,0,2.41831891792136,153.108047037702
"p1","gamma",56,0.0114227536859671,0.0351113662771355,0.0111446421290103,2.28663482874091e-05,0,3.07380927947959,1535.50386952117
"p1","gamma",57,0.0114227536859671,0.0176423766172602,0.0107034844560525,0.000126166295574576,0,1.54449418260098,139.834307862609
"p1","gamma",58,0.0114227536859671,0.0285053061659501,0.0104473924839414,6.31535332844708e-05,0,2.49548462215104,451.365183916946
"p1","gamma",59,0.0114227536859671,0.0194395341116283,0.0114436438577645,0.000240041024278941,0,1.70182555328229,80.9842158023726
"p1","gamma",60,0.0114227536859671,0.0316302990983663,0.0120790952637622,0.000312270960261785,0,2.76906076835257,101.291196183756
"p1","gamma",61,0.0114227536859671,0.0234952062618783,0.0116392536746452,0.000204368003953033,0,2.05687760655665,114.965189302714
"p1","gamma",62,0.0114227536859671,0.0161599147596122,0.0199626811223403,0.000167504404773085,0,1.41471270447376,96.4745660360613
"p1","gamma",63,0.0114227536859671,0.0283428958009457,0.00683231739508801,7.47985878356838e-05,0,2.48126647743135,378.922873025476
"p1","gamma",64,0.0114227536859671,0.0227643918741241,0.0125644765338004,0.000127276818188871,0,1.99289877904749,178.857330015457
"p1","gamma",65,0.0114227536859671,0.0468647832746355,0.00824908419202704,0.000394517903555099,0,4.10275705517567,118.790003830816
"p1","gamma",66,0.0114227536859671,0.035940367253016,0.0116644941667551,0.000260043857214867,0,3.14638380911328,138.208868449907
"p1","gamma",67,0.0114227536859671,0.0209126520381572,0.0127717723249383,0.000203926244063104,0,1.83078902102637,102.550077035135
"p1","gamma",68,0.0114227536859671,0.0332396225118672,0.0133632747705514,0.000329569840474587,0,2.90994828617394,100.857598086043
"p1","gamma",69,0.0114227536859671,0.0159754480295762,0.0164475414479796,0.000139006904099948,0,1.39856364487681,114.925572459981
"p1","gamma",70,0.0114227536859671,0.0467353290696404,0.0120473421930646,0.000115863677952086,0,4.09142404314074,403.364798146381
"p1","gamma",71,0.0114227536859671,0.0247291237039964,0.0142374718505602,0.000153591020209321,0,2.1649003719984,161.00631189437
"p1","gamma",72,0.0114227536859671,0.0235389428988182,0.0104924811957866,0.000118485624282916,0,2.0607065114024,198.664969200083
"p1","gamma",73,0.0114227536859671,0.0432338331124167,0.0124279714131991,0.000175612318082013,0,3.78488710349497,246.189069107475
"p1","gamma",74,0.0114227536859671,0.0326525916780689,0.010507595792382,7.39080979417224e-05,0,2.85855692731803,441.799918918437
"p1","gamma",75,0.0114227536859671,0.029856549065196,0.0151640983896446,4.40844114837802e-05,0,2.61377859367437,677.258651307639
"p1","gamma",76,0.0114227536859671,0.0526393718392874,0.00939349022530423,0.000169028407130977,0,4.60829089783796,311.42322602909
"p1","gamma",77,0.0114227536859671,0.016886952468628,0.00784654395683896,0.000219944579230427,0,1.47836090428647,76.7782162566335
"p1","gamma",78,0.0114227536859671,0.0265493395816454,0.0090101510383195,8.30404096116011e-05,0,2.32425037880851,319.715903447764
"p1","gamma",79,0.0114227536859671,0.01916434809496,0.0118768185351897,0.00013174738272862,0,1.67773451322017,145.46283727272
"p1","gamma",80,0.0114227536859671,0.032908487030114,0.00914999927790474,0.000207429821635282,0,2.88095917454143,158.648774658718
"p1","gamma",81,0.0114227536859671,0.0244752062391075,0.0102985709344987,0.000167975927335401,0,2.14267127804527,145.706629678176
"p1","gamma",82,0.0114227536859671,0.0196664867025283,0.0121969043474774,5.24011718356968e-05,0,1.72169401907778,375.306238650393
"p1","gamma",83,0.0114227536859671,0.0243547982373939,0.00835173082096938,8.05336448345994e-05,0,2.13213021193951,302.417682540185
"p1","gamma",84,0.0114227536859671,0.0161626272281072,0.00595439171093657,0.000156866030393283,0,1.41495016634763,103.034590647736
"p1","gamma",85,0.0114227536859671,0.0297769896821899,0.0101335765006148,8.08018184016364e-05,0,2.60681360211513,368.518806522143
"p1","gamma",86,0.0114227536859671,0.0430254114076761,0.0134638195092936,0.000160040200378414,0,3.76664091606325,268.841274291978
"p1","gamma",87,0.0114227536859671,0.0238118622809087,0.0144262882497951,0.000127319455832393,0,2.08459911992688,187.024537021704
"p1","gamma",88,0.0114227536859671,0.037349269841972,0.00948110790811573,0.000142297747408809,0,3.2697255730775,262.472671016153
"p1","gamma",89,0.0114227536859671,0.028109948915127,0.0104752798881047,4.30060096863661e-05,0,2.46087324369605,653.628391011559
"p1","gamma",90,0.0114227536859671,0.0362672274462403,0.0127987780135056,0.000245127215078201,0,3.17499864247223,147.952676061164
"p1","gamma",91,0.0114227536859671,0.0477597229388357,0.00770817570057689,0.000141942316708824,0,4.1811041585803,336.472759119527
"p1","gamma",92,0.0114227536859671,0.0357609959464903,0.0139644604210974,0.000254263155331068,0,3.13068082614989,140.645607500336
"p1","gamma",93,0.0114227536859671,0.0169317516665718,0.0121401590842408,0.000193817670214474,0,1.48228283057285,87.3591744645135
"p1","gamma",94,0.0114227536859671,0.0404397361279106,0.0109050767233303,3.83923072167129e-05,0,3.54027909903992,1053.32914481124
"p1","gamma",95,0.0114227536859671,0.0192037747639774,0.0120969373274638,0.000181894884425994,0,1.68118610379993,105.576222358198
"p1","gamma",96,0.0114227536859671,0.0139991205976621,0.0144411738648856,8.70770460679215e-05,0,1.22554691999181,160.767058941602
"p1","gamma",97,0.0114227536859671,0.0359846935309243,0.010795108397496,0.00026222334291183,0,3.15026433382097,137.229176973096
"p1","gamma",98,0.0114227536859671,0.013702634835724,0.00567180027468258,5.5552254096972e-05,0,1.19959120300017,246.662085246886
"p1","gamma",99,0.0114227536859671,0.0401385058620325,0.0124819827637888,0.000155923803658109,0,3.51390802651576,257.423850113632
"p1","gamma",100,0.0114227536859671,0.0129142461978732,0.0114674098907402,0.000130331039794243,0,1.1305720628239,99.0880316635336
"p1","measured",1,0.0114227536859671,0.0136415946225111,0.00976492115164585,0.0133103768827146,0.0113052943665837,1.19424746410051,1.02488417440881
"p1","measured",2,0.0114227536859671,0.0102508909269838,0.0107920553022193,0.0101846748139692,0.00828645324625531,0.897409784785699,1.00650154415571
"p1","measured",3,0.0114227536859671,0.0112450954587796,0.0127990377912483,0.01105812639219,0.0121056381103254,0.984446987821704,1.01690784315159
"p1","measured",4,0.0114227536859671,0.010053730629862,0.0103944093174124,0.00995211649334081,0.0104871808477925,0.880149472382738,1.01021030416888
"p1","measured",5,0.0114227536859671,0.00892089800748523,0.00836956383112482,0.00876158129707972,0.0102834645958379,0.780976133490873,1.01818355671237
"p1","measured",6,0.0114227536859671,0.0111286457286449,0.0100044779960717,0.0107218626634184,0.00459388004056231,0.974252446878586,1.03793958922962
"p1","measured",7,0.0114227536859671,0.0102590290077909,0.0133037353491961,0.00999875652683726,0.0118361058782547,0.898122229528082,1.02603048491631
"p1","measured",8,0.0114227536859671,0.0102282197092948,0.00857220998630632,0.00993361919317549,0.00606749551101327,0.895425042900136,1.02965691661723
"p1","measured",9,0.0114227536859671,0.0118009850762134,0.0112258064670464,0.0113604825689845,0.0121498546877936,1.03311210244435,1.03877498200926
"p1","measured",10,0.0114227536859671,0.0144771884147778,0.011181959588185,0.0144020337182575,0.0107659136774022,1.26739915897539,1.00521833915893
"p1","measured",11,0.0114227536859671,0.0121020457940657,0.0111700605511596,0.0119235650110293,0.0149349534914856,1.05946833196036,1.01496874323001
"p1","measured",12,0.0114227536859671,0.0108997411070383,0.0104203079562422,0.0104256764235139,0.0158745301437028,0.954213091404452,1.04547088018723
"p1","measured",13,0.0114227536859671,0.0110115648840597,0.0164848153613084,0.0105400467000485,0.00954082822755809,0.964002655295576,1.04473587237607
"p1","measured",14,0.0114227536859671,0.0110093628408189,0.0063827542565294,0.0104371989371498,0.0142969046942799,0.96380987837844,1.05481967979288
"p1","measured",15,0.0114227536859671,0.0128391637156603,0.00993916991253313,0.0127292720357841,0.011319440979206,1.12399899959615,1.00863299013229
"p1","measured",16,0.0114227536859671,0.012713120604493,0.0141431853639405,0.0121186968221499,0.01588368675848,1.11296461028579,1.04905014054454
"p1","measured",17,0.0114227536859671,0.0104516505511849,0.0119632386592884,0.0101523492985556,0.0111119807765251,0.914985198711305,1.02948098453152
"p1","measured",18,0.0114227536859671,0.0111591032747385,0.00979949781971397,0.0107525800728099,0.016035981097773,0.976918839495546,1.03780703786215
"p1","measured",19,0.0114227536859671,0.0103828675169052,0.00988165623474451,0.0101455920715811,0.00643646910618695,0.908963617911199,1.0233870476607
"p1","measured",20,0.0114227536859671,0.010115964491402,0.00748998748759456,0.00991934144006823,0.0101347829918535,0.885597708705692,1.01982218804764
"p1","measured",21,0.0114227536859671,0.0120931450526998,0.015992842914655,0.0118515123991144,0.00775928734669794,1.05868912043129,1.02038833909531
"p1","measured",22,0.0114227536859671,0.00982487957050273,0.00809986392939923,0.00960228932614838,0.00704937123954087,0.860114805992236,1.02318095579022
"p1","measured",23,0.0114227536859671,0.0104950844379082,0.0137824978957389,0.010260419004457,0.00658804423625945,0.918787599421093,1.02287094058724
"p1","measured",24,0.0114227536859671,0.0114163144088712,0.00909683207692748,0.0109043061381358,0.00591405736433333,0.999436276289152,1.04695468599737
"p1","measured",25,0.0114227536859671,0.0112300261096834,0.0166110330764887,0.0110303731329471,0.0134253883401696,0.983127748213596,1.01810029219592
"p1","measured",26,0.0114227536859671,0.0112131842237238,0.00835283769277066,0.0106776581397617,0.0195497145877489,0.98165333263723,1.05015388926603
"p1","measured",27,0.0114227536859671,0.0115817305803135,0.0142956876267903,0.0112535390515855,0.00606602691757673,1.01391756302525,1.02916340603819
"p1","measured",28,0.0114227536859671,0.0127874707870441,0.0119813521472133,0.0126861581100696,0.0159010087395966,1.11947356465837,1.00798608026918
"p1","measured",29,0.0114227536859671,0.0118513115007631,0.00801022803757802,0.0114335019492541,0.0103558976126701,1.03751790737836,1.0365425705408
"p1","measured",30,0.0114227536859671,0.0112681812594735,0.00791790368219541,0.0110267352139974,0.00969907366590351,0.986468024195992,1.02189642181392
"p1","measured",31,0.0114227536859671,0.0109790181428001,0.0092134046920315,0.010857612525069,0.0174562533760791,0.961153364997075,1.01118161266584
"p1","measured",32,0.0114227536859671,0.0116011530949276,0.0119547586769807,0.0112082046063818,0.0148134178392001,1.01561789861403,1.03505900385884
"p1","measured",33,0.0114227536859671,0.011674094251092,0.0085223511791766,0.0111661088391953,0.00561946029604796,1.02200350038481,1.04549350353039
"p1","measured",34,0.0114227536859671,0.0118867180498596,0.0101803654593555,0.011673200492371,0.0115058648381359,1.04061755830929,1.01829126104946
"p1","measured",35,0.0114227536859671,0.0128422094776178,0.0134058637516317,0.0126209438994452,0.00705195836579528,1.12426563950113,1.01753161886587
"p1","measured",36,0.0114227536859671,0.0102801102462462,0.0127889707098412,0.0102555408791786,0.00678120146247052,0.899967777373627,1.00239571636026
"p1","measured",37,0.0114227536859671,0.010556860799417,0.0112741676705386,0.0102486090593716,0.00359799886942158,0.924195784102923,1.03007742204426
"p1","measured",38,0.0114227536859671,0.0115236251815509,0.00755822606533434,0.0112620949098734,0.0083994885011816,1.00883075117935,1.02322216903431
"p1","measured",39,0.0114227536859671,0.0106165608995555,0.0103034886576889,0.0102136248587669,0.00468128707728856,0.929422203386734,1.03945083614881
"p1","measured",40,0.0114227536859671,0.0111125616595075,0.00878868439807552,0.0106681243148993,0.0124617915078285,0.972844374046097,1.04166030798755
"p1","measured",41,0.0114227536859671,0.00990044143977549,0.00825075874118119,0.00958538692630067,0.00970447239366925,0.866729836951504,1.03286821031818
"p1","measured",42,0.0114227536859671,0.0119861089672818,0.0117969844544478,0.0119280799951957,0.0140055773622415,1.04931869291787,1.00486490467111
"p1","measured",43,0.0114227536859671,0.0113092101479845,0.00949639229934313,0.011373665315679,0.0126597071583618,0.990059880383997,0.994332946688198
"p1","measured",44,0.0114227536859671,0.0112181099061505,0.00944313081549412,0.0107254461316021,0.00499687116107183,0.982084549361501,1.04593410553774
"p1","measured",45,0.0114227536859671,0.0120493365713922,0.0137342136294431,0.0118791704800415,0.0151359283048502,1.05485392600164,1.01432474528727
"p1","measured",46,0.0114227536859671,0.011534720994408,0.0112565902096086,0.0112989558485137,0.00771552012985694,1.00980212928678,1.02086610028884
"p1","measured",47,0.0114227536859671,0.0121656040631566,0.00934241068121774,0.0118443216137291,0.0148965354616353,1.06503251296595,1.02712544119497
"p1","measured",48,0.0114227536859671,0.0106370496184296,0.0118850631445893,0.0106063898224171,0.0106108970796706,0.931215879363421,1.0028906910387
"p1","measured",49,0.0114227536859671,0.0104999046620108,0.0107543623240523,0.0101936171284964,0.00664667698390951,0.919209583842288,1.03004699211806
"p1","measured",50,0.0114227536859671,0.0114655971284343,0.0103280180256801,0.0111229651342691,0.0124470949707141,1.00375071052436,1.03080401583833
"p1","measured",51,0.0114227536859671,0.00990272457852175,0.010644150432857,0.00963754757373658,0.00605640064149097,0.866929713339372,1.02751498789047
"p1","measured",52,0.0114227536859671,0.00961396992616087,0.0103345393560886,0.00929735806146275,0.00782566719944511,0.841650812970925,1.03405396055579
"p1","measured",53,0.0114227536859671,0.0104866446155144,0.00847708537447304,0.0100163407516883,0.00970029554145312,0.918048738842827,1.04695366057179
"p1","measured",54,0.0114227536859671,0.0131421658183809,0.0129808451011425,0.0124388844520162,0.0168098103021974,1.15052518680553,1.05653894198291
"p1","measured",55,0.0114227536859671,0.0135357979513906,0.00963597194478649,0.0128502184021679,0.00973304665739926,1.18498554057235,1.05335158732455
"p1","measured",56,0.0114227536859671,0.0110591596375292,0.0111446421290103,0.0108879109925609,0.0137594959450705,0.968169317273766,1.01572832888562
"p1","measured",57,0.0114227536859671,0.0101185883411059,0.0107034844560525,0.00968871541674818,0.0134751609749206,0.885827412486063,1.04436841272215
"p1","measured",58,0.0114227536859671,0.010670362265357,0.0104473924839414,0.0102927759947017,0.016590436579533,0.934132220540264,1.03668459032332
"p1","measured",59,0.0114227536859671,0.0113599030135977,0.0114436438577645,0.0110064069158852,0.00854052285303362,0.994497765241438,1.03211730225987
"p1","measured",60,0.0114227536859671,0.0117002020389878,0.0120790952637622,0.0114944119364694,0.00875817058505593,1.02428909531346,1.01790349116212
"p1","measured",61,0.0114227536859671,0.0118718428360738,0.0116392536746452,0.0119939812341449,0.00555254285223779,1.03931531419244,0.989816692582156
"p1","measured",62,0.0114227536859671,0.0134651634434849,0.0199626811223403,0.0128845909552129,0.0226635220976764,1.17880187331946,1.04505944273202
"p1","measured",63,0.0114227536859671,0.0121367614638358,0.00683231739508801,0.0118676836039219,0.00571531249396957,1.06250750016135,1.02267315753388
"p1","measured",64,0.0114227536859671,0.0124957825625741,0.0125644765338004,0.0121816420653139,0.00934502249913375,1.09393784599638,1.02578802558603
"p1","measured",65,0.0114227536859671,0.011392790415487,0.00824908419202704,0.0109358112536743,0.00994347460152395,0.997376878526504,1.04178740389828
"p1","measured",66,0.0114227536859671,0.0127751265446763,0.0116644941667551,0.0124621318422637,0.0157568915792519,1.11839289333276,1.02511566290376
"p1","measured",67,0.0114227536859671,0.0118436558650039,0.0127717723249383,0.0115386856774605,0.00938098769559373,1.03684769807772,1.02643023616971
"p1","measured",68,0.0114227536859671,0.0119761763562043,0.0133632747705514,0.0117139149988236,0.00667672150795349,1.04844914680398,1.02238887318262
"p1","measured",69,0.0114227536859671,0.0124670946508844,0.0164475414479796,0.0121337803605751,0.00905621944126252,1.09142637525313,1.02746994591993
"p1","measured",70,0.0114227536859671,0.011311623550404,0.0120473421930646,0.0112442231586438,0.00688060473179045,0.990271160648447,1.00599422395032
"p1","measured",71,0.0114227536859671,0.0101552277237456,0.0142374718505602,0.00963509676427432,0.00804204805161676,0.889034991292979,1.05398295130775
"p1","measured",72,0.0114227536859671,0.0130159022625672,0.0104924811957866,0.0127741532018859,0.016002015618768,1.13947149876455,1.01892485997785
"p1","measured",73,0.0114227536859671,0.0118661378072186,0.0124279714131991,0.0119438166455133,0.0136587698319049,1.03881586992427,0.993496313565404
"p1","measured",74,0.0114227536859671,0.0107251938804633,0.010507595792382,0.0100492980183638,0.0166051268180431,0.938932430420801,1.0672580175117
"p1","measured",75,0.0114227536859671,0.0125111318536104,0.0151640983896446,0.0119443766362405,0.00388416920179456,1.0952815929998,1.0474495433818
"p1","measured",76,0.0114227536859671,0.0120363991453981,0.00939349022530423,0.0115446342938226,0.014739815660089,1.05372132467365,1.04259683235169
"p1","measured",77,0.0114227536859671,0.0110169345856778,0.00784654395683896,0.010645125744031,0.0142599248140509,0.964472743486723,1.0349276138758
"p1","measured",78,0.0114227536859671,0.0107255522466651,0.0090101510383195,0.0102931232158762,0.00989009555893258,0.938963803433972,1.04201144994766
"p1","measured",79,0.0114227536859671,0.0107735187236613,0.0118768185351897,0.010295136340099,0.0139367431063879,0.943163007786517,1.04646683324621
"p1","measured",80,0.0114227536859671,0.0103581181622292,0.00914999927790474,0.0102252626152267,0.0127770706276236,0.906796946427563,1.0129928738265
"p1","measured",81,0.0114227536859671,0.0101270790107404,0.0102985709344987,0.00969007737183968,0.00984265735352317,0.886570724463888,1.04509784825565
"p1","measured",82,0.0114227536859671,0.0112349178331526,0.0121969043474774,0.011014716416231,0.010819377694742,0.983555992015719,1.01999156479391
"p1","measured",83,0.0114227536859671,0.0116289386321357,0.00835173082096938,0.011184963036229,0.0143733895288239,1.01805037137603,1.03969397077743
"p1","measured",84,0.0114227536859671,0.0105431047612145,0.00595439171093657,0.0101474990890639,0.0134624296785367,0.922991517725428,1.03898553413786
"p1","measured",85,0.0114227536859671,0.0106187262090365,0.0101335765006148,0.0102568110976195,0.00911255563750937,0.929611764462853,1.0352853443407
"p1","measured",86,0.0114227536859671,0.0119634086170202,0.0134638195092936,0.0113650929034136,0.00599396553980483,1.04733140063391,1.05264503499367
"p1","measured",87,0.0114227536859671,0.0115426178100066,0.0144262882497951,0.0109458465548983,0.00596990120892998,1.01049345257149,1.0545203381132
"p1","measured",88,0.0114227536859671,0.0107511946457921,0.00948110790811573,0.0103406502267354,0.0198946604220547,0.9412086561054,1.03970199262666
"p1","measured",89,0.0114227536859671,0.0118554826903255,0.0104752798881047,0.0112328499511346,0.0127177146961715,1.03788307235321,1.05542963200786
"p1","measured",90,0.0114227536859671,0.0115822230684284,0.0127987780135056,0.0111458394102399,0.0111057936684428,1.01396067768293,1.03915215733214
"p1","measured",91,0.0114227536859671,0.0112943519541423,0.00770817570057689,0.0109306403942752,0.0163950354289686,0.988759126270699,1.03327449689567
"p1","measured",92,0.0114227536859671,0.0119159766369759,0.0139644604210974,0.0115996728839605,0.014464392553402,1.0431789885844,1.02726833387283
"p1","measured",93,0.0114227536859671,0.0124250498793875,0.0121401590842408,0.0119783424883379,0.00764149642944083,1.08774558403125,1.03729292191173
"p1","measured",94,0.0114227536859671,0.0120421484498157,0.0109050767233303,0.0116636153733459,0.0086578597164228,1.05422464502667,1.03245418031658
"p1","measured",95,0.0114227536859671,0.0108890664631786,0.0120969373274638,0.010291372636432,0.00979266709663464,0.953278584353602,1.05807717277972
"p1","measured",96,0.0114227536859671,0.0111638889053185,0.0144411738648856,0.010768690607046,0.00472600428847518,0.977337795441862,1.03669882557624
"p1","measured",97,0.0114227536859671,0.012039455643114,0.010795108397496,0.0118138492956309,0.0185828930800908,1.05398890443593,1.01909676870235
"p1","measured",98,0.0114227536859671,0.0105620954224901,0.00567180027468258,0.0100924812630118,0.0129124766321349,0.924654046901638,1.04653109054553
"p1","measured",99,0.0114227536859671,0.0129473075907516,0.0124819827637888,0.0124253502723106,0.0229423142846016,1.13346640807439,1.04200745306989
"p1","measured",100,0.0114227536859671,0.0108613663787547,0.0114674098907402,0.0104425155872858,0.0152056113602049,0.950853592518409,1.04011014280686
"p2","beta_ll",1,0.0114227536859671,0.0133738401608177,0.00972116140936102,0.00158355775884354,0,1.1708070162843,8.44543881404392
"p2","beta_ll",2,0.0114227536859671,0.0130336093937606,0.0172370706793099,0.00160907947134639,0,1.14102166185833,8.10004081579312
"p2","beta_ll",3,0.0114227536859671,0.0157949254716351,0.0117300876116355,0.00285936495288553,0,1.38275987610932,5.52392777133807
"p2","beta_ll",4,0.0114227536859671,0.0136568926089294,0.00537330456868974,0.000460485822418977,0,1.19558671966349,29.6575745528678
"p2","beta_ll",5,0.0114227536859671,0.0164366107441677,0.0149265903165903,0.000759884990624418,0,1.43893593401739,21.6303926870056
"p2","beta_ll",6,0.0114227536859671,0.0133693688195631,0.0122489194106612,0.000962171987351303,0,1.1704155746602,13.894988625024
"p2","beta_ll",7,0.0114227536859671,0.0152216022960681,0.0120475955275067,0.00107920063931754,0,1.33256854822737,14.1045156401073
"p2","beta_ll",8,0.0114227536859671,0.01914391922035,0.0131608366310976,0.00070707702790476,0,1.67594607628354,27.0747294351764
"p2","beta_ll",9,0.0114227536859671,0.0129554957150978,0.0115106852624979,0.00415830489636347,0,1.13418323385662,3.11557137775724
"p2","beta_ll",10,0.0114227536859671,0.0117439457374549,0.0106415462005149,0.00140001415054341,0,1.02811861835753,8.38844788311357
"p2","beta_ll",11,0.0114227536859671,0.0130199460794528,0.00946075939064502,0.00133794626298989,0,1.13982551295384,9.73129223468016
"p2","beta_ll",12,0.0114227536859671,0.0122359785126604,0.00911458303535202,0.00197259316883929,0,1.07119341351922,6.20299142567763
"p2","beta_ll",13,0.0114227536859671,0.0135534551686074,0.0111705223651608,0.00138432406592913,0,1.18653133396879,9.79066643583248
"p2","beta_ll",14,0.0114227536859671,0.0125734326791688,0.0129330352898933,0.0011045978259323,0,1.1007356916586,11.3828149793403
"p2","beta_ll",15,0.0114227536859671,0.0111861224824282,0.00889257653567583,0.0016726999681506,0,0.979284224273382,6.6874649939738
"p2","beta_ll",16,0.0114227536859671,0.0140561423137656,0.0156673544058356,0.00142952990120094,0,1.23053886131096,9.83270255624388
"p2","beta_ll",17,0.0114227536859671,0.014161438240391,0.0117599379559027,0.00486070633200993,0,1.23975694738024,2.91345275215076
"p2","beta_ll",18,0.0114227536859671,0.0148589780161667,0.00754284654882323,0.00214093339558531,0,1.3008227634656,6.94042049454061
"p2","beta_ll",19,0.0114227536859671,0.0181621486000333,0.0129889975484048,0.000916577470412542,0,1.58999739461645,19.8151811345076
"p2","beta_ll",20,0.0114227536859671,0.011974487581135,0.0096481109443142,0.00186481027717534,0,1.04830130372553,6.42128999807583
"p2","beta_ll",21,0.0114227536859671,0.0152368321261952,0.00688395369002784,0.00117173830641494,0,1.33390183707749,13.0036135566942
"p2","beta_ll",22,0.0114227536859671,0.0123469612278395,0.012420593052893,0.00112893528108997,0,1.08090934701741,10.9368193506351
"p2","beta_ll",23,0.0114227536859671,0.0160953861656967,0.0157109886401413,0.000986460273072565,0,1.40906357680372,16.3163044727222
"p2","beta_ll",24,0.0114227536859671,0.0148005762830749,0.00649333556932808,0.00303669761461133,0,1.29571000915982,4.8739051961778
"p2","beta_ll",25,0.0114227536859671,0.0133486563948506,0.0123619649561686,0.00156816286230997,0,1.16860231445325,8.51228958144529
"p2","beta_ll",26,0.0114227536859671,0.0107717551447018,0.0102502643461575,0.00545332496226301,0,0.943008616034057,1.97526375545971
"p2","beta_ll",27,0.0114227536859671,0.0137602354995731,0.0121561365618262,0.00213933880773189,0,1.20463382804775,6.43200387420709
"p2","beta_ll",28,0.0114227536859671,0.0104062827792699,0.00884148462309237,0.00575847892390865,0,0.911013496864076,1.80712353327613
"p2","beta_ll",29,0.0114227536859671,0.0144519927911607,0.0157129829384504,0.00145929570808587,0,1.26519341907153,9.9034025188199
"p2","beta_ll",30,0.0114227536859671,0.0169906951960515,0.0143351420166355,0.000948794705372934,0,1.48744301620761,17.9076623212955
"p2","beta_ll",31,0.0114227536859671,0.0110561821004563,0.00651781164464317,0.00515750502278728,0,0.967908650086613,2.14370748096358
"p2","beta_ll",32,0.0114227536859671,0.012795108480518,0.0139606174932213,0.00103051191914016,0,1.12014220320944,12.4162644243784
"p2","beta_ll",33,0.0114227536859671,0.021562780405073,0.00920764394494042,0.00341837423045195,0,1.8877042259576,6.30790514771172
"p2","beta_ll",34,0.0114227536859671,0.0182651371611382,0.0114382543712994,0.00229466300433098,0,1.59901348337546,7.95983424435932
"p2","beta_ll",35,0.0114227536859671,0.0115024073032481,0.0122341900543216,0.00414376938201816,0,1.00697324125782,2.77583191602376
"p2","beta_ll",36,0.0114227536859671,0.0123054495038855,0.0080910476047386,0.00204500089296188,0,1.07727522121069,6.01733209322118
"p2","beta_ll",37,0.0114227536859671,0.015163619484333,0.00955335190971848,0.00550937283329998,0,1.32749246820944,2.75233133482644
"p2","beta_ll",38,0.0114227536859671,0.0135019282592867,0.00924967464835566,0.00155003108593049,0,1.18202043311796,8.71074675975379
"p2","beta_ll",39,0.0114227536859671,0.0178798014142214,0.0100728582696824,0.00143326670426915,0,1.56527943311837,12.4748599552089
"p2","beta_ll",40,0.0114227536859671,0.0112691759694844,0.00631349680117563,0.00251153305861166,0,0.986555105650973,4.48697098803621
"p2","beta_ll",41,0.0114227536859671,0.014934747450525,0.0111090841679046,0.000743852110144349,0,1.30745596561994,20.0775762370652
"p2","beta_ll",42,0.0114227536859671,0.0154684525054295,0.0131504789955994,0.00241774565899421,0,1.35417894237118,6.39788244387314
"p2","beta_ll",43,0.0114227536859671,0.0152336157311807,0.00901871735997637,0.00417607026772088,0,1.33362025917579,3.64783510682987
"p2","beta_ll",44,0.0114227536859671,0.0127127524354852,0.0114845908927136,0.00108831575095468,0,1.11293237909024,11.6811251002601
"p2","beta_ll",45,0.0114227536859671,0.0121649913095105,0.00965465019846706,0.00166996475361685,0,1.06497886971469,7.28457967939942
"p2","beta_ll",46,0.0114227536859671,0.0141597975902398,0.0107944293345059,0.00554973713679116,0,1.2396133173768,2.55143572411196
"p2","beta_ll",47,0.0114227536859671,0.0133041475835484,0.0118748239194011,0.00357611186953588,0,1.16470580993903,3.72028282920442
"p2","beta_ll",48,0.0114227536859671,0.0148377453455196,0.00642663029326351,0.00194294169278733,0,1.29896395855474,7.63674247178952
"p2","beta_ll",49,0.0114227536859671,0.0195383116352387,0.0123766868817494,0.00112762009645641,0,1.71047298859657,17.3270338978868
"p2","beta_ll",50,0.0114227536859671,0.0162803153051041,0.0149692942188366,0.00505369030991235,0,1.42525311782784,3.22147070887422
"p2","beta_ll",51,0.0114227536859671,0.0116584782739765,0.0105583721881116,0.00613694800667606,0,1.02063640646467,1.89971925153902
"p2","beta_ll",52,0.0114227536859671,0.0128168722303947,0.0100628521989513,0.0025127195278759,0,1.12204750122032,5.100797000304
"p2","beta_ll",53,0.0114227536859671,0.0135242603073889,0.0109352916502121,0.00205248275967206,0,1.18397548254967,6.58921993067059
"p2","beta_ll",54,0.0114227536859671,0.0139365027373612,0.0100315922412186,0.00155591657603278,0,1.22006506666446,8.95710152590313
"p2","beta_ll",55,0.0114227536859671,0.014866536015835,0.00916062096944444,0.00146387740463393,0,1.30148442525716,10.1555881447277
"p2","beta_ll",56,0.0114227536859671,0.0142313681461418,0.00969823854700268,0.00240453196023691,0,1.24587893054413,5.91856061033167
"p2","beta_ll",57,0.0114227536859671,0.0180261373746427,0.0102149724587247,0.00173502322907655,0,1.57809035108477,10.3895654378281
"p2","beta_ll",58,0.0114227536859671,0.0158684459245995,0.0100632235863578,0.00101317670737972,0,1.38919619216633,15.662071392895
"p2","beta_ll",59,0.0114227536859671,0.0177748615945666,0.0101676044409996,0.00171835533903185,0,1.55609252227885,10.3441128798082
"p2","beta_ll",60,0.0114227536859671,0.0150842612864395,0.0128395705788678,0.00530718607179031,0,1.32054508931332,2.84223335726215
"p2","beta_ll",61,0.0114227536859671,0.0145512674304924,0.0102418505739989,0.00116050125760676,0,1.27388437416528,12.5387778213189
"p2","beta_ll",62,0.0114227536859671,0.013073122424191,0.0137557308683996,0.00214301658146094,0,1.14448081291041,6.1003365710212
"p2","beta_ll",63,0.0114227536859671,0.0129861727620784,0.00940570704341263,0.00292326350690169,0,1.1368688425832,4.44235448888501
"p2","beta_ll",64,0.0114227536859671,0.0122292970334278,0.00728356221687655,0.00219395991955378,0,1.07060848632773,5.57407495206889
"p2","beta_ll",65,0.0114227536859671,0.013270556910124,0.00898428646302972,0.0011789803740795,0,1.1617651290535,11.2559608301241
"p2","beta_ll",66,0.0114227536859671,0.012385444659728,0.00833940188619136,0.00282943992525174,0,1.08427836231325,4.37734851664189
"p2","beta_ll",67,0.0114227536859671,0.0157233872111265,0.00837512814560428,0.0010766434191871,0,1.37649709022814,14.6040805441399
"p2","beta_ll",68,0.0114227536859671,0.0143447635968151,0.00914369022455911,0.0011530785717254,0,1.25580608592109,12.4404042782188
"p2","beta_ll",69,0.0114227536859671,0.0138973514632323,0.00793626089388382,0.0019270017022613,0,1.21663758541035,7.21190409272811
"p2","beta_ll",70,0.0114227536859671,0.0128338930657855,0.00746843857131172,0.00195246035011912,0,1.12353758284677,6.57319011113467
"p2","beta_ll",71,0.0114227536859671,0.0130573727972378,0.0112922923163504,0.00226560791363397,0,1.14310201867338,5.76329766446401
"p2","beta_ll",72,0.0114227536859671,0.0135018632916149,0.0123892405370584,0.00109761697936339,0,1.18201474555141,12.3010699956973
"p2","beta_ll",73,0.0114227536859671,0.0160673112749617,0.00994472629346363,0.000750298382875497,0,1.40660577271314,21.4145620484802
"p2","beta_ll",74,0.0114227536859671,0.0170455066599988,0.0103395537564175,0.00140201196105353,0,1.4922414619637,12.1578896140017
"p2","beta_ll",75,0.0114227536859671,0.0145836542741371,0.0139112417476338,0.00592454114828851,0,1.27671966629668,2.46156688072798
"p2","beta_ll",76,0.0114227536859671,0.0153104238286651,0.0086438969135598,0.00517217151422812,0,1.34034439064146,2.96015392887643
"p2","beta_ll",77,0.0114227536859671,0.0124975941740351,0.0126296396033613,0.00206398763525439,0,1.09409644273328,6.05507221097999
"p2","beta_ll",78,0.0114227536859671,0.0131739114149201,0.00864294867863221,0.00115708138269835,0,1.15330434123816,11.3854665816143
"p2","beta_ll",79,0.0114227536859671,0.0130511276267185,0.0119398617945833,0.00491001516130869,0,1.1425552879383,2.65806259205927
"p2","beta_ll",80,0.0114227536859671,0.0234007673710363,0.0121932445832623,0.000260394528730421,0,2.04860999495981,89.8665862340849
"p2","beta_ll",81,0.0114227536859671,0.0132361714849718,0.0102590413278951,0.00254971458050393,0,1.15875487197386,5.19123653532851
"p2","beta_ll",82,0.0114227536859671,0.0117479482369495,0.00985311729000689,0.00177613353389143,0,1.0284690154338,6.61433840011466
"p2","beta_ll",83,0.0114227536859671,0.0112611385729789,0.00919276036281602,0.000989698789159569,0,0.98585147527196,11.3783493486353
"p2","beta_ll",84,0.0114227536859671,0.0156680254213823,0.0136221372027308,0.00259200959821493,0,1.37165046643967,6.04474051028693
"p2","beta_ll",85,0.0114227536859671,0.0131574148772741,0.0100437139396165,0.00462493976661965,0,1.15186015902961,2.84488351010263
"p2","beta_ll",86,0.0114227536859671,0.0162979287737577,0.0115449389942308,0.00298947210055578,0,1.42679508127535,5.45177483701143
"p2","beta_ll",87,0.0114227536859671,0.0153866907316635,0.0113467540577961,0.000693484635750695,0,1.34702114347139,22.18750054211
"p2","beta_ll",88,0.0114227536859671,0.0116121483814417,0.00982247680685736,0.00168204835888259,0,1.01658047618651,6.90357582177709
"p2","beta_ll",89,0.0114227536859671,0.0217136580430147,0.0183231453947505,0.00127965450855458,0,1.90091274310589,16.9683753683963
"p2","beta_ll",90,0.0114227536859671,0.0161179197528635,0.0157346490803534,0.00173777962162734,0,1.41103626988511,9.2750079194564
"p2","beta_ll",91,0.0114227536859671,0.0139179598138381,0.00768149955147324,0.00214499917883992,0,1.21844173449493,6.48856183775575
"p2","beta_ll",92,0.0114227536859671,0.0144385429888079,0.0169182447206771,0.00296774832607072,0,1.26401596197821,4.86515074811765
"p2","beta_ll",93,0.0114227536859671,0.0133405643577992,0.0133873049592552,0.000932056830327472,0,1.16789390059142,14.3130374926946
"p2","beta_ll",94,0.0114227536859671,0.0182591459256279,0.0124691398549788,0.000717169657636276,0,1.59848898327023,25.4600089828232
"p2","beta_ll",95,0.0114227536859671,0.0161548120771164,0.0136812925702291,0.00115967762141371,0,1.41426599235547,13.9304335781032
"p2","beta_ll",96,0.0114227536859671,0.0130975636475736,0.00975139181443911,0.00310089895926464,0,1.14662050917407,4.22379568622887
"p2","beta_ll",97,0.0114227536859671,0.0147613809373734,0.0103476050072594,0.00165521333268044,0,1.29227866967907,8.91811384425531
"p2","beta_ll",98,0.0114227536859671,0.0140891198969278,0.0123557671556861,0.0013906979041753,0,1.23342586947632,10.1309708274011
"p2","beta_ll",99,0.0114227536859671,0.0116679825983149,0.0106757979120782,0.00677913051735463,0,1.02146845840237,1.72116211193232
"p2","beta_ll",100,0.0114227536859671,0.0106075054372069,0.00900063878818629,0.00214647167471432,0,0.92862944687656,4.94183341069183
"p2","beta_pw",1,0.0114227536859671,0.0170904952263756,0.00972116140936102,0.000257653609634496,0,1.49617996642712,66.3312858322456
"p2","beta_pw",2,0.0114227536859671,0.0135046813760623,0.0172370706793099,0.000390869022985224,0,1.18226145352787,34.5504007273885
"p2","beta_pw",3,0.0114227536859671,0.0167742209570417,0.0117300876116355,0.00115427696167161,0,1.46849187316792,14.5322323099557
"p2","beta_pw",4,0.0114227536859671,0.0150296764348693,0.00537330456868974,2.2447176200103e-05,0,1.31576648223916,669.557555965564
"p2","beta_pw",5,0.0114227536859671,0.0175053638568541,0.0149265903165903,6.20830859149519e-05,0,1.53249946012225,281.966716036552
"p2","beta_pw",6,0.0114227536859671,0.0157887608258436,0.0122489194106612,0.000138969349860765,0,1.38222019487648,113.613259626403
"p2","beta_pw",7,0.0114227536859671,0.0181278111166878,0.0120475955275067,0.000105149603420426,0,1.58699133458142,172.400185326484
"p2","beta_pw",8,0.0114227536859671,0.0201828396195883,0.0131608366310976,5.24561901042912e-05,0,1.76689791047346,384.756109421245
"p2","beta_pw",9,0.0114227536859671,0.0152005386430604,0.0115106852624979,0.00144313167839638,0,1.33072453989219,10.5330226413929
"p2","beta_pw",10,0.0114227536859671,0.0151862466242183,0.0106415462005149,0.000192938857988563,0,1.32947335132286,78.71015088686
"p2","beta_pw",11,0.0114227536859671,0.0152749281303211,0.00946075939064502,0.000151681593966795,0,1.33723693517846,100.703900393248
"p2","beta_pw",12,0.0114227536859671,0.0123669453866143,0.00911458303535202,0.000702951997712873,0,1.0826588514998,17.5928732357991
"p2","beta_pw",13,0.0114227536859671,0.0170933130492546,0.0111705223651608,0.000124129834302218,0,1.49642665150469,137.705114530627
"p2","beta_pw",14,0.0114227536859671,0.0148377178739403,0.0129330352898933,0.000125861066101423,0,1.29896155356728,117.889656694816
"p2","beta_pw",15,0.0114227536859671,0.0151820849405458,0.00889257653567583,0.000232035165638883,0,1.32910901853701,65.4301036601226
"p2","beta_pw",16,0.0114227536859671,0.0138073243516602,0.0156673544058356,0.00048307507198334,0,1.20875620110959,28.5821503787642
"p2","beta_pw",17,0.0114227536859671,0.0143897452747759,0.0117599379559027,0.00570920831040916,0,1.25974398734113,2.5204449535569
"p2","beta_pw",18,0.0114227536859671,0.0167498260781724,0.00754284654882323,0.000534185322060163,0,1.46635623411451,31.3558336151473
"p2","beta_pw",19,0.0114227536859671,0.0199325667163929,0.0129889975484048,8.46130712302819e-05,0,1.74498787808758,235.573138128324
"p2","beta_pw",20,0.0114227536859671,0.0148654995611083,0.0096481109443142,0.000241794971198888,0,1.3013936892792,61.4797714253567
"p2","beta_pw",21,0.0114227536859671,0.0192909939351982,0.00688395369002784,0.000104081181344482,0,1.68882166818472,185.345647368759
"p2","beta_pw",22,0.0114227536859671,0.0128427438544723,0.012420593052893,0.000445750112927254,0,1.12431242129029,28.8115324753001
"p2","beta_pw",23,0.0114227536859671,0.0178152335559788,0.0157109886401413,8.79563059566878e-05,0,1.5596268680699,202.546404856424
"p2","beta_pw",24,0.0114227536859671,0.0188156737556906,0.00649333556932808,0.000298139776899791,0,1.64720996993971,63.1102429583383
"p2","beta_pw",25,0.0114227536859671,0.0170630857633806,0.0123619649561686,0.000187337542756735,0,1.49378041691844,91.0820410703139
"p2","beta_pw",26,0.0114227536859671,0.0110996326989798,0.0102502643461575,0.00626212007278541,0,0.971712513823674,1.77250397149325
"p2","beta_pw",27,0.0114227536859671,0.0161323919954507,0.0121561365618262,0.000225227022255469,0,1.41230323606377,71.6272489592843
"p2","beta_pw",28,0.0114227536859671,0.0107984573277971,0.00884148462309237,0.0060868405606149,0,0.945346247031746,1.77406607258104
"p2","beta_pw",29,0.0114227536859671,0.014224629681233,0.0157129829384504,0.00112230069911308,0,1.24528901456642,12.6745262588487
"p2","beta_pw",30,0.0114227536859671,0.016744684024272,0.0143351420166355,0.000239512975381997,0,1.46590607524373,69.9113857926319
"p2","beta_pw",31,0.0114227536859671,0.0117130154657348,0.00651781164464317,0.00546263123303724,0,1.02541084118134,2.1442076109579
"p2","beta_pw",32,0.0114227536859671,0.01327269037368,0.0139606174932213,0.000402386680445169,0,1.16195190219198,32.9849148063155
"p2","beta_pw",33,0.0114227536859671,0.026099225126777,0.00920764394494042,0.000592455873648019,0,2.28484530475694,44.0526059199519
"p2","beta_pw",34,0.0114227536859671,0.0231996726312423,0.0114382543712994,0.000211720183740126,0,2.03100524348547,109.577047503976
"p2","beta_pw",35,0.0114227536859671,0.0123298153316405,0.0122341900543216,0.0040625399023008,0,1.07940831699695,3.0350016561456
"p2","beta_pw",36,0.0114227536859671,0.0127973006555505,0.0080910476047386,0.000666154662275003,0,1.12033411621858,19.2107049312634
"p2","beta_pw",37,0.0114227536859671,0.0190854043123421,0.00955335190971848,0.00312312267405741,0,1.67082341412899,6.11100052869436
"p2","beta_pw",38,0.0114227536859671,0.0185450352280794,0.00924967464835566,0.000171104603922988,0,1.62351703782793,108.384197753243
"p2","beta_pw",39,0.0114227536859671,0.0210012893831979,0.0100728582696824,0.000145329317513371,0,1.83854873882101,144.508277768976
"p2","beta_pw",40,0.0114227536859671,0.0163427052916318,0.00631349680117563,0.000361694485214995,0,1.43071502204489,45.1837281453641
"p2","beta_pw",41,0.0114227536859671,0.0162208685066347,0.0111090841679046,6.65291044189106e-05,0,1.42004887372841,243.816126014526
"p2","beta_pw",42,0.0114227536859671,0.0185841866209475,0.0131504789955994,0.000298585925651855,0,1.626944529477,62.240665163221
"p2","beta_pw",43,0.0114227536859671,0.0158265810896722,0.00901871735997637,0.00290208778663496,0,1.38553115341314,5.45351562504714
"p2","beta_pw",44,0.0114227536859671,0.0168300743776669,0.0114845908927136,0.00012225605356821,0,1.4733815365679,137.662503299086
"p2","beta_pw",45,0.0114227536859671,0.0159971429939402,0.00965465019846706,0.000245715039463695,0,1.40046292108992,65.1044520060964
"p2","beta_pw",46,0.0114227536859671,0.0145978513229878,0.0107944293345059,0.00429755945946962,0,1.27796254075944,3.39677704535805
"p2","beta_pw",47,0.0114227536859671,0.0164697368725963,0.0118748239194011,0.00163287031027171,0,1.44183594651344,10.0863716909984
"p2","beta_pw",48,0.0114227536859671,0.0191431070995807,0.00642663029326351,0.000296446289270406,0,1.67587497952425,64.5752967483399
"p2","beta_pw",49,0.0114227536859671,0.0218773239530188,0.0123766868817494,0.000136344775474999,0,1.91524080396613,160.455902155417
"p2","beta_pw",50,0.0114227536859671,0.0167270191848756,0.0149692942188366,0.00344243999012014,0,1.46435961456691,4.85905904907055
"p2","beta_pw",51,0.0114227536859671,0.0129082881358585,0.0105583721881116,0.00345020092350772,0,1.1300504668779,3.74131490369406
"p2","beta_pw",52,0.0114227536859671,0.0131396433303838,0.0100628521989513,0.0011613450739684,0,1.15030435669167,11.3141594388347
"p2","beta_pw",53,0.0114227536859671,0.0170371579362889,0.0109352916502121,0.000302746476136196,0,1.49151057658006,56.2753302820423
"p2","beta_pw",54,0.0114227536859671,0.0152309091903383,0.0100315922412186,0.00025658383740042,0,1.33338331623569,59.3603609044525
"p2","beta_pw",55,0.0114227536859671,0.0180256840280593,0.00916062096944444,0.000172381751464045,0,1.57805066305543,104.568400512041
"p2","beta_pw",56,0.0114227536859671,0.0176173705029733,0.00969823854700268,0.000291629266030704,0,1.54230503320896,60.4101595932367
"p2","beta_pw",57,0.0114227536859671,0.0218104578942654,0.0102149724587247,0.000172732867919404,0,1.90938704395417,126.266981825613
"p2","beta_pw",58,0.0114227536859671,0.0187685588040877,0.0100632235863578,0.000100753651337445,0,1.64308531200711,186.281673715505
"p2","beta_pw",59,0.0114227536859671,0.0214557282389804,0.0101676044409996,0.000143676422461066,0,1.87833239066853,149.333675431643
"p2","beta_pw",60,0.0114227536859671,0.0151470845030558,0.0128395705788678,0.00631719406133303,0,1.32604492046992,2.39775513558618
"p2","beta_pw",61,0.0114227536859671,0.0171478019114731,0.0102418505739989,0.000112246186778909,0,1.50119685523283,152.769571987769
"p2","beta_pw",62,0.0114227536859671,0.0168460421815915,0.0137557308683996,0.00029648488850783,0,1.47477943101294,56.819226997961
"p2","beta_pw",63,0.0114227536859671,0.0167829124743594,0.00940570704341263,0.000393288621411548,0,1.46925276826876,42.6732724026544
"p2","beta_pw",64,0.0114227536859671,0.0158658903499729,0.00728356221687655,0.000433862453951404,0,1.38897246549789,36.5689406987726
"p2","beta_pw",65,0.0114227536859671,0.016263497411437,0.00898428646302972,0.000146499754734488,0,1.42378080264627,111.01382006347
"p2","beta_pw",66,0.0114227536859671,0.0168362484375751,0.00833940188619136,0.00055057713946945,0,1.47392204195547,30.5792726043782
"p2","beta_pw",67,0.0114227536859671,0.0171039692555373,0.00837512814560428,0.000135823128509335,0,1.49735954444589,125.928252744979
"p2","beta_pw",68,0.0114227536859671,0.0140072914052864,0.00914369022455911,0.000485774806019517,0,1.22626222978916,28.8349482758552
"p2","beta_pw",69,0.0114227536859671,0.0209858761345661,0.00793626089388382,0.000242052930745163,0,1.83719939267773,86.6995333209178
"p2","beta_pw",70,0.0114227536859671,0.016748444034355,0.00746843857131172,0.000245565477720957,0,1.46623524369001,68.2035772690604
"p2","beta_pw",71,0.0114227536859671,0.013277727374485,0.0112922923163504,0.000836884341906468,0,1.16239286423524,15.8656659105816
"p2","beta_pw",72,0.0114227536859671,0.0159153891498297,0.0123892405370584,0.000156928860194624,0,1.39330581638837,101.417859851218
"p2","beta_pw",73,0.0114227536859671,0.0178953323150899,0.00994472629346363,7.07286058913986e-05,0,1.5666390790755,253.014068205551
"p2","beta_pw",74,0.0114227536859671,0.0207897651144165,0.0103395537564175,0.000110164588908947,0,1.82003093877064,188.715496697397
"p2","beta_pw",75,0.0114227536859671,0.0149180786995657,0.0139112417476338,0.00837325582962043,0,1.30599670707183,1.78163416992383
"p2","beta_pw",76,0.0114227536859671,0.0164768381126728,0.0086438969135598,0.00374723063406198,0,1.44245762148531,4.39707072281589
"p2","beta_pw",77,0.0114227536859671,0.0120868067524025,0.0126296396033613,0.000777346739139174,0,1.05813423669033,15.5487971375391
"p2","beta_pw",78,0.0114227536859671,0.012681694169411,0.00864294867863221,0.00037021294799429,0,1.11021339670402,34.2551340738265
"p2","beta_pw",79,0.0114227536859671,0.0139878367553262,0.0119398617945833,0.00299199082304426,0,1.22455908092549,4.67509346873396
"p2","beta_pw",80,0.0114227536859671,0.0218648622457466,0.0121932445832623,5.80973752949969e-06,0,1.9141498492266,3763.48537859498
"p2","beta_pw",81,0.0114227536859671,0.0170058107638347,0.0102590413278951,0.000390007178114761,0,1.48876630201056,43.6038404370873
"p2","beta_pw",82,0.0114227536859671,0.0136318985791321,0.00985311729000689,0.000336161176357932,0,1.19339862820284,40.5516744283919
"p2","beta_pw",83,0.0114227536859671,0.0153311468217928,0.00919276036281602,0.000129981929568063,0,1.34215857605571,117.948293833913
"p2","beta_pw",84,0.0114227536859671,0.0214740477123126,0.0136221372027308,0.000314680746320048,0,1.87993616098836,68.2407422870173
"p2","beta_pw",85,0.0114227536859671,0.0136056268675683,0.0100437139396165,0.00501871866082917,0,1.19109868264802,2.71097620469534
"p2","beta_pw",86,0.0114227536859671,0.0196430050569428,0.0115449389942308,0.000375729054941518,0,1.71963832863473,52.2797074077761
"p2","beta_pw",87,0.0114227536859671,0.0170936973503087,0.0113467540577961,5.62071014268518e-05,0,1.49646029497321,304.119887280694
"p2","beta_pw",88,0.0114227536859671,0.0156331903403623,0.00982247680685736,0.000183946270298406,0,1.36860084443278,84.9878082061755
"p2","beta_pw",89,0.0114227536859671,0.0243747672556986,0.0183231453947505,0.000154587671645019,0,2.13387839095603,157.676009971032
"p2","beta_pw",90,0.0114227536859671,0.02012461469844,0.0157346490803534,0.000285727449853821,0,1.76180063509232,70.4329062844185
"p2","beta_pw",91,0.0114227536859671,0.0192663638791935,0.00768149955147324,0.00021989274805398,0,1.68666544065134,87.6170953780791
"p2","beta_pw",92,0.0114227536859671,0.0174116442113148,0.0169182447206771,0.00152171101690256,0,1.5242948145424,11.4421490137833
"p2","beta_pw",93,0.0114227536859671,0.0149833761152237,0.0133873049592552,0.000117387311182403,0,1.31171314090671,127.640508708319
"p2","beta_pw",94,0.0114227536859671,0.0206934292814438,0.0124691398549788,4.53037779970818e-05,0,1.81159726020055,456.770498980831
"p2","beta_pw",95,0.0114227536859671,0.0189391152453858,0.0136812925702291,0.000185579086392277,0,1.65801660143057,102.054146367292
"p2","beta_pw",96,0.0114227536859671,0.0173238886896848,0.00975139181443911,0.000641332129030007,0,1.51661229559447,27.0123511758044
"p2","beta_pw",97,0.0114227536859671,0.0190721076921632,0.0103476050072594,0.000148955290516099,0,1.66965936730241,128.039142658729
"p2","beta_pw",98,0.0114227536859671,0.020131646168821,0.0123557671556861,0.000101795487657522,0,1.76241620210656,197.765604665615
"p2","beta_pw",99,0.0114227536859671,0.0123338314461589,0.0106757979120782,0.00593955974845394,0,1.07975990599456,2.07655650730164
"p2","beta_pw",100,0.0114227536859671,0.0155469997271534,0.00900063878818629,0.000259713822804364,0,1.36105532471149,59.8620418400471
"p2","beta",1,0.0114227536859671,0.0116125780390238,0.00972116140936102,0.00415645694880303,0,1.01661809037254,2.79386462606523
"p2","beta",2,0.0114227536859671,0.0117179706837799,0.0172370706793099,0.00375004828469618,0,1.02584464358848,3.12475194828839
"p2","beta",3,0.0114227536859671,0.0144397323720032,0.0117300876116355,0.00519263409982074,0,1.2641200860124,2.78081068190453
"p2","beta",4,0.0114227536859671,0.00931925332769838,0.00537330456868974,0.00467139274713851,0,0.815849976625784,1.99496249451664
"p2","beta",5,0.0114227536859671,0.0114174906418893,0.0149265903165903,0.00512317524483282,0,0.999539249096802,2.22859654340438
"p2","beta",6,0.0114227536859671,0.0110024664978705,0.0122489194106612,0.0044964483472212,0,0.96320614103647,2.4469238048003
"p2","beta",7,0.0114227536859671,0.0113517927707473,0.0120475955275067,0.00536582997984186,0,0.993787757560853,2.11557071569417
"p2","beta",8,0.0114227536859671,0.0146536694541929,0.0131608366310976,0.00550957514738472,0,1.28284911476249,2.65967321657256
"p2","beta",9,0.0114227536859671,0.0131015751170689,0.0115106852624979,0.00447354281420224,0,1.14697169152515,2.92867994366234
"p2","beta",10,0.0114227536859671,0.00982324627560844,0.0106415462005149,0.00433594947713549,0,0.859971819901563,2.26553522530851
"p2","beta",11,0.0114227536859671,0.0107409217130839,0.00946075939064502,0.00472929804716122,0,0.940309316682469,2.27114502109487
"p2","beta",12,0.0114227536859671,0.010904409549867,0.00911458303535202,0.00414828115925502,0,0.954621788200082,2.62865729955135
"p2","beta",13,0.0114227536859671,0.0120049383496307,0.0111705223651608,0.00452000683538034,0,1.05096710300063,2.65595579538997
"p2","beta",14,0.0114227536859671,0.0102962975669652,0.0129330352898933,0.00439920043952763,0,0.901384889320885,2.34049293922847
"p2","beta",15,0.0114227536859671,0.00988122859325241,0.00889257653567583,0.00412504192212084,0,0.865047856664501,2.39542501138318
"p2","beta",16,0.0114227536859671,0.0121038966290446,0.0156673544058356,0.00541166212459602,0,1.05963036250306,2.23663199038838
"p2","beta",17,0.0114227536859671,0.0144542101387711,0.0117599379559027,0.00385230232984747,0,1.26538753580304,3.75209651298146
"p2","beta",18,0.0114227536859671,0.0134219326612368,0.00754284654882323,0.00388269875009268,0,1.17501725330256,3.45685656424322
"p2","beta",19,0.0114227536859671,0.0133392179715022,0.0129889975484048,0.00598019252567136,0,1.16777603178903,2.23056664383974
"p2","beta",20,0.0114227536859671,0.0106798567848549,0.0096481109443142,0.00393492578196645,0,0.934963414117482,2.71411898892734
"p2","beta",21,0.0114227536859671,0.00972039072497935,0.00688395369002784,0.00574865870412868,0,0.850967375486775,1.6908971684122
"p2","beta",22,0.0114227536859671,0.0112374887897655,0.012420593052893,0.00436503998523446,0,0.983781065293453,2.57442974813022
"p2","beta",23,0.0114227536859671,0.0122697692461029,0.0157109886401413,0.00569522546815972,0,1.07415160857196,2.15439569771196
"p2","beta",24,0.0114227536859671,0.0135594481853846,0.00649333556932808,0.00461441082239709,0,1.18705599001425,2.9385004299077
"p2","beta",25,0.0114227536859671,0.0108287796152554,0.0123619649561686,0.00471946410353229,0,0.948000798490348,2.29449348012851
"p2","beta",26,0.0114227536859671,0.0110888455405259,0.0102502643461575,0.00341206813003028,0,0.970768156731643,3.24988983746567
"p2","beta",27,0.0114227536859671,0.0116427389238734,0.0121561365618262,0.00411669018235111,0,1.01925851191,2.82817953456581
"p2","beta",28,0.0114227536859671,0.0107048996953848,0.00884148462309237,0.00419445798413382,0,0.937155784820585,2.55215327841588
"p2","beta",29,0.0114227536859671,0.0128272208733696,0.0157129829384504,0.00502251726100809,0,1.12295346866561,2.5539426161763
"p2","beta",30,0.0114227536859671,0.0138939030200623,0.0143351420166355,0.00565055078580331,0,1.21633569295388,2.45885817980257
"p2","beta",31,0.0114227536859671,0.0113161355091997,0.00651781164464317,0.00328989436873814,0,0.990666158117509,3.43966530254892
"p2","beta",32,0.0114227536859671,0.0115322864300934,0.0139606174932213,0.00454480725057256,0,1.00958899641343,2.53746436191337
"p2","beta",33,0.0114227536859671,0.0204472637219446,0.00920764394494042,0.00580278243905386,0,1.79004680343095,3.52369986927832
"p2","beta",34,0.0114227536859671,0.0164657809338888,0.0114382543712994,0.00474646643028511,0,1.441489625581,3.46906086364119
"p2","beta",35,0.0114227536859671,0.0116881563748906,0.0122341900543216,0.00361051115192238,0,1.02323456289261,3.23725807318648
"p2","beta",36,0.0114227536859671,0.0108881669304346,0.0080910476047386,0.00463356100825452,0,0.953199835151022,2.34984861773434
"p2","beta",37,0.0114227536859671,0.0153626049718311,0.00955335190971848,0.00429659398982462,0,1.34491256610952,3.57553099227282
"p2","beta",38,0.0114227536859671,0.0107490028847146,0.00924967464835566,0.00458354715180745,0,0.941016779335775,2.34512758976985
"p2","beta",39,0.0114227536859671,0.0141632709070688,0.0100728582696824,0.00547483803131737,0,1.23991738738693,2.58697532713325
"p2","beta",40,0.0114227536859671,0.0106405691127013,0.00631349680117563,0.00552828287948384,0,0.931523991957667,1.9247512011713
"p2","beta",41,0.0114227536859671,0.0108657055468269,0.0111090841679046,0.00466726476444523,0,0.951233463098785,2.32806710037125
"p2","beta",42,0.0114227536859671,0.013710562594702,0.0131504789955994,0.00482967626982749,0,1.20028523520957,2.83881606731206
"p2","beta",43,0.0114227536859671,0.0148936808343193,0.00901871735997637,0.00598747449718482,0,1.30386080657733,2.48747294728721
"p2","beta",44,0.0114227536859671,0.0109988156461963,0.0114845908927136,0.00492613474801282,0,0.962886528815582,2.23274762238958
"p2","beta",45,0.0114227536859671,0.0105703381334728,0.00965465019846706,0.00445009520544961,0,0.925375651447203,2.37530606548109
"p2","beta",46,0.0114227536859671,0.0139386021583392,0.0107944293345059,0.00599951432820447,0,1.22024885956027,2.32328841899953
"p2","beta",47,0.0114227536859671,0.0129238707875301,0.0118748239194011,0.003862010678537,0,1.13141464333657,3.34640990491146
"p2","beta",48,0.0114227536859671,0.0127196333448122,0.00642663029326351,0.00429557274617378,0,1.11353476530255,2.96110299986004
"p2","beta",49,0.0114227536859671,0.0159925191940956,0.0123766868817494,0.00560066812033935,0,1.4000581325449,2.85546632124429
"p2","beta",50,0.0114227536859671,0.0163574059663718,0.0149692942188366,0.00567364126433232,0,1.43200198621694,2.88305255906883
"p2","beta",51,0.0114227536859671,0.0113668325620003,0.0105583721881116,0.00642361905835719,0,0.995104409540447,1.76953715012286
"p2","beta",52,0.0114227536859671,0.0112794153606866,0.0100628521989513,0.00518464881347042,0,0.987451508697357,2.17554086428788
"p2","beta",53,0.0114227536859671,0.0121139513537838,0.0109352916502121,0.00457938230589243,0,1.06051059900432,2.64532431332418
"p2","beta",54,0.0114227536859671,0.0122426931600673,0.0100315922412186,0.00389693536587494,0,1.07178124440409,3.14162078931954
"p2","beta",55,0.0114227536859671,0.0121953766294961,0.00916062096944444,0.00434057007808472,0,1.06763893932845,2.80962555841913
"p2","beta",56,0.0114227536859671,0.0126403989773141,0.00969823854700268,0.00451452731738333,0,1.10659822708449,2.79993852925462
"p2","beta",57,0.0114227536859671,0.0146141800126065,0.0102149724587247,0.00662856856362974,0,1.27939202878549,2.20472638584339
"p2","beta",58,0.0114227536859671,0.0117826341073117,0.0100632235863578,0.00542094855079499,0,1.0315055748586,2.17353734257149
"p2","beta",59,0.0114227536859671,0.0149407243088999,0.0101676044409996,0.00620150123571059,0,1.30797920708512,2.40921088959325
"p2","beta",60,0.0114227536859671,0.0152919897936931,0.0128395705788678,0.00383982639951792,0,1.33873059107274,3.98246905006251
"p2","beta",61,0.0114227536859671,0.012509428446091,0.0102418505739989,0.00466356218779944,0,1.09513246892987,2.68237624852897
"p2","beta",62,0.0114227536859671,0.0117920517767195,0.0137557308683996,0.0046673400648867,0,1.03233004062813,2.52650366435337
"p2","beta",63,0.0114227536859671,0.0122143347608745,0.00940570704341263,0.00391671471149419,0,1.06929862068897,3.11851530187524
"p2","beta",64,0.0114227536859671,0.0112496583342273,0.00728356221687655,0.00368699993140353,0,0.984846442766909,3.05116857703464
"p2","beta",65,0.0114227536859671,0.00987324719549648,0.00898428646302972,0.00491103167567756,0,0.864349128671641,2.01042221828763
"p2","beta",66,0.0114227536859671,0.0114131941416641,0.00833940188619136,0.00414768093249296,0,0.999163113854516,2.75170494727621
"p2","beta",67,0.0114227536859671,0.0133747832707465,0.00837512814560428,0.00452829131458588,0,1.17088958043256,2.95360486805819
"p2","beta",68,0.0114227536859671,0.0118548670368857,0.00914369022455911,0.00452869324150681,0,1.03782917524076,2.61772356940239
"p2","beta",69,0.0114227536859671,0.0102370813256859,0.00793626089388382,0.00426657212289438,0,0.896200829250321,2.39936910259968
"p2","beta",70,0.0114227536859671,0.0111726490878611,0.00746843857131172,0.00438257919178388,0,0.978104701809927,2.54933193421964
"p2","beta",71,0.0114227536859671,0.0119498126148991,0.0112922923163504,0.00517690855114776,0,1.04614114454551,2.30829123150142
"p2","beta",72,0.0114227536859671,0.011515613168677,0.0123892405370584,0.00449634877745905,0,1.00812934299931,2.5611031836335
"p2","beta",73,0.0114227536859671,0.0111458449413736,0.00994472629346363,0.00514859849308474,0,0.97575814447144,2.16483086734069
"p2","beta",74,0.0114227536859671,0.0125165170694269,0.0103395537564175,0.00541860721188551,0,1.09575303937469,2.30991407570057
"p2","beta",75,0.0114227536859671,0.0154961895294185,0.0139112417476338,0.00378269257688111,0,1.35660716806453,4.09660293943194
"p2","beta",76,0.0114227536859671,0.0152189646746698,0.0086438969135598,0.00508614715343584,0,1.33233763881001,2.9922383713159
"p2","beta",77,0.0114227536859671,0.0108825061544619,0.0126296396033613,0.00493105717891384,0,0.952704264982188,2.20693164966685
"p2","beta",78,0.0114227536859671,0.0104422528488767,0.00864294867863221,0.0041235284518288,0,0.914162480952818,2.53235862705046
"p2","beta",79,0.0114227536859671,0.0135178749927602,0.0119398617945833,0.00422731867226002,0,1.18341648295953,3.19774212468662
"p2","beta",80,0.0114227536859671,0.0143980521273957,0.0121932445832623,0.00702666716321501,0,1.26047120713841,2.04905850710709
"p2","beta",81,0.0114227536859671,0.0116304250361298,0.0102590413278951,0.00473695265323554,0,1.01818049796677,2.45525465157135
"p2","beta",82,0.0114227536859671,0.0108255281135079,0.00985311729000689,0.00374104465509914,0,0.947716147184991,2.89371796157324
"p2","beta",83,0.0114227536859671,0.00929111900415503,0.00919276036281602,0.00464612291204169,0,0.813386969515868,1.99975747091722
"p2","beta",84,0.0114227536859671,0.013507747814525,0.0136221372027308,0.00554992660935522,0,1.1825299035485,2.43386061930183
"p2","beta",85,0.0114227536859671,0.0135955566413683,0.0100437139396165,0.00429256316166023,0,1.19021708907813,3.16723508294517
"p2","beta",86,0.0114227536859671,0.0151072101949753,0.0115449389942308,0.00508604991838379,0,1.3225541415232,2.97032283154939
"p2","beta",87,0.0114227536859671,0.0113457191357831,0.0113467540577961,0.00551713464462066,0,0.993256043831299,2.05645137677498
"p2","beta",88,0.0114227536859671,0.0101038530247082,0.00982247680685736,0.00431979276412937,0,0.884537415625161,2.33896707004289
"p2","beta",89,0.0114227536859671,0.0192396135419274,0.0183231453947505,0.00671436086825511,0,1.68432359401773,2.86544228399915
"p2","beta",90,0.0114227536859671,0.0142083199119983,0.0157346490803534,0.00511809600598314,0,1.24386118291715,2.77609483983664
"p2","beta",91,0.0114227536859671,0.0122806224948792,0.00768149955147324,0.00471691892232053,0,1.0751017515125,2.60352630543787
"p2","beta",92,0.0114227536859671,0.0141907454459962,0.0169182447206771,0.00344630463923728,0,1.2423226339398,4.11767006445978
"p2","beta",93,0.0114227536859671,0.0113354800340833,0.0133873049592552,0.00421827598133202,0,0.992359666129274,2.68723053784258
"p2","beta",94,0.0114227536859671,0.0121270708304614,0.0124691398549788,0.00566729643685144,0,1.06165913788017,2.13983351066754
"p2","beta",95,0.0114227536859671,0.0141711044459176,0.0136812925702291,0.00488111589260452,0,1.24060317113611,2.90325096918688
"p2","beta",96,0.0114227536859671,0.0123826422326992,0.00975139181443911,0.00438009374202188,0,1.08403302505868,2.82702676289829
"p2","beta",97,0.0114227536859671,0.0123786244512285,0.0103476050072594,0.00543640585867781,0,1.08368129012846,2.27698681316613
"p2","beta",98,0.0114227536859671,0.0103282527278952,0.0123557671556861,0.00512247212324646,0,0.904182389976901,2.01626333524086
"p2","beta",99,0.0114227536859671,0.0117403352194682,0.0106757979120782,0.00628008906640013,0,1.02780253713176,1.8694536168733
"p2","beta",100,0.0114227536859671,0.00939716700268673,0.00900063878818629,0.0043519066993665,0,0.822670895392864,2.15932179889212
"p2","floored_ll",1,0.0114227536859671,0.0122995004467512,0.00972116140936102,0.00513111762973774,0,1.07675441359303,2.39704121680403
"p2","floored_ll",2,0.0114227536859671,0.0118405914757868,0.0172649128879447,0.00440998386033237,0,1.0365794274574,2.68495120408317
"p2","floored_ll",3,0.0114227536859671,0.0128082297215559,0.0117300876116355,0.00463665880703288,0,1.12129089654544,2.76238348660211
"p2","floored_ll",4,0.0114227536859671,0.0119532191268119,0.0054195796222287,0.00340820772936932,0,1.04643936614832,3.50718620341366
"p2","floored_ll",5,0.0114227536859671,0.014336038348906,0.0149597664600314,0.00290879024557161,0,1.25504223789032,4.92852256044639
"p2","floored_ll",6,0.0114227536859671,0.0112748068145457,0.0122881493371152,0.00342781606638907,0,0.987048055531201,3.28920997981751
"p2","floored_ll",7,0.0114227536859671,0.0115659930061315,0.0120475955275067,0.00395194871484149,0,1.01253982394283,2.92665564274546
"p2","floored_ll",8,0.0114227536859671,0.0177118335319962,0.0131608366310976,0.00337866359299708,0,1.55057475797234,5.24226015537838
"p2","floored_ll",9,0.0114227536859671,0.0127191930741174,0.0115106852624979,0.00708368448568494,0,1.11349622199618,1.79556177294753
"p2","floored_ll",10,0.0114227536859671,0.0107684336654933,0.0106779749698345,0.00426069366515649,0,0.94271783858233,2.52738978949752
"p2","floored_ll",11,0.0114227536859671,0.0122689471373554,0.00946075939064502,0.00596812611495154,0,1.07407963741946,2.05574528772421
"p2","floored_ll",12,0.0114227536859671,0.0102973431324643,0.00911458303535201,0.00723285836703087,0,0.901476422897446,1.42368930925042
"p2","floored_ll",13,0.0114227536859671,0.0132862451184628,0.0111705223651608,0.00353418319160371,0,1.16313854642467,3.75935383033553
"p2","floored_ll",14,0.0114227536859671,0.0106123863642413,0.0129660105209741,0.00416806481651432,0,0.929056745509498,2.54611836221784
"p2","floored_ll",15,0.0114227536859671,0.0107410679807264,0.00889257653567583,0.00577661571173533,0,0.940322121619567,1.85940497286424
"p2","floored_ll",16,0.0114227536859671,0.0132735308522757,0.0157036826604612,0.00456233517493451,0,1.16202548152485,2.90937214021463
"p2","floored_ll",17,0.0114227536859671,0.0114753733008141,0.0117599379559027,0.0067824377967991,0,1.00460656128054,1.69192459180824
"p2","floored_ll",18,0.0114227536859671,0.0131522007531534,0.00754284654882324,0.00575045344750203,0,1.15140369080276,2.28715889507229
"p2","floored_ll",19,0.0114227536859671,0.0145248856233564,0.0129889975484048,0.00327248270706919,0,1.27157479034151,4.43849117734979
"p2","floored_ll",20,0.0114227536859671,0.0113670830078966,0.0096481109443142,0.00559810015273816,0,0.995126334717438,2.03052512419534
"p2","floored_ll",21,0.0114227536859671,0.0119486559460844,0.00688395369002784,0.0045971207296906,0,1.04603988447753,2.59916078969032
"p2","floored_ll",22,0.0114227536859671,0.0113655723393215,0.012420593052893,0.00383661103342974,0,0.994994083894505,2.96239890890404
"p2","floored_ll",23,0.0114227536859671,0.0141549321120596,0.0157432100971605,0.0045430571777188,0,1.23918737120708,3.11572836491731
"p2","floored_ll",24,0.0114227536859671,0.0123582554100388,0.00649333556932808,0.00802726773861944,0,1.08189809128257,1.53953447330314
"p2","floored_ll",25,0.0114227536859671,0.01095776322007,0.0124002194230617,0.00519886207994418,0,0.959292612037288,2.10772339245969
"p2","floored_ll",26,0.0114227536859671,0.0112374432546989,0.0102963774509591,0.0116604132870285,0,0.983777078945871,0.963725982783122
"p2","floored_ll",27,0.0114227536859671,0.0127759380333351,0.0121971559303269,0.00679835862218891,0,1.11846393475422,1.87926803267427
"p2","floored_ll",28,0.0114227536859671,0.0100069489986229,0.00884148462309236,0.00724545921046957,0,0.876053994836329,1.3811338533468
"p2","floored_ll",29,0.0114227536859671,0.0137648641669111,0.0157555519298798,0.00444470281382938,0,1.20503904271535,3.09691440428429
"p2","floored_ll",30,0.0114227536859671,0.0146050721109576,0.0143351420166355,0.00446239924621417,0,1.2785946814996,3.27291918654483
"p2","floored_ll",31,0.0114227536859671,0.00955944428843342,0.00651781164464317,0.00950245696796765,0,0.836877389746853,1.00599711428927
"p2","floored_ll",32,0.0114227536859671,0.0120704948451328,0.0139981395265487,0.00378260209863278,0,1.05670621786771,3.19105592668488
"p2","floored_ll",33,0.0114227536859671,0.0155171313537491,0.00920764394494042,0.00922740283442968,0,1.3584405109612,1.68163584403738
"p2","floored_ll",34,0.0114227536859671,0.0143881099656693,0.0114382543712994,0.00721562621431904,0,1.25960082491712,1.99402096759347
"p2","floored_ll",35,0.0114227536859671,0.0109406184897606,0.0122636400079115,0.00816726748675651,0,0.957791684084123,1.33956901834073
"p2","floored_ll",36,0.0114227536859671,0.0114531795541739,0.0080910476047386,0.00814523673433048,0,1.00266361939014,1.40611991127294
"p2","floored_ll",37,0.0114227536859671,0.0143274495554315,0.00955335190971847,0.00752702521818186,0,1.25429033570362,1.90346772332088
"p2","floored_ll",38,0.0114227536859671,0.0120232361788554,0.00924967464835566,0.0053928215778389,0,1.05256897849649,2.22948896144893
"p2","floored_ll",39,0.0114227536859671,0.0130211415895323,0.0100728582696824,0.00536208998667354,0,1.13993017336343,2.42837058346539
"p2","floored_ll",40,0.0114227536859671,0.0100675353461009,0.00631349680117563,0.00939162721100508,0,0.881358000257753,1.07196922534401
"p2","floored_ll",41,0.0114227536859671,0.0130980683288682,0.0111090841679046,0.00336831216533513,0,1.14666469127836,3.88861473816666
"p2","floored_ll",42,0.0114227536859671,0.0132458214590287,0.0131992809734171,0.00796988532857308,0,1.15959967475279,1.66198394493089
"p2","floored_ll",43,0.0114227536859671,0.0126858162024424,0.00901871735997638,0.00617717226375497,0,1.11057425829175,2.05366074650004
"p2","floored_ll",44,0.0114227536859671,0.0133754358293913,0.0114845908927136,0.00335836253354183,0,1.1709467083951,3.98272541924923
"p2","floored_ll",45,0.0114227536859671,0.0111276833959802,0.00965465019846707,0.00537420946981531,0,0.974168199884285,2.07057120837581
"p2","floored_ll",46,0.0114227536859671,0.0117431985982849,0.0108392005115111,0.00874819888729196,0,1.02805321038406,1.34235615234395
"p2","floored_ll",47,0.0114227536859671,0.0120756432493837,0.0118748239194011,0.00715789882242309,0,1.05715693267716,1.68703743220778
"p2","floored_ll",48,0.0114227536859671,0.0119011595596892,0.00642663029326351,0.00628563074489614,0,1.04188183400205,1.89339145786646
"p2","floored_ll",49,0.0114227536859671,0.014522704488381,0.0123766868817494,0.00395963992636495,0,1.27138384382937,3.66768311221499
"p2","floored_ll",50,0.0114227536859671,0.013821404811603,0.0149692942188366,0.00742196359787551,0,1.20998886884715,1.86223020759079
"p2","floored_ll",51,0.0114227536859671,0.0105297317309281,0.0105583721881116,0.0106651618160131,0,0.921820781609242,0.987301638041566
"p2","floored_ll",52,0.0114227536859671,0.0112066919902424,0.0100628521989513,0.00968611234718234,0,0.981084972882663,1.15698554678673
"p2","floored_ll",53,0.0114227536859671,0.0129617062230183,0.0109352916502121,0.00678849941419597,0,1.13472693006956,1.9093625015144
"p2","floored_ll",54,0.0114227536859671,0.0111828074209128,0.0100315922412186,0.00497098065323905,0,0.978994008655803,2.24961797299014
"p2","floored_ll",55,0.0114227536859671,0.0130407866795995,0.00916062096944443,0.00467332897501301,0,1.14164999422338,2.79047050813775
"p2","floored_ll",56,0.0114227536859671,0.0127122028125119,0.00969823854700268,0.00575298509900392,0,1.11288426258625,2.20967073506117
"p2","floored_ll",57,0.0114227536859671,0.0160118291885974,0.0102149724587247,0.00578204953411673,0,1.40174861760942,2.76923071898991
"p2","floored_ll",58,0.0114227536859671,0.0127852415211244,0.0100632235863578,0.00414023942959704,0,1.11927840454365,3.08804399806625
"p2","floored_ll",59,0.0114227536859671,0.0143375533818292,0.0101676044409996,0.00633244052766344,0,1.25517487078819,2.26414339292966
"p2","floored_ll",60,0.0114227536859671,0.0131493632133093,0.0128395705788678,0.00980066672515744,0,1.15115527961207,1.34168047767159
"p2","floored_ll",61,0.0114227536859671,0.0136215451618561,0.0102418505739989,0.00519862301545415,0,1.19249224279345,2.62022176283274
"p2","floored_ll",62,0.0114227536859671,0.0116205422687364,0.0137862881082269,0.00617854087390815,0,1.01731531539651,1.88079070866224
"p2","floored_ll",63,0.0114227536859671,0.0120323092488129,0.00940570704341263,0.00766991583214019,0,1.05336327645711,1.56876679120682
"p2","floored_ll",64,0.0114227536859671,0.0119377788904504,0.00728356221687655,0.00671182193777342,0,1.045087657376,1.77861972518459
"p2","floored_ll",65,0.0114227536859671,0.0115463325953255,0.00901588067810098,0.00525949477816741,0,1.01081866183547,2.19533112633846
"p2","floored_ll",66,0.0114227536859671,0.0113687878443629,0.00833940188619136,0.00733136111594098,0,0.995275583883899,1.55070629649426
"p2","floored_ll",67,0.0114227536859671,0.0117967064309702,0.00837512814560428,0.00382915480329826,0,1.03273753030869,3.08075986398072
"p2","floored_ll",68,0.0114227536859671,0.0129316010113773,0.00914369022455911,0.00381284987957692,0,1.13209138241891,3.39158409583442
"p2","floored_ll",69,0.0114227536859671,0.0107319821467744,0.00793626089388381,0.00910244930766953,0,0.939526706240603,1.17902135832076
"p2","floored_ll",70,0.0114227536859671,0.0112825530072806,0.00746843857131172,0.00725128157245262,0,0.987726192602855,1.55593916669056
"p2","floored_ll",71,0.0114227536859671,0.0121074760765892,0.0112922923163504,0.00704452799663184,0,1.0599437236805,1.71870650274625
"p2","floored_ll",72,0.0114227536859671,0.0132559327681298,0.0124260685849468,0.00382005452253718,0,1.16048486490738,3.47008993979635
"p2","floored_ll",73,0.0114227536859671,0.0133634223431558,0.00994472629346363,0.0029033624384464,0,1.16989499297116,4.60273997011087
"p2","floored_ll",74,0.0114227536859671,0.0140750723068127,0.0103395537564175,0.00777320015468918,0,1.23219607931351,1.81071785451477
"p2","floored_ll",75,0.0114227536859671,0.0143337064557713,0.0139531136799298,0.0079424819581583,0,1.25483809332072,1.80468857610033
"p2","floored_ll",76,0.0114227536859671,0.0113381617171905,0.0086438969135598,0.00867200138188338,0,0.992594432909765,1.30744463912067
"p2","floored_ll",77,0.0114227536859671,0.0121811507789723,0.0126296396033613,0.00594763950521934,0,1.06639354343575,2.04806474371602
"p2","floored_ll",78,0.0114227536859671,0.0131013288804449,0.00864294867863221,0.00454941745338383,0,1.14695013484707,2.87978164560392
"p2","floored_ll",79,0.0114227536859671,0.0107872588753013,0.0119398617945833,0.00601821523533912,0,0.944365883381822,1.7924348753694
"p2","floored_ll",80,0.0114227536859671,0.022016522551416,0.0121932445832623,0.00147871977877493,0,1.92742688468047,14.8889078697899
"p2","floored_ll",81,0.0114227536859671,0.0118529623155789,0.0102590413278951,0.00707183195276677,0,1.03766242724294,1.6760808790064
"p2","floored_ll",82,0.0114227536859671,0.00972921651501714,0.00989899912592762,0.00525685404539912,0,0.851740025434452,1.85076786058618
"p2","floored_ll",83,0.0114227536859671,0.0102998317579699,0.00919276036281602,0.00318389299653299,0,0.90169428853423,3.23498050003113
"p2","floored_ll",84,0.0114227536859671,0.0127840670186731,0.0136221372027308,0.00805919014444291,0,1.11917558323773,1.58627191933028
"p2","floored_ll",85,0.0114227536859671,0.0115917837010529,0.0100437139396165,0.00633486566077484,0,1.01479765910504,1.82983891400076
"p2","floored_ll",86,0.0114227536859671,0.013499204357228,0.0115449389942308,0.00734560635113501,0,1.18178197029774,1.83772498986992
"p2","floored_ll",87,0.0114227536859671,0.0143307120503819,0.0113794054745372,0.00276587696197501,0,1.25457594940415,5.18125435346514
"p2","floored_ll",88,0.0114227536859671,0.0105037608849504,0.00982247680685736,0.00523941375024862,0,0.919547175201216,2.00475881189034
"p2","floored_ll",89,0.0114227536859671,0.0174394989716351,0.0183231453947505,0.00464797417971135,0,1.52673334741163,3.75206451183817
"p2","floored_ll",90,0.0114227536859671,0.0132159461982309,0.0157346490803534,0.00437707535186468,0,1.15698425804863,3.01935542247422
"p2","floored_ll",91,0.0114227536859671,0.0108572308025505,0.00768149955147324,0.00543155987658167,0,0.950491545299501,1.99891579016955
"p2","floored_ll",92,0.0114227536859671,0.01327631622455,0.0169589866788309,0.00620773562240497,0,1.16226932572834,2.13867294487108
"p2","floored_ll",93,0.0114227536859671,0.0119891893231624,0.0134248068304394,0.00336446972963449,0,1.0495883613328,3.56347070611477
"p2","floored_ll",94,0.0114227536859671,0.0131294679251024,0.0124691398549788,0.00333111309905815,0,1.14941355526487,3.94146567068368
"p2","floored_ll",95,0.0114227536859671,0.0133133499375994,0.0136812925702291,0.00400471867061458,0,1.16551142601936,3.32441577863853
"p2","floored_ll",96,0.0114227536859671,0.0114202553044892,0.00975139181443912,0.00661274039191156,0,0.999781280280863,1.72700796154919
"p2","floored_ll",97,0.0114227536859671,0.0122901970197348,0.0103476050072594,0.00677642043672299,0,1.07593994912394,1.81367096898702
"p2","floored_ll",98,0.0114227536859671,0.0129463229135834,0.0123557671556861,0.00425695482737285,0,1.13338020494025,3.04121688826404
"p2","floored_ll",99,0.0114227536859671,0.0119646053212834,0.0107129957399242,0.0113899865875272,0,1.0474361655878,1.0504494653563
"p2","floored_ll",100,0.0114227536859671,0.0108876207614143,0.00900063878818629,0.00687299583003355,0,0.953152021021841,1.58411572342844
"p2","floored",1,0.0114227536859671,0.010222910435793,0.00972116140936102,0.00989311780975303,0,0.894960244862131,1.03333556037459
"p2","floored",2,0.0114227536859671,0.00999271088971973,0.0172649128879447,0.0096265993529562,0,0.874807525789143,1.03803124274109
"p2","floored",3,0.0114227536859671,0.0107153704693768,0.0117300876116355,0.0103949583062963,0,0.938072444172605,1.03082380454441
"p2","floored",4,0.0114227536859671,0.0091267840332274,0.0054195796222287,0.00874741924672603,0,0.799000336008265,1.04336876692441
"p2","floored",5,0.0114227536859671,0.0107494060593942,0.0149597664600314,0.0106056932396085,0,0.941052075087628,1.01355053522093
"p2","floored",6,0.0114227536859671,0.00925226407179735,0.0122881493371152,0.00897500374082454,0,0.809985431373152,1.03089250310968
"p2","floored",7,0.0114227536859671,0.00939321875589547,0.0120475955275067,0.00888967767406001,0,0.822325247845889,1.05664334527053
"p2","floored",8,0.0114227536859671,0.0131099115776414,0.0131608366310976,0.0127365528888321,0,1.14770150333776,1.02931395111912
"p2","floored",9,0.0114227536859671,0.0112900804118854,0.0115106852624979,0.0107879745213235,0,0.988385175962896,1.04654311053196
"p2","floored",10,0.0114227536859671,0.00922119307636453,0.0106779749698345,0.00904350477789957,0,0.807265334600777,1.01964816769923
"p2","floored",11,0.0114227536859671,0.0102815803431362,0.00946075939064502,0.00986035852046976,0,0.90009647636604,1.04271871269103
"p2","floored",12,0.0114227536859671,0.00934115242103477,0.00911458303535201,0.00875431969279497,0,0.817767123220943,1.06703350446783
"p2","floored",13,0.0114227536859671,0.0108482960355614,0.0111705223651608,0.0104018419010091,0,0.949709355012051,1.04292068066416
"p2","floored",14,0.0114227536859671,0.00875016798063713,0.0129660105209741,0.00871408890568692,0,0.766029647595984,1.00414031522293
"p2","floored",15,0.0114227536859671,0.00956329440176048,0.00889257653567583,0.00942837220608017,0,0.837214446242415,1.0143102322152
"p2","floored",16,0.0114227536859671,0.0110080151159283,0.0157036826604612,0.0103880252340719,0,0.963691892389458,1.05968313205699
"p2","floored",17,0.0114227536859671,0.0101922032943659,0.0117599379559027,0.00963840029272269,0,0.892272001530338,1.05745797900315
"p2","floored",18,0.0114227536859671,0.0111002746307382,0.00754284654882324,0.0109196245424835,0,0.971768711460083,1.01654361718682
"p2","floored",19,0.0114227536859671,0.0115609311001376,0.0129889975484048,0.0109497842917247,0,1.01209668158565,1.0558135934125
"p2","floored",20,0.0114227536859671,0.00955733234887572,0.0096481109443142,0.00959338272072212,0,0.836692500917437,0.996242162655668
"p2","floored",21,0.0114227536859671,0.00970121467778092,0.00688395369002784,0.00972225023604513,0,0.849288616780634,0.99783634881293
"p2","floored",22,0.0114227536859671,0.00955525345047982,0.012420593052893,0.00907357543268289,0,0.836510504662151,1.05308580078168
"p2","floored",23,0.0114227536859671,0.0113677077522497,0.0157432100971605,0.0106162990649606,0,0.995181027689925,1.07077877918578
"p2","floored",24,0.0114227536859671,0.0112261912817291,0.00649333556932808,0.0104409955651241,0,0.982792029869337,1.07520314626201
"p2","floored",25,0.0114227536859671,0.00929531907189866,0.0124002194230617,0.00885001912824642,0,0.813754662618521,1.05031626906105
"p2","floored",26,0.0114227536859671,0.0105916221914586,0.0102963774509591,0.0100564188246239,0,0.927238955040274,1.05322007527414
"p2","floored",27,0.0114227536859671,0.0107925700380949,0.0121971559303269,0.0105474714991573,0,0.944830846817046,1.0232376583295
"p2","floored",28,0.0114227536859671,0.00919586327283286,0.00884148462309236,0.00882645668912171,0,0.805047847974695,1.04185219468266
"p2","floored",29,0.0114227536859671,0.0109427737822068,0.0157555519298798,0.0102989207222755,0,0.957980368223297,1.06251655656876
"p2","floored",30,0.0114227536859671,0.0113450410573093,0.0143351420166355,0.011052770195906,0,0.993196681746425,1.02644322248839
"p2","floored",31,0.0114227536859671,0.00953470126927328,0.00651781164464317,0.00893181015703286,0,0.834711272903194,1.06749932003041
"p2","floored",32,0.0114227536859671,0.0102770010916147,0.0139981395265487,0.00967882123440118,0,0.899695587784583,1.06180296574623
"p2","floored",33,0.0114227536859671,0.0140390067028774,0.00920764394494042,0.0135417685193086,0,1.22903873171356,1.03671885122389
"p2","floored",34,0.0114227536859671,0.0122886754878557,0.0114382543712994,0.0116676743921526,0,1.07580674727779,1.05322406803885
"p2","floored",35,0.0114227536859671,0.010114495765845,0.0122636400079115,0.00996464500950768,0,0.885469129766025,1.01503824332872
"p2","floored",36,0.0114227536859671,0.0100384862436676,0.0080910476047386,0.00974775299562442,0,0.878814909228052,1.0298256683539
"p2","floored",37,0.0114227536859671,0.0126284663763428,0.00955335190971847,0.0118080765488521,0,1.10555359272579,1.06947700788495
"p2","floored",38,0.0114227536859671,0.0100894765947809,0.00924967464835566,0.00983030813107556,0,0.88327883732412,1.02636422584619
"p2","floored",39,0.0114227536859671,0.0109213005726096,0.0100728582696824,0.0109150628582428,0,0.956100505434728,1.00057147764037
"p2","floored",40,0.0114227536859671,0.00982800755052583,0.00631349680117563,0.00953319194830928,0,0.860388643641992,1.03092517215798
"p2","floored",41,0.0114227536859671,0.0100073290861991,0.0111090841679046,0.00999980969192255,0,0.876087269437763,1.00075195373794
"p2","floored",42,0.0114227536859671,0.0118922376761734,0.0131992809734171,0.011463035211792,0,1.04110077159267,1.03744230532764
"p2","floored",43,0.0114227536859671,0.0109495929946803,0.00901871735997638,0.01061800652359,0,0.958577353211416,1.03122869347967
"p2","floored",44,0.0114227536859671,0.0105145164142895,0.0114845908927136,0.0100941137689796,0,0.920488763336166,1.04164829671347
"p2","floored",45,0.0114227536859671,0.00952182614777223,0.00965465019846707,0.00922101916542346,0,0.833584125994925,1.03262188017966
"p2","floored",46,0.0114227536859671,0.0110200944378712,0.0108392005115111,0.01065437312814,0,0.964749371371756,1.03432593408666
"p2","floored",47,0.0114227536859671,0.0108094595314267,0.0118748239194011,0.0102970600922336,0,0.946309430160099,1.04976172175392
"p2","floored",48,0.0114227536859671,0.010223499967795,0.00642663029326351,0.0102128666262584,0,0.89501185518467,1.00104117109581
"p2","floored",49,0.0114227536859671,0.0113439540751904,0.0123766868817494,0.0111386254873048,0,0.9931015223699,1.01843392509422
"p2","floored",50,0.0114227536859671,0.0122586735131509,0.0149692942188366,0.0115845490766137,0,1.07318023745979,1.058191685501
"p2","floored",51,0.0114227536859671,0.0107187025854981,0.0105583721881116,0.0101250590701535,0,0.938364152828226,1.05863111624647
"p2","floored",52,0.0114227536859671,0.0108252472976959,0.0100628521989513,0.0105803812372076,0,0.947691563286945,1.02314340617776
"p2","floored",53,0.0114227536859671,0.0110734966688574,0.0109352916502121,0.0106364125629751,0,0.969424446441595,1.04109318845
"p2","floored",54,0.0114227536859671,0.00944913150126004,0.0100315922412186,0.00923511149121862,0,0.827220104804353,1.02317459948859
"p2","floored",55,0.0114227536859671,0.0106474768717415,0.00916062096944443,0.0100674585170787,0,0.932128728716432,1.05761318546074
"p2","floored",56,0.0114227536859671,0.0106207593508191,0.00969823854700268,0.0107162578271247,0,0.929789754975343,0.991088449172632
"p2","floored",57,0.0114227536859671,0.0130655614725312,0.0102149724587247,0.0122397540437088,0,1.14381889268805,1.06746928295074
"p2","floored",58,0.0114227536859671,0.010121987992563,0.0100632235863578,0.00972840620609286,0,0.886125033493271,1.04045696470031
"p2","floored",59,0.0114227536859671,0.0123254773198884,0.0101676044409996,0.0115604424316444,0,1.07902854764611,1.06617695583604
"p2","floored",60,0.0114227536859671,0.0122903915155897,0.0128395705788678,0.0121041606807696,0,1.07595697617891,1.01538568759385
"p2","floored",61,0.0114227536859671,0.0110919892240954,0.0102418505739989,0.010495716405735,0,0.971043369141536,1.05681106418183
"p2","floored",62,0.0114227536859671,0.010311114524022,0.0137862881082269,0.0100173840342972,0,0.902682033377751,1.02932207537609
"p2","floored",63,0.0114227536859671,0.0108662292801918,0.00940570704341263,0.0101459139614493,0,0.951279313108269,1.07099560685015
"p2","floored",64,0.0114227536859671,0.0104003388337439,0.00728356221687655,0.010064062644872,0,0.910493136739935,1.03341356276665
"p2","floored",65,0.0114227536859671,0.0096713435268947,0.00901588067810098,0.00926513045425266,0,0.846673559876893,1.0438432113447
"p2","floored",66,0.0114227536859671,0.0102365475307222,0.00833940188619136,0.00973703562774645,0,0.896154098402539,1.05130020286177
"p2","floored",67,0.0114227536859671,0.00936807160530527,0.00837512814560428,0.00933504564925996,0,0.820123751492073,1.00353784622874
"p2","floored",68,0.0114227536859671,0.0100512840138268,0.00914369022455911,0.00955485911233101,0,0.879935284446761,1.05195522986363
"p2","floored",69,0.0114227536859671,0.00951677749798974,0.00793626089388381,0.00921547132449287,0,0.833142144147002,1.03269568781534
"p2","floored",70,0.0114227536859671,0.0100140267302681,0.00746843857131172,0.00950839316658005,0,0.876673611772816,1.05317760370545
"p2","floored",71,0.0114227536859671,0.0106931982811341,0.0112922923163504,0.00998298026226487,0,0.936131389602726,1.07114288521172
"p2","floored",72,0.0114227536859671,0.0106889179872542,0.0124260685849468,0.0103096371715585,0,0.935756673137896,1.0367889586592
"p2","floored",73,0.0114227536859671,0.0104880167907298,0.00994472629346363,0.0101209636535181,0,0.918168865324857,1.03626661944232
"p2","floored",74,0.0114227536859671,0.0116986364596285,0.0103395537564175,0.0117292844390199,0,1.02415203734983,0.997387054636561
"p2","floored",75,0.0114227536859671,0.0124963255182218,0.0139531136799298,0.0122564030997962,0,1.09398537881225,1.01957527151091
"p2","floored",76,0.0114227536859671,0.0105808222561008,0.0086438969135598,0.0101989675422134,0,0.926293479399748,1.03744052643632
"p2","floored",77,0.0114227536859671,0.0106356941230781,0.0126296396033613,0.0100007437843713,0,0.931097213112814,1.06349031156054
"p2","floored",78,0.0114227536859671,0.0102550843747035,0.00864294867863221,0.0098396431940386,0,0.897776898341235,1.04222116315321
"p2","floored",79,0.0114227536859671,0.00962884450911804,0.0119398617945833,0.00927271817200799,0,0.842953001862158,1.03840581914644
"p2","floored",80,0.0114227536859671,0.0125873844592661,0.0121932445832623,0.0118774906969813,0,1.10195709417508,1.05976799143822
"p2","floored",81,0.0114227536859671,0.0103811378277392,0.0102590413278951,0.0100509228117933,0,0.908812193025959,1.0328541987765
"p2","floored",82,0.0114227536859671,0.00867321076273407,0.00989899912592762,0.00839940023943305,0,0.759292461448163,1.032598818427
"p2","floored",83,0.0114227536859671,0.00885193702416961,0.00919276036281602,0.0083191093570121,0,0.77493897421987,1.06404864322506
"p2","floored",84,0.0114227536859671,0.0116829084432416,0.0136221372027308,0.0112657182306124,0,1.02277513500042,1.03703183446356
"p2","floored",85,0.0114227536859671,0.0102452684416434,0.0100437139396165,0.00989391344119099,0,0.896917566753604,1.03551223714871
"p2","floored",86,0.0114227536859671,0.0120695962343564,0.0115449389942308,0.0121059656762398,0,1.05662754937839,0.996995742193884
"p2","floored",87,0.0114227536859671,0.0109579075867231,0.0113794054745372,0.0105648157727539,0,0.959305250553107,1.03720763545949
"p2","floored",88,0.0114227536859671,0.00888537485202108,0.00982247680685736,0.00858359959254983,0,0.777866274306236,1.03515719206348
"p2","floored",89,0.0114227536859671,0.0139235775400247,0.0183231453947505,0.0134833489753382,0,1.21893353588897,1.03264979386736
"p2","floored",90,0.0114227536859671,0.0111517337715315,0.0157346490803534,0.0107114528816247,0,0.976273679544658,1.04110375079576
"p2","floored",91,0.0114227536859671,0.00927675918068555,0.00768149955147324,0.00914159464430601,0,0.812129845019949,1.01478566285629
"p2","floored",92,0.0114227536859671,0.0111527086891368,0.0169589866788309,0.0108889560680474,0,0.976359028282109,1.02422203004963
"p2","floored",93,0.0114227536859671,0.00961813230445464,0.0134248068304394,0.0095289796100764,0,0.842015206567093,1.00935595394537
"p2","floored",94,0.0114227536859671,0.0099005376253284,0.0124691398549788,0.00964881594628493,0,0.866738257473871,1.02608834912437
"p2","floored",95,0.0114227536859671,0.0108805989509237,0.0136812925702291,0.0105201186116189,0,0.952537299678491,1.03426580560666
"p2","floored",96,0.0114227536859671,0.00997159279352192,0.00975139181443912,0.00964321999508397,0,0.872958751248574,1.03405219403948
"p2","floored",97,0.0114227536859671,0.0105652479339231,0.0103476050072594,0.0104471052858195,0,0.924930032142993,1.01130864913019
"p2","floored",98,0.0114227536859671,0.0104082750580366,0.0123557671556861,0.00998446624816115,0,0.911187910041617,1.04244681681942
"p2","floored",99,0.0114227536859671,0.0119666534412686,0.0107129957399242,0.011684374103425,0,1.04761546736052,1.02415870421
"p2","floored",100,0.0114227536859671,0.00972627272747598,0.00900063878818629,0.00959738549097766,0,0.851482312835364,1.01342941123074
"p2","gamma_ll",1,0.0114227536859671,0.01161374466306,0.00972116140936102,0.000278029728367453,0,1.01672022196605,41.7715930280337
"p2","gamma_ll",2,0.0114227536859671,0.0115768816877101,0.0172649128879447,0.000201600700876778,0,1.01349306883263,57.4248087301349
"p2","gamma_ll",3,0.0114227536859671,0.0117133185813065,0.0117300876116355,0.000527823198426426,0,1.02543737730214,22.1917464337052
"p2","gamma_ll",4,0.0114227536859671,0.0114891433022007,0.0054195796222287,0.000193788047035818,0,1.00581205005892,59.2871618138408
"p2","gamma_ll",5,0.0114227536859671,0.0138689034908451,0.0149597664600314,0.00029075433476647,0,1.21414712004891,47.699730777821
"p2","gamma_ll",6,0.0114227536859671,0.0109804886891485,0.0122881493371152,0.000279252971260532,0,0.961282103337138,39.3209377131539
"p2","gamma_ll",7,0.0114227536859671,0.0113009672093235,0.0120475955275067,0.000307326520321897,0,0.989338255906433,36.7718581445127
"p2","gamma_ll",8,0.0114227536859671,0.0154232759317035,0.0131608366310976,0.000208799573357551,0,1.35022397888619,73.8664149724696
"p2","gamma_ll",9,0.0114227536859671,0.012257864612049,0.0115106852624979,0.000192734915866309,0,1.07310942256488,63.5996054837917
"p2","gamma_ll",10,0.0114227536859671,0.0103859514651273,0.0106779749698345,0.00031792581989174,0,0.909233600816104,32.6678451868551
"p2","gamma_ll",11,0.0114227536859671,0.0118113044332474,0.00946075939064502,0.000413622934926052,0,1.03401550606467,28.555728988672
"p2","gamma_ll",12,0.0114227536859671,0.00949803794320799,0.00911458303535201,0.000525056096804759,0,0.831501597979508,18.0895679547548
"p2","gamma_ll",13,0.0114227536859671,0.0125484446785912,0.0111705223651608,0.000211548884048728,0,1.09854812802337,59.3169977474371
"p2","gamma_ll",14,0.0114227536859671,0.0107081690429402,0.0129660105209741,0.000338242899636229,0,0.937441998429436,31.6582226987073
"p2","gamma_ll",15,0.0114227536859671,0.010844429752755,0.00889257653567583,0.00035831852708267,0,0.949370882966462,30.2647754249476
"p2","gamma_ll",16,0.0114227536859671,0.0126467388075303,0.0157036826604612,0.000398113424747362,0,1.10715324476153,31.7666725646234
"p2","gamma_ll",17,0.0114227536859671,0.0106860530065644,0.0117599379559027,0.000108650522933782,0,0.935505859650304,98.3525225467816
"p2","gamma_ll",18,0.0114227536859671,0.0121338582784338,0.00754284654882324,0.000188613163632523,0,1.06225334205886,64.3319800418296
"p2","gamma_ll",19,0.0114227536859671,0.0143823467185657,0.0129889975484048,0.000272469725444397,0,1.25909628395773,52.7851184020834
"p2","gamma_ll",20,0.0114227536859671,0.0102212352778436,0.0096481109443142,0.00035399617153056,0,0.894813593888517,28.8738582500777
"p2","gamma_ll",21,0.0114227536859671,0.0121343562487965,0.00688395369002784,0.000380724752661802,0,1.06229693665754,31.8717292846349
"p2","gamma_ll",22,0.0114227536859671,0.011646012136688,0.012420593052893,0.000299159269676998,0,1.01954506390129,38.9291368081699
"p2","gamma_ll",23,0.0114227536859671,0.0111441086039248,0.0157432100971605,0.00151449992342112,0,0.975606137565174,7.35827610921975
"p2","gamma_ll",24,0.0114227536859671,0.0114463502077475,0.00649333556932808,0.000417558077592916,0,1.00206574722953,27.4125943718583
"p2","gamma_ll",25,0.0114227536859671,0.0115017288827603,0.0124002194230617,0.000519568509885825,0,1.00691384923149,22.137078487085
"p2","gamma_ll",26,0.0114227536859671,0.0101935940880806,0.0102963774509591,0.00016447785360309,0,0.892393757960781,61.9754809828639
"p2","gamma_ll",27,0.0114227536859671,0.0118608274746647,0.0121971559303269,0.000470757437376542,0,1.03835097917202,25.1951993382479
"p2","gamma_ll",28,0.0114227536859671,0.00906873065025481,0.00884148462309236,0.000732928653143052,0,0.793918077862061,12.3732789151645
"p2","gamma_ll",29,0.0114227536859671,0.0132483623863008,0.0157555519298798,0.000416550380703537,0,1.15982211912496,31.8049460522036
"p2","gamma_ll",30,0.0114227536859671,0.0135617166452675,0.0143351420166355,0.000250117803923452,0,1.18725458134741,54.2213166457275
"p2","gamma_ll",31,0.0114227536859671,0.00883731291392237,0.00651781164464317,0.000238492659417351,0,0.773658712853015,37.0548633887196
"p2","gamma_ll",32,0.0114227536859671,0.0124109308826091,0.0139981395265487,0.00033852309356919,0,1.08650954260319,36.6619918060994
"p2","gamma_ll",33,0.0114227536859671,0.0140872842451105,0.00920764394494042,0.000438651237765389,0,1.23326516813689,32.1149994170198
"p2","gamma_ll",34,0.0114227536859671,0.0132226615449507,0.0114382543712994,0.000310968826120351,0,1.15757215015454,42.5208587944865
"p2","gamma_ll",35,0.0114227536859671,0.00995232656955101,0.0122636400079115,0.000153815738214595,0,0.871272098056132,64.7029145721491
"p2","gamma_ll",36,0.0114227536859671,0.0107869041636563,0.0080910476047386,0.000530466475375536,0,0.944334830305239,20.334751891757
"p2","gamma_ll",37,0.0114227536859671,0.0125323485389082,0.00955335190971847,0.000199867524302306,0,1.09713899848022,62.703275995717
"p2","gamma_ll",38,0.0114227536859671,0.0125620304588639,0.00924967464835566,0.000469465113962181,0,1.0997374892445,26.7581766680024
"p2","gamma_ll",39,0.0114227536859671,0.0133677150212193,0.0100728582696824,0.000448028851909906,0,1.17027079360396,29.8367280683687
"p2","gamma_ll",40,0.0114227536859671,0.00966032776923748,0.00631349680117563,0.000510723803267049,0,0.845709190167096,18.914974605533
"p2","gamma_ll",41,0.0114227536859671,0.0118848353535955,0.0111090841679046,0.000280979286079033,0,1.04045273848424,42.297905726234
"p2","gamma_ll",42,0.0114227536859671,0.01307117026348,0.0131992809734171,0.000511816909149104,0,1.14430991185059,25.5387620647603
"p2","gamma_ll",43,0.0114227536859671,0.0119547844684085,0.00901871735997638,0.00126844377984853,0,1.04657640329713,9.42476494294139
"p2","gamma_ll",44,0.0114227536859671,0.0121461565397417,0.0114845908927136,0.000396525202697966,0,1.06332998799258,30.63148686918
"p2","gamma_ll",45,0.0114227536859671,0.01097145963337,0.00965465019846707,0.00042265567492574,0,0.960491658578649,25.9583871322623
"p2","gamma_ll",46,0.0114227536859671,0.011664974558903,0.0108392005115111,0.00132728041248851,0,1.02120512090122,8.78862857399694
"p2","gamma_ll",47,0.0114227536859671,0.0116747247555845,0.0118748239194011,0.000237849732255685,0,1.0220586976262,49.0844561600527
"p2","gamma_ll",48,0.0114227536859671,0.0119277436366725,0.00642663029326351,0.000501754201190967,0,1.04420912545157,23.7720852328903
"p2","gamma_ll",49,0.0114227536859671,0.0150393670474667,0.0123766868817494,0.00032134003140929,0,1.31661484270142,46.8020339125166
"p2","gamma_ll",50,0.0114227536859671,0.0130825664501725,0.0149692942188366,0.000613905179589828,0,1.1453075860547,21.3104024613596
"p2","gamma_ll",51,0.0114227536859671,0.0100355066234081,0.0105583721881116,0.00192994832350679,0,0.878554059669227,5.19988359334573
"p2","gamma_ll",52,0.0114227536859671,0.0119760385430546,0.0100628521989513,0.000941655327946029,0,1.04843708201177,12.7180701766719
"p2","gamma_ll",53,0.0114227536859671,0.0127831580056805,0.0109352916502121,0.000454859875279265,0,1.11909600409091,28.1035076963695
"p2","gamma_ll",54,0.0114227536859671,0.0100701687775804,0.0100315922412186,0.000296731376170946,0,0.881588542870498,33.9369867370513
"p2","gamma_ll",55,0.0114227536859671,0.0117880568576944,0.00916062096944443,0.000474459593822387,0,1.03198030718075,24.8452281525731
"p2","gamma_ll",56,0.0114227536859671,0.0117425409729767,0.00969823854700268,0.000281495389246272,0,1.02799563886267,41.7148607812666
"p2","gamma_ll",57,0.0114227536859671,0.0155709153035007,0.0102149724587247,0.000451336612251183,0,1.36314900343422,34.4995617037046
"p2","gamma_ll",58,0.0114227536859671,0.0111832547447242,0.0100632235863578,0.000903441581043399,0,0.979033169424184,12.3785034687118
"p2","gamma_ll",59,0.0114227536859671,0.0136797279456524,0.0101676044409996,0.000341647286028334,0,1.19758582927845,40.0404993836769
"p2","gamma_ll",60,0.0114227536859671,0.0132004354633413,0.0128395705788678,0.000168176935713518,0,1.15562637751333,78.4913544020545
"p2","gamma_ll",61,0.0114227536859671,0.0129483671318117,0.0102418505739989,0.000298954792256991,0,1.13355916513536,43.3121243317648
"p2","gamma_ll",62,0.0114227536859671,0.0110020556182302,0.0137862881082269,0.00043398646980724,0,0.963170170757178,25.3511489035979
"p2","gamma_ll",63,0.0114227536859671,0.0115712787044333,0.00940570704341263,0.000370990540332231,0,1.01300255810021,31.1902257509612
"p2","gamma_ll",64,0.0114227536859671,0.0110830713468819,0.00728356221687655,0.000258506385649584,0,0.97026265746214,42.8734915736492
"p2","gamma_ll",65,0.0114227536859671,0.0111201820275324,0.00901588067810098,0.000368762937288979,0,0.973511495848287,30.155367861218
"p2","gamma_ll",66,0.0114227536859671,0.0110489516338416,0.00833940188619136,0.000389800936473634,0,0.967275662033686,28.3451131077232
"p2","gamma_ll",67,0.0114227536859671,0.0103590376652313,0.00837512814560428,0.000443935158833255,0,0.906877443917698,23.3345736626422
"p2","gamma_ll",68,0.0114227536859671,0.0100276609807296,0.00914369022455911,0.0010772815066433,0,0.87786721629554,9.30830142250815
"p2","gamma_ll",69,0.0114227536859671,0.0119998706334087,0.00793626089388381,0.000511633759609066,0,1.05052345198956,23.4540243055455
"p2","gamma_ll",70,0.0114227536859671,0.0110549211197938,0.00746843857131172,0.00043876967173438,0,0.967798258083322,25.195271760912
"p2","gamma_ll",71,0.0114227536859671,0.0115900864331007,0.0112922923163504,0.000388998667732724,0,1.01464907252085,29.7946687083877
"p2","gamma_ll",72,0.0114227536859671,0.012652306358379,0.0124260685849468,0.000270252462398347,0,1.10764065357746,46.8166182320655
"p2","gamma_ll",73,0.0114227536859671,0.0140082764566937,0.00994472629346363,0.00026503322336365,0,1.22634846568589,52.8547941231996
"p2","gamma_ll",74,0.0114227536859671,0.0113266218168153,0.0103395537564175,0.00102598484813009,0,0.991584177353844,11.0397554481031
"p2","gamma_ll",75,0.0114227536859671,0.0139587227985432,0.0139531136799298,7.73425751739301e-05,0,1.22201031224997,180.479157400079
"p2","gamma_ll",76,0.0114227536859671,0.0104638246859359,0.0086438969135598,0.00078001958920604,0,0.916050978039623,13.414822948981
"p2","gamma_ll",77,0.0114227536859671,0.0124381323330111,0.0126296396033613,0.000435440479036883,0,1.08889088173996,28.5644833951177
"p2","gamma_ll",78,0.0114227536859671,0.0114302609473494,0.00864294867863221,0.000252519466796413,0,1.00065721993038,45.2648704369583
"p2","gamma_ll",79,0.0114227536859671,0.0100121647974991,0.0119398617945833,0.000654940408309022,0,0.876510609678915,15.287138601433
"p2","gamma_ll",80,0.0114227536859671,0.018096931398157,0.0121932445832623,0.000110829360929027,0,1.58428798306218,163.286436432183
"p2","gamma_ll",81,0.0114227536859671,0.0117639780361473,0.0102590413278951,0.000459490863758293,0,1.02987233722805,25.6022022721555
"p2","gamma_ll",82,0.0114227536859671,0.00899776488707022,0.00989899912592762,0.000383194390459595,0,0.787705411009954,23.4809410343364
"p2","gamma_ll",83,0.0114227536859671,0.0112672045157405,0.00919276036281602,0.000308404222205331,0,0.986382515590987,36.533885415612
"p2","gamma_ll",84,0.0114227536859671,0.0132449411998995,0.0136221372027308,0.000655809544637436,0,1.15952261285043,20.1963227101581
"p2","gamma_ll",85,0.0114227536859671,0.010712664214671,0.0100437139396165,0.000318123606740402,0,0.937835526282203,33.6745340103377
"p2","gamma_ll",86,0.0114227536859671,0.0131548599799416,0.0115449389942308,0.000398354962995947,0,1.15163649165458,33.0229599275144
"p2","gamma_ll",87,0.0114227536859671,0.0134356895415506,0.0113794054745372,0.000211650356538202,0,1.17622159340233,63.4805901643992
"p2","gamma_ll",88,0.0114227536859671,0.0106259690020834,0.00982247680685736,0.000496990450992529,0,0.930245831627918,21.3806301124347
"p2","gamma_ll",89,0.0114227536859671,0.0155956445767685,0.0183231453947505,0.00028283780808392,0,1.36531391689972,55.1398862917969
"p2","gamma_ll",90,0.0114227536859671,0.0127240849679951,0.0157346490803534,0.000532190263052873,0,1.11392448071665,23.9089022317024
"p2","gamma_ll",91,0.0114227536859671,0.00963462395092394,0.00768149955147324,0.000400535088853726,0,0.843458960579714,24.0543817983509
"p2","gamma_ll",92,0.0114227536859671,0.0122446455074548,0.0169589866788309,0.000140075882184128,0,1.07195216180642,87.4143736704033
"p2","gamma_ll",93,0.0114227536859671,0.0115227880540401,0.0134248068304394,0.000238348573124092,0,1.00875746521576,48.3442711781665
"p2","gamma_ll",94,0.0114227536859671,0.0132652922093644,0.0124691398549788,0.000275690616519896,0,1.16130423311682,48.1165894465875
"p2","gamma_ll",95,0.0114227536859671,0.0136968547322487,0.0136812925702291,0.000271011329558399,0,1.19908518635706,50.5397864899859
"p2","gamma_ll",96,0.0114227536859671,0.0105971651987317,0.00975139181443912,0.00029551064208163,0,0.927724215199554,35.860519689184
"p2","gamma_ll",97,0.0114227536859671,0.0130964986439613,0.0103476050072594,0.000518890709292346,0,1.14652727389635,25.2394163345536
"p2","gamma_ll",98,0.0114227536859671,0.0120371318115716,0.0123557671556861,0.00077619217796062,0,1.05378546561494,15.5079272290506
"p2","gamma_ll",99,0.0114227536859671,0.0111281209193742,0.0107129957399242,0.00195855026547497,0,0.97420650267939,5.68181532817359
"p2","gamma_ll",100,0.0114227536859671,0.0107825991051971,0.00900063878818629,0.000501035342703472,0,0.943957945836088,21.520635744011
"p2","gamma_pw",1,0.0114227536859671,0.0133229521298092,0.00972116140936102,0.0105246419419083,0,1.16635204575727,1.26588174717452
"p2","gamma_pw",2,0.0114227536859671,0.0122674358969136,0.0172649128879447,0.00482095037383133,0,1.07394733653271,2.54460945366762
"p2","gamma_pw",3,0.0114227536859671,0.0124906829874837,0.0117300876116355,0.00644991941873107,0,1.09349140591454,1.93656419198197
"p2","gamma_pw",4,0.0114227536859671,0.0148066664668295,0.0054195796222287,0.000126323349364293,0,1.29624317164604,117.212427800104
"p2","gamma_pw",5,0.0114227536859671,0.0160465949033041,0.0149597664600314,0.000264270989557836,0,1.40479216697261,60.7202286189356
"p2","gamma_pw",6,0.0114227536859671,0.0126059333251011,0.0122881493371152,0.000803681713774027,0,1.10358094656173,15.6852309926334
"p2","gamma_pw",7,0.0114227536859671,0.0134708627882729,0.0120475955275067,0.000445260320685807,0,1.17930081997845,30.2539035311401
"p2","gamma_pw",8,0.0114227536859671,0.0192227709087569,0.0131608366310976,0.000243167242474325,0,1.6828491130271,79.0516465670186
"p2","gamma_pw",9,0.0114227536859671,0.0130487608273265,0.0115106852624979,0.0089202854024608,0,1.14234808751561,1.46281875955749
"p2","gamma_pw",10,0.0114227536859671,0.0122023932967489,0.0106779749698345,0.00225328251973597,0,1.06825321040929,5.41538541655166
"p2","gamma_pw",11,0.0114227536859671,0.0142153764873842,0.00946075939064502,0.00396234527375127,0,1.24447894773812,3.58761680400609
"p2","gamma_pw",12,0.0114227536859671,0.0107631530549552,0.00911458303535201,0.0059148551300289,0,0.942255549831017,1.81968160138229
"p2","gamma_pw",13,0.0114227536859671,0.0143652680646348,0.0111705223651608,0.00176965003819048,0,1.25760114063236,8.11757565316343
"p2","gamma_pw",14,0.0114227536859671,0.0125908374348313,0.0129660105209741,0.00083518271479352,0,1.10225938341813,15.0755483941548
"p2","gamma_pw",15,0.0114227536859671,0.0110865274605263,0.00889257653567583,0.00864587715236982,0,0.97056522142696,1.28229065312217
"p2","gamma_pw",16,0.0114227536859671,0.0133826029633149,0.0157036826604612,0.00256912448411306,0,1.17157415201515,5.20901304941439
"p2","gamma_pw",17,0.0114227536859671,0.0111560979097184,0.0117599379559027,0.0127719616445552,0,0.976655736122866,0.873483511788839
"p2","gamma_pw",18,0.0114227536859671,0.0127120287922222,0.00754284654882324,0.00873387775199545,0,1.11286902805572,1.45548508385268
"p2","gamma_pw",19,0.0114227536859671,0.0157840661773686,0.0129889975484048,0.000599634191372056,0,1.38180920391896,26.3228254900746
"p2","gamma_pw",20,0.0114227536859671,0.0114043354152295,0.0096481109443142,0.00526430326338723,0,0.998387580504319,2.16635228721447
"p2","gamma_pw",21,0.0114227536859671,0.0145814871804451,0.00688395369002784,0.000801586859607188,0,1.27652994902258,18.1907762155565
"p2","gamma_pw",22,0.0114227536859671,0.0130371168413281,0.012420593052893,0.00103898366850479,0,1.14132871982911,12.5479516536481
"p2","gamma_pw",23,0.0114227536859671,0.0169590829247912,0.0157432100971605,0.000515520552919925,0,1.48467553367849,32.8970063923434
"p2","gamma_pw",24,0.0114227536859671,0.0125009643742525,0.00649333556932808,0.0105609946468906,0,1.09439148544453,1.18369195253148
"p2","gamma_pw",25,0.0114227536859671,0.0132933928054799,0.0124002194230617,0.00230832224035285,0,1.16376428757374,5.75889820454524
"p2","gamma_pw",26,0.0114227536859671,0.00995606182235467,0.0102963774509591,0.0389268668208676,0,0.871599099137163,0.255763246196262
"p2","gamma_pw",27,0.0114227536859671,0.0129517495837627,0.0121971559303269,0.0116580735712021,0,1.13385528041929,1.11096824914163
"p2","gamma_pw",28,0.0114227536859671,0.00997503781653151,0.00884148462309236,0.0126752690716195,0,0.873260344288598,0.78696852588842
"p2","gamma_pw",29,0.0114227536859671,0.0152290786806306,0.0157555519298798,0.000813373527156469,0,1.33322306506,18.7233517838612
"p2","gamma_pw",30,0.0114227536859671,0.0155050801216773,0.0143351420166355,0.000839520800638736,0,1.35738549109443,18.4689648069237
"p2","gamma_pw",31,0.0114227536859671,0.00892337302848436,0.00651781164464317,0.0267827431767651,0,0.781192808127056,0.333176216102676
"p2","gamma_pw",32,0.0114227536859671,0.0129281365164288,0.0139981395265487,0.000971740517971191,0,1.13178808471647,13.3041035928194
"p2","gamma_pw",33,0.0114227536859671,0.0152585818101322,0.00920764394494042,0.0127154640199844,0,1.3358059036918,1.20000196502077
"p2","gamma_pw",34,0.0114227536859671,0.0149729682638566,0.0114382543712994,0.00785543680370094,0,1.31080199008851,1.9060643778335
"p2","gamma_pw",35,0.0114227536859671,0.0101439398546274,0.0122636400079115,0.0204721000393816,0,0.88804679970376,0.49550069778449
"p2","gamma_pw",36,0.0114227536859671,0.0130113571847896,0.0080910476047386,0.00519984576429719,0,1.13907360190862,2.50225829276076
"p2","gamma_pw",37,0.0114227536859671,0.013200213944308,0.00955335190971847,0.0218716347540399,0,1.15560698472598,0.603531198867968
"p2","gamma_pw",38,0.0114227536859671,0.014675198734122,0.00924967464835566,0.00211397430819427,0,1.28473388620385,6.94199483751405
"p2","gamma_pw",39,0.0114227536859671,0.0156219841486938,0.0100728582696824,0.00123079397783877,0,1.36761980326034,12.6926069106427
"p2","gamma_pw",40,0.0114227536859671,0.0102815163883338,0.00631349680117563,0.010771229351262,0,0.900090877470695,0.954535090939191
"p2","gamma_pw",41,0.0114227536859671,0.0147807315525129,0.0111090841679046,0.000438109594685483,0,1.29397271085964,33.737520775193
"p2","gamma_pw",42,0.0114227536859671,0.0142458407502572,0.0131992809734171,0.00721561959247921,0,1.24714592837262,1.97430595774555
"p2","gamma_pw",43,0.0114227536859671,0.0122322553559058,0.00901871735997638,0.00765944940729704,0,1.07086747138154,1.59701496875903
"p2","gamma_pw",44,0.0114227536859671,0.0149581594555126,0.0114845908927136,0.000691409618904355,0,1.30950555940716,21.6342947024893
"p2","gamma_pw",45,0.0114227536859671,0.011532585416948,0.00965465019846707,0.00435936259762455,0,1.00961517108749,2.64547514887433
"p2","gamma_pw",46,0.0114227536859671,0.0119617252916845,0.0108392005115111,0.0150082192425409,0,1.04718403465002,0.797011630652285
"p2","gamma_pw",47,0.0114227536859671,0.0117993499438473,0.0118748239194011,0.0197919371207465,0,1.032968955493,0.596169534687884
"p2","gamma_pw",48,0.0114227536859671,0.0135965880928109,0.00642663029326351,0.00378136671801286,0,1.19030738704576,3.59568090236855
"p2","gamma_pw",49,0.0114227536859671,0.0146328820534333,0.0123766868817494,0.00188747371219991,0,1.28102929081013,7.752628266477
"p2","gamma_pw",50,0.0114227536859671,0.0136194157017228,0.0149692942188366,0.0107450432192911,0,1.19230582013287,1.2675068330364
"p2","gamma_pw",51,0.0114227536859671,0.0108429598136181,0.0105583721881116,0.0200012185458255,0,0.949242197784469,0.542114961084767
"p2","gamma_pw",52,0.0114227536859671,0.0143203284288162,0.0100628521989513,0.00935156800288003,0,1.25366691977336,1.53132912303113
"p2","gamma_pw",53,0.0114227536859671,0.0139837276913409,0.0109352916502121,0.00456004880537546,0,1.22419935470726,3.06657412851737
"p2","gamma_pw",54,0.0114227536859671,0.0111710246584878,0.0100315922412186,0.00462141420731414,0,0.97796249184743,2.41723077771472
"p2","gamma_pw",55,0.0114227536859671,0.013011618843,0.00916062096944443,0.00197068383869798,0,1.13909650866277,6.60259072890996
"p2","gamma_pw",56,0.0114227536859671,0.0127021668252961,0.00969823854700268,0.0064853807999333,0,1.11200566645333,1.95858457924734
"p2","gamma_pw",57,0.0114227536859671,0.0158315119335422,0.0102149724587247,0.00329606103105609,0,1.38596282199372,4.80316104112599
"p2","gamma_pw",58,0.0114227536859671,0.0122872594538219,0.0100632235863578,0.00331777842041106,0,1.07568278119459,3.70345993518745
"p2","gamma_pw",59,0.0114227536859671,0.0154758755492632,0.0101676044409996,0.00549384960381836,0,1.35482878951293,2.81694561469377
"p2","gamma_pw",60,0.0114227536859671,0.0133696796871421,0.0128395705788678,0.0222367434322948,0,1.1704427894271,0.601242701200798
"p2","gamma_pw",61,0.0114227536859671,0.0159559606458311,0.0102418505739989,0.000787832472148742,0,1.39685763034819,20.2529867832341
"p2","gamma_pw",62,0.0114227536859671,0.011739181805226,0.0137862881082269,0.00607982757174596,0,1.02770156198392,1.93084123960687
"p2","gamma_pw",63,0.0114227536859671,0.0119633983838458,0.00940570704341263,0.0116585510859599,0,1.04733050477512,1.02614795746386
"p2","gamma_pw",64,0.0114227536859671,0.0114347608903868,0.00728356221687655,0.0111686823364748,0,1.00105116548511,1.0238236298514
"p2","gamma_pw",65,0.0114227536859671,0.0137626374827787,0.00901588067810098,0.00110161103316373,0,1.20484410862209,12.4931913973788
"p2","gamma_pw",66,0.0114227536859671,0.0115720654245552,0.00833940188619136,0.00867888141548646,0,1.01307143117089,1.33335908979079
"p2","gamma_pw",67,0.0114227536859671,0.0121691907477272,0.00837512814560428,0.00648322976343266,0,1.06534650770567,1.87702598731963
"p2","gamma_pw",68,0.0114227536859671,0.0142790424206049,0.00914369022455911,0.00139678544088193,0,1.25005255415309,10.2227886994506
"p2","gamma_pw",69,0.0114227536859671,0.014843587894119,0.00793626089388381,0.00322707004930875,0,1.29947544192906,4.59971047027582
"p2","gamma_pw",70,0.0114227536859671,0.0123613501517824,0.00746843857131172,0.00945879710582618,0,1.08216901910161,1.30686280860897
"p2","gamma_pw",71,0.0114227536859671,0.0119870253452012,0.0112922923163504,0.00903410885610897,0,1.049398916824,1.32686306265786
"p2","gamma_pw",72,0.0114227536859671,0.0146405574542909,0.0124260685849468,0.00129920352675072,0,1.28170123043771,11.2688713914645
"p2","gamma_pw",73,0.0114227536859671,0.0163760433676986,0.00994472629346363,0.000298071022668208,0,1.43363358940468,54.9400717356123
"p2","gamma_pw",74,0.0114227536859671,0.0165439485069022,0.0103395537564175,0.00154768428243054,0,1.44833277174018,10.6894853780649
"p2","gamma_pw",75,0.0114227536859671,0.0143040232045232,0.0139531136799298,0.0212962617471876,0,1.25223948600902,0.671668266211658
"p2","gamma_pw",76,0.0114227536859671,0.0111543884886501,0.0086438969135598,0.0184870727384775,0,0.976506085599416,0.603361529780441
"p2","gamma_pw",77,0.0114227536859671,0.0130808389443401,0.0126296396033613,0.0040039265898974,0,1.14515635230846,3.26700269114457
"p2","gamma_pw",78,0.0114227536859671,0.0129609151620174,0.00864294867863221,0.00428627242361907,0,1.13465767697852,3.02381973917419
"p2","gamma_pw",79,0.0114227536859671,0.0103159741167624,0.0119398617945833,0.0223880603423512,0,0.903107464309204,0.460780164025546
"p2","gamma_pw",80,0.0114227536859671,0.0212734797368903,0.0121932445832623,2.74475369186621e-05,0,1.86237752487168,775.059700254053
"p2","gamma_pw",81,0.0114227536859671,0.0122960465990414,0.0102590413278951,0.00912807881200316,0,1.07645204799847,1.34705745341205
"p2","gamma_pw",82,0.0114227536859671,0.0096699607871037,0.00989899912592762,0.00713696587965225,0,0.846552508523689,1.35491201025258
"p2","gamma_pw",83,0.0114227536859671,0.0120644119100529,0.00919276036281602,0.000770390314855067,0,1.05617368996357,15.6601292584039
"p2","gamma_pw",84,0.0114227536859671,0.0144830362011168,0.0136221372027308,0.00539276873423651,0,1.26791110088535,2.68564014421197
"p2","gamma_pw",85,0.0114227536859671,0.0111753217775608,0.0100437139396165,0.0129240378694441,0,0.978338681266469,0.864692744670938
"p2","gamma_pw",86,0.0114227536859671,0.0139224366456183,0.0115449389942308,0.00690716714475165,0,1.2188336567847,2.0156507514368
"p2","gamma_pw",87,0.0114227536859671,0.0159525143066621,0.0113794054745372,0.000223629547198654,0,1.39655592208556,71.3345553237256
"p2","gamma_pw",88,0.0114227536859671,0.0120105079665714,0.00982247680685736,0.00277283353531097,0,1.05145469269168,4.33149260985997
"p2","gamma_pw",89,0.0114227536859671,0.0178538929478414,0.0183231453947505,0.000949720270025317,0,1.56301128770508,18.7991069700613
"p2","gamma_pw",90,0.0114227536859671,0.0135391510641519,0.0157346490803534,0.00268445955749618,0,1.18527908736969,5.04352953515158
"p2","gamma_pw",91,0.0114227536859671,0.0108064871893462,0.00768149955147324,0.00669292138476931,0,0.946049217766285,1.61461439154774
"p2","gamma_pw",92,0.0114227536859671,0.0128098119801762,0.0169589866788309,0.0155562379335921,0,1.12142941468772,0.823451790520296
"p2","gamma_pw",93,0.0114227536859671,0.0130487935391243,0.0134248068304394,0.000845859982009837,0,1.14235095125572,15.4266590412745
"p2","gamma_pw",94,0.0114227536859671,0.0163432269374058,0.0124691398549788,0.000287042637964446,0,1.43076068929714,56.9365828481207
"p2","gamma_pw",95,0.0114227536859671,0.0145613435724333,0.0136812925702291,0.00132373825862808,0,1.27476648562614,11.0001682564683
"p2","gamma_pw",96,0.0114227536859671,0.0110245113334697,0.00975139181443912,0.00859185592741031,0,0.965136046574598,1.28313503236229
"p2","gamma_pw",97,0.0114227536859671,0.015630471174909,0.0103476050072594,0.00316239475154961,0,1.36836279627661,4.94260596886264
"p2","gamma_pw",98,0.0114227536859671,0.0168463959053295,0.0123557671556861,0.000611331488518837,0,1.47481039760363,27.5568921636046
"p2","gamma_pw",99,0.0114227536859671,0.0125557692350213,0.0107129957399242,0.0160807042745905,0,1.09918935312823,0.780797222598077
"p2","gamma_pw",100,0.0114227536859671,0.0124301739248331,0.00900063878818629,0.00471244339439079,0,1.08819416635969,2.63773437355846
"p2","gamma",1,0.0114227536859671,0.0293838343669065,0.00972116140936102,9.34069499370142e-05,0,2.57239499114864,314.578673072191
"p2","gamma",2,0.0114227536859671,0.0299099332456505,0.0172649128879447,8.97863160437283e-05,0,2.61845208851827,333.123515515255
"p2","gamma",3,0.0114227536859671,0.0510330461207308,0.0117300876116355,0.000224133677362509,0,4.46766581191582,227.690219164125
"p2","gamma",4,0.0114227536859671,0.0133131484295877,0.0054195796222287,0.000127611008705726,0,1.16549378508817,104.32601830057
"p2","gamma",5,0.0114227536859671,0.0159172406968482,0.0149597664600314,0.0001993469761851,0,1.39346790926627,79.8469131634512
"p2","gamma",6,0.0114227536859671,0.0178393256888086,0.0122881493371152,0.000128165133477968,0,1.56173600335305,139.190161978611
"p2","gamma",7,0.0114227536859671,0.0168082481531946,0.0120475955275067,0.000158438098458734,0,1.47147076924573,106.08716158994
"p2","gamma",8,0.0114227536859671,0.0202649376640835,0.0131608366310976,0.000124651927102443,0,1.77408514804788,162.572197118374
"p2","gamma",9,0.0114227536859671,0.0434925526122029,0.0115106852624979,7.60280560577704e-05,0,3.80753658950324,572.059248485253
"p2","gamma",10,0.0114227536859671,0.0205615416305741,0.0106779749698345,0.000134060627686782,0,1.80005121320562,153.374946733905
"p2","gamma",11,0.0114227536859671,0.0184163592634743,0.00946075939064502,0.000181505768324894,0,1.61225215650923,101.464319472807
"p2","gamma",12,0.0114227536859671,0.0275241605971683,0.00911458303535201,0.000177615993838284,0,2.40959066034854,154.964426358071
"p2","gamma",13,0.0114227536859671,0.0255183225705122,0.0111705223651608,9.11115351911066e-05,0,2.23399044329052,280.077846531588
"p2","gamma",14,0.0114227536859671,0.0161207996116196,0.0129660105209741,0.000172179299923513,0,1.41128838586654,93.6279774559485
"p2","gamma",15,0.0114227536859671,0.0254366011058348,0.00889257653567583,0.000127483990724686,0,2.22683617323235,199.527807070047
"p2","gamma",16,0.0114227536859671,0.0290686116440726,0.0157036826604612,0.000173799458961273,0,2.54479895507012,167.25375221421
"p2","gamma",17,0.0114227536859671,0.0525595652230843,0.0117599379559027,2.90794327924659e-05,0,4.60130426235608,1807.44808876402
"p2","gamma",18,0.0114227536859671,0.033529628128881,0.00754284654882324,7.82383556551434e-05,0,2.93533670169848,428.557423633388
"p2","gamma",19,0.0114227536859671,0.0182577642039514,0.0129889975484048,0.0001597023680573,0,1.59836802104742,114.323691164058
"p2","gamma",20,0.0114227536859671,0.0286619910886626,0.0096481109443142,0.000101691024826241,0,2.50920153551712,281.853694931654
"p2","gamma",21,0.0114227536859671,0.0171715104196129,0.00688395369002784,0.000188432586142527,0,1.50327240625946,91.1281364393346
"p2","gamma",22,0.0114227536859671,0.0193953148287658,0.012420593052893,0.00013301966543186,0,1.69795439540931,145.80787559341
"p2","gamma",23,0.0114227536859671,0.0175849825372917,0.0157432100971605,0.000206425018652602,0,1.53946964284933,85.1882327640037
"p2","gamma",24,0.0114227536859671,0.0279839681626182,0.00649333556932808,0.000160652745499033,0,2.44984431354731,174.189168542947
"p2","gamma",25,0.0114227536859671,0.0181809849601601,0.0124002194230617,0.000206575898405835,0,1.59164641556575,88.0111624853837
"p2","gamma",26,0.0114227536859671,0.0464612370426466,0.0102963774509591,3.62661922186045e-05,0,4.06742877592854,1281.11704594154
"p2","gamma",27,0.0114227536859671,0.0282002134328298,0.0121971559303269,0.000121648115422248,0,2.4687754116132,231.817922825563
"p2","gamma",28,0.0114227536859671,0.0577522364224513,0.00884148462309236,0.000209516294396177,0,5.05589440253798,275.645560594188
"p2","gamma",29,0.0114227536859671,0.0190962001829052,0.0157555519298798,0.000217337972664135,0,1.67176853391883,87.8640761613054
"p2","gamma",30,0.0114227536859671,0.0217271030634496,0.0143351420166355,0.00011458989279142,0,1.90208978156829,189.607499703293
"p2","gamma",31,0.0114227536859671,0.0462810451949694,0.00651781164464317,6.73287541888682e-05,0,4.05165395904717,687.38900270074
"p2","gamma",32,0.0114227536859671,0.0205347903429278,0.0139981395265487,0.000158512364287957,0,1.79770928337138,129.546931150581
"p2","gamma",33,0.0114227536859671,0.0331429872820347,0.00920764394494042,0.000161261236639124,0,2.90148839703607,205.523583799641
"p2","gamma",34,0.0114227536859671,0.0289532618357277,0.0114382543712994,0.000109593739498391,0,2.53470070630139,264.187187774103
"p2","gamma",35,0.0114227536859671,0.0457168344320816,0.0122636400079115,4.90376272218461e-05,0,4.00226037336731,932.280720379451
"p2","gamma",36,0.0114227536859671,0.0239857266923614,0.0080910476047386,0.000177091946752067,0,2.09982000415783,135.442221581888
"p2","gamma",37,0.0114227536859671,0.0475995865213816,0.00955335190971847,3.46276769101942e-05,0,4.16708508560924,1374.61102703568
"p2","gamma",38,0.0114227536859671,0.0196712418908634,0.00924967464835566,0.000192686307784103,0,1.72211030997101,102.089464046943
"p2","gamma",39,0.0114227536859671,0.0208965041973394,0.0100728582696824,0.000209949428025906,0,1.82937536532988,99.5311318245696
"p2","gamma",40,0.0114227536859671,0.0314905884605936,0.00631349680117563,0.000169430445685236,0,2.75682986137396,185.86145089352
"p2","gamma",41,0.0114227536859671,0.015660788427003,0.0111090841679046,0.000166020777778119,0,1.37101690691644,94.3302918863148
"p2","gamma",42,0.0114227536859671,0.0263006061259218,0.0131992809734171,0.000206225617135787,0,2.30247511668155,127.533167271864
"p2","gamma",43,0.0114227536859671,0.0553900907856612,0.00901871735997638,0.000362002559686916,0,4.84910139082382,153.010218583996
"p2","gamma",44,0.0114227536859671,0.0198452067774819,0.0114845908927136,0.000129073180673957,0,1.73733999025662,153.751590174348
"p2","gamma",45,0.0114227536859671,0.0228090699154855,0.00965465019846707,0.000165299452053195,0,1.99681009873359,137.986361310776
"p2","gamma",46,0.0114227536859671,0.0503861479732268,0.0108392005115111,0.000413629317923089,0,4.41103339513713,121.814740372431
"p2","gamma",47,0.0114227536859671,0.0394088697617901,0.0118748239194011,6.2982177997948e-05,0,3.45003235167401,625.714623001352
"p2","gamma",48,0.0114227536859671,0.0235096395591496,0.00642663029326351,0.000177195238132408,0,2.05814116328457,132.676474869952
"p2","gamma",49,0.0114227536859671,0.0200819795265671,0.0123766868817494,0.000180602825096902,0,1.75806815752649,111.19416053316
"p2","gamma",50,0.0114227536859671,0.0593844652909748,0.0149692942188366,0.000234522483476174,0,5.19878716845034,253.214380176935
"p2","gamma",51,0.0114227536859671,0.0468433569685894,0.0105583721881116,0.000526772740832249,0,4.10088129853807,88.9251727311887
"p2","gamma",52,0.0114227536859671,0.021754015592716,0.0100628521989513,0.000251125362734974,0,1.90444582722998,86.6261191454172
"p2","gamma",53,0.0114227536859671,0.0253204575001679,0.0109352916502121,0.000172324114923334,0,2.21666843182254,146.935079349938
"p2","gamma",54,0.0114227536859671,0.0291861427568055,0.0100315922412186,0.00010012507532258,0,2.55508816518216,291.496836958918
"p2","gamma",55,0.0114227536859671,0.0197578920172266,0.00916062096944443,0.00014049691462744,0,1.72969605757141,140.628654156707
"p2","gamma",56,0.0114227536859671,0.0324387131693568,0.00969823854700268,0.000108558803606842,0,2.83983302635754,298.812367966373
"p2","gamma",57,0.0114227536859671,0.0228259867596712,0.0102149724587247,0.00021957618340967,0,1.99829107649524,103.954747756427
"p2","gamma",58,0.0114227536859671,0.025543164576032,0.0100632235863578,0.000295689748490683,0,2.23616522585195,86.3850191168761
"p2","gamma",59,0.0114227536859671,0.0269652668525951,0.0101676044409996,0.000141121365153635,0,2.36066255072295,191.078557263379
"p2","gamma",60,0.0114227536859671,0.050096769852117,0.0128395705788678,3.99230586776827e-05,0,4.38569991346841,1254.83295898171
"p2","gamma",61,0.0114227536859671,0.0211502463654107,0.0102418505739989,0.00013121720364664,0,1.85158911299941,161.185010636007
"p2","gamma",62,0.0114227536859671,0.0299489053066268,0.0137862881082269,0.000134291065561051,0,2.62186388063494,223.014875796123
"p2","gamma",63,0.0114227536859671,0.0304033663819549,0.00940570704341263,0.000138192830706343,0,2.6616494776829,220.006828332227
"p2","gamma",64,0.0114227536859671,0.0308308611027227,0.00728356221687655,0.000101005264585168,0,2.69907431695725,305.240140000089
"p2","gamma",65,0.0114227536859671,0.01747847451476,0.00901588067810098,0.000168482216667731,0,1.53014544437147,103.740767782216
"p2","gamma",66,0.0114227536859671,0.0302108938578319,0.00833940188619136,0.000137228662258801,0,2.6447995543269,220.150028139579
"p2","gamma",67,0.0114227536859671,0.0197690472503614,0.00837512814560428,0.000119029393077969,0,1.73067263760118,166.085424273414
"p2","gamma",68,0.0114227536859671,0.0180682333537487,0.00914369022455911,0.000134694817929391,0,1.58177562525449,134.142008070573
"p2","gamma",69,0.0114227536859671,0.0182616892613182,0.00793626089388381,0.000189587955101515,0,1.59871163848633,96.3230456889522
"p2","gamma",70,0.0114227536859671,0.0226103419951668,0.00746843857131172,0.000157857069794494,0,1.97941254944013,143.233002009996
"p2","gamma",71,0.0114227536859671,0.0270804005028611,0.0112922923163504,0.000159452735569819,0,2.37074187602674,169.833401766904
"p2","gamma",72,0.0114227536859671,0.0212312074725725,0.0124260685849468,0.00012157185561151,0,1.85867681788981,174.639165995937
"p2","gamma",73,0.0114227536859671,0.0154806435775519,0.00994472629346363,0.000194558041567654,0,1.35524620447431,79.5682535289541
"p2","gamma",74,0.0114227536859671,0.0207646496852732,0.0103395537564175,0.000184694960145345,0,1.81783221945708,112.426726040237
"p2","gamma",75,0.0114227536859671,0.0554311865126397,0.0139531136799298,2.2898296609603e-05,0,4.85269909835638,2420.75589541421
"p2","gamma",76,0.0114227536859671,0.0553516071600505,0.0086438969135598,0.000263927412056661,0,4.84573235856867,209.722842840467
"p2","gamma",77,0.0114227536859671,0.0241773456916791,0.0126296396033613,0.000188179526827615,0,2.11659520605622,128.480213013965
"p2","gamma",78,0.0114227536859671,0.0208242740972597,0.00864294867863221,0.000107807242899622,0,1.82305201265456,193.162106155047
"p2","gamma",79,0.0114227536859671,0.0539167547443576,0.0119398617945833,0.000223229101985179,0,4.72011882831671,241.531029175297
"p2","gamma",80,0.0114227536859671,0.0165513642354648,0.0121932445832623,0.000139439648528949,0,1.4489819784697,118.699124747353
"p2","gamma",81,0.0114227536859671,0.0243793189915107,0.0102590413278951,0.000183098163119018,0,2.13427687068668,133.148899891822
"p2","gamma",82,0.0114227536859671,0.0265221216860368,0.00989899912592762,0.000111324344800496,0,2.32186759998329,238.241884410522
"p2","gamma",83,0.0114227536859671,0.017966941487694,0.00919276036281602,0.000143904519173101,0,1.57290807292522,124.853212330892
"p2","gamma",84,0.0114227536859671,0.0253887260087664,0.0136221372027308,0.000228476225154205,0,2.22264496869581,111.121960246108
"p2","gamma",85,0.0114227536859671,0.0650732927190956,0.0100437139396165,0.000107273877790547,0,5.69681308974019,606.608934620149
"p2","gamma",86,0.0114227536859671,0.0317388291719128,0.0115449389942308,0.000152516572680925,0,2.77856198640648,208.100854969463
"p2","gamma",87,0.0114227536859671,0.0169219741629077,0.0113794054745372,0.000126544769270674,0,1.48142686326996,133.723221121154
"p2","gamma",88,0.0114227536859671,0.0193508334906977,0.00982247680685736,0.000181050138098975,0,1.69406029602741,106.881075562169
"p2","gamma",89,0.0114227536859671,0.0262306272698465,0.0183231453947505,0.000143824214473905,0,2.2963488481828,182.379770790305
"p2","gamma",90,0.0114227536859671,0.0299143989107924,0.0157346490803534,0.000222449599967771,0,2.61884303322957,134.477198049025
"p2","gamma",91,0.0114227536859671,0.0264761175338121,0.00768149955147324,0.000105877422325908,0,2.31784018649882,250.063865857201
"p2","gamma",92,0.0114227536859671,0.0444464200282454,0.0169589866788309,4.48041555184456e-05,0,3.89104249729624,992.015573420352
"p2","gamma",93,0.0114227536859671,0.0206669986390215,0.0134248068304394,0.000107830096114122,0,1.8092834011129,191.662619099853
"p2","gamma",94,0.0114227536859671,0.0154372397250421,0.0124691398549788,0.000174113172241235,0,1.35144643309667,88.6621013581542
"p2","gamma",95,0.0114227536859671,0.02603731542356,0.0136812925702291,0.000119043404142238,0,2.27942544673329,218.721193426639
"p2","gamma",96,0.0114227536859671,0.0321580861328664,0.00975139181443912,0.000105288119830971,0,2.81526565458316,305.429389227321
"p2","gamma",97,0.0114227536859671,0.0212454406731884,0.0103476050072594,0.000193545370462913,0,1.85992285724312,109.769821010828
"p2","gamma",98,0.0114227536859671,0.0179558622313234,0.0123557671556861,0.000218284106208222,0,1.57193814424819,82.2591371549298
"p2","gamma",99,0.0114227536859671,0.0540050200184013,0.0107129957399242,0.00067505032675779,0,4.72784597331784,80.0014723017509
"p2","gamma",100,0.0114227536859671,0.023441865771099,0.00900063878818629,0.00016814981044924,0,2.05220793650636,139.410598849147
"p2","measured",1,0.0114227536859671,0.011762356060744,0.00972116140936102,0.0114131573318123,0.010812994275261,1.02973034209729,1.03059615483951
"p2","measured",2,0.0114227536859671,0.0107923560954282,0.0172649128879447,0.0103604505320851,0.00983387273766584,0.944812117299407,1.04168791328191
"p2","measured",3,0.0114227536859671,0.0114961189935079,0.0117300876116355,0.0111696978880066,0.0108585508556972,1.00642273391844,1.02922380791085
"p2","measured",4,0.0114227536859671,0.0100743770012718,0.0054195796222287,0.010025524659664,0.0163710684474225,0.881956949982054,1.00487279651352
"p2","measured",5,0.0114227536859671,0.0115933232058476,0.0149597664600314,0.0113514180206448,0.0109558352785025,1.01493243438227,1.02131056972467
"p2","measured",6,0.0114227536859671,0.0104696607932902,0.0122881493371152,0.0103802282355622,0.0102658264226915,0.916561897517949,1.00861566390435
"p2","measured",7,0.0114227536859671,0.0106619058132203,0.0120475955275067,0.0103471970477811,0.011855302383001,0.9333919041184,1.03041488085962
"p2","measured",8,0.0114227536859671,0.0130148292377166,0.0131608366310976,0.0123829861858326,0.0066218921469512,1.13937756127101,1.05102509543352
"p2","measured",9,0.0114227536859671,0.0110979941142661,0.0115106852624979,0.0108264436735972,0.00547892884526042,0.971569064638065,1.02508214598032
"p2","measured",10,0.0114227536859671,0.0101575151165708,0.0106779749698345,0.00977460412244619,0.00659125223999345,0.889235240102336,1.0391740667272
"p2","measured",11,0.0114227536859671,0.0105316759582765,0.00946075939064502,0.0102144765408275,0.00312969913270404,0.921990988146291,1.03105390826257
"p2","measured",12,0.0114227536859671,0.0107095021214361,0.00911458303535201,0.0104449360921234,0.0113483009630192,0.937558702206169,1.02532959770928
"p2","measured",13,0.0114227536859671,0.0114292418008008,0.0111705223651608,0.0111056943839077,0.0143044092267782,1.00056799918934,1.02913347024585
"p2","measured",14,0.0114227536859671,0.00999522705594214,0.0129660105209741,0.00991395717115133,0.0118213192970195,0.875027802465993,1.00819752227973
"p2","measured",15,0.0114227536859671,0.00977923039158137,0.00889257653567583,0.00938951099223397,0.0106222014366343,0.85611846849111,1.04150582492206
"p2","measured",16,0.0114227536859671,0.0117128500019826,0.0157036826604612,0.0113501941445359,0.0148695336955505,1.02539635572916,1.03195151138637
"p2","measured",17,0.0114227536859671,0.0103873728205417,0.0117599379559027,0.0101798539035503,0.00525315507380568,0.909358032757252,1.02038525493171
"p2","measured",18,0.0114227536859671,0.0114365334901946,0.00754284654882324,0.0113392329777128,0.0126739843231019,1.00120634696382,1.00858087250461
"p2","measured",19,0.0114227536859671,0.0119179109112008,0.0129889975484048,0.0115062380805466,0.0109455770994455,1.04334832377958,1.03577822984127
"p2","measured",20,0.0114227536859671,0.00970771762927502,0.0096481109443142,0.0094061870712341,0.00775393218427846,0.849857914838955,1.03205661930359
"p2","measured",21,0.0114227536859671,0.0100750969863686,0.00688395369002784,0.00986661697536488,0.00957947763922968,0.882019980763999,1.02112983726076
"p2","measured",22,0.0114227536859671,0.0103562092267745,0.012420593052893,0.0102540246894864,0.0168161703960863,0.906629829503994,1.00996531024475
"p2","measured",23,0.0114227536859671,0.0113389218704104,0.0157432100971605,0.0110138294130439,0.00949053691012512,0.992660980192565,1.0295167507299
"p2","measured",24,0.0114227536859671,0.0110797940131126,0.00649333556932808,0.0107712719034437,0.0102405922449263,0.969975744703677,1.02864305278287
"p2","measured",25,0.0114227536859671,0.0102267405988051,0.0124002194230617,0.0101096940373092,0.0142269355865272,0.895295554816059,1.01157765616486
"p2","measured",26,0.0114227536859671,0.0113407027152196,0.0102963774509591,0.0108985480064227,0.0100252087047813,0.992816883476326,1.04057005653748
"p2","measured",27,0.0114227536859671,0.0102990110741716,0.0121971559303269,0.0102717568976809,0.00563001507461967,0.901622442128288,1.00265331206357
"p2","measured",28,0.0114227536859671,0.00955061456300952,0.00884148462309236,0.00934525482650236,0.00474986049033444,0.836104395277511,1.02197476048751
"p2","measured",29,0.0114227536859671,0.0114484226720052,0.0157555519298798,0.0111241659277158,0.0121855494557537,1.00224718021098,1.02914885901526
"p2","measured",30,0.0114227536859671,0.0120251532200754,0.0143351420166355,0.0115374261430387,0.0142269968832715,1.05273680503576,1.04227347338913
"p2","measured",31,0.0114227536859671,0.00955895603229278,0.00651781164464317,0.00908841970377218,0.0115783206583834,0.83683464557552,1.05177317331915
"p2","measured",32,0.0114227536859671,0.0114897955458545,0.0139981395265487,0.0109954449942877,0.0102087297525389,1.00586915044572,1.04495957660865
"p2","measured",33,0.0114227536859671,0.0143216071354639,0.00920764394494042,0.013896253382444,0.00496694808635034,1.25377886359031,1.03060923986585
"p2","measured",34,0.0114227536859671,0.0126712429266703,0.0114382543712994,0.0122807942999923,0.00868265011541216,1.10929844720691,1.03179343429588
"p2","measured",35,0.0114227536859671,0.010461670508201,0.0122636400079115,0.0102835234132787,0.00504463094004674,0.915862391487371,1.01732354639192
"p2","measured",36,0.0114227536859671,0.0102977244823023,0.0080910476047386,0.0100233353265456,0.00649458940953136,0.90150980800304,1.02737503503749
"p2","measured",37,0.0114227536859671,0.0125982659910451,0.00955335190971847,0.0122309331073228,0.0169233840989134,1.1029097131388,1.03003310381138
"p2","measured",38,0.0114227536859671,0.0108848562657162,0.00924967464835566,0.010479840991875,0.00989579790383528,0.952910004449127,1.03864708196959
"p2","measured",39,0.0114227536859671,0.0122696803088195,0.0100728582696824,0.011490196125756,0.0142377554214908,1.07414382259619,1.06783906684727
"p2","measured",40,0.0114227536859671,0.011089553695603,0.00631349680117563,0.0105395747702765,0.0145048932339916,0.97083015185966,1.0521822689543
"p2","measured",41,0.0114227536859671,0.0100768248807391,0.0111090841679046,0.00980076402035705,0.00795349681389592,0.882171248524645,1.02816727959256
"p2","measured",42,0.0114227536859671,0.0117274787606376,0.0131992809734171,0.0112519378625954,0.00366321365826148,1.02667702403885,1.04226302205445
"p2","measured",43,0.0114227536859671,0.0120314395397336,0.00901871735997638,0.0115535622662174,0.0106130166392366,1.05328713815428,1.04136189882436
"p2","measured",44,0.0114227536859671,0.0112153188661308,0.0114845908927136,0.0107177387033264,0.0103405021642849,0.981840208977702,1.04642585311862
"p2","measured",45,0.0114227536859671,0.0114624521827579,0.00965465019846707,0.0111432593451486,0.00883010766715227,1.00347538762388,1.02864447714288
"p2","measured",46,0.0114227536859671,0.0115673435108475,0.0108392005115111,0.0113014987087076,0.0104139057749307,1.01265805329043,1.02352296885501
"p2","measured",47,0.0114227536859671,0.0108630902749106,0.0118748239194011,0.0106315033119181,0.00983055517432809,0.951004510257092,1.02178308713245
"p2","measured",48,0.0114227536859671,0.0102160673423923,0.00642663029326351,0.00993614138153346,0.00732939560518054,0.894361169228636,1.02817250179019
"p2","measured",49,0.0114227536859671,0.0119643445464294,0.0123766868817494,0.011708683521196,0.00836171025178419,1.0474133361667,1.02183516402767
"p2","measured",50,0.0114227536859671,0.013042177776768,0.0149692942188366,0.0126785863735156,0.0110694189938409,1.14177177721956,1.02867759800192
"p2","measured",51,0.0114227536859671,0.011493299521998,0.0105583721881116,0.0111829912426201,0.0165573391883319,1.00617590451219,1.02774823592772
"p2","measured",52,0.0114227536859671,0.0119397393012398,0.0100628521989513,0.0115461073660442,0.0166394792715566,1.04525928068534,1.03409217693171
"p2","measured",53,0.0114227536859671,0.0121008174995343,0.0109352916502121,0.0117264880322888,0.0167321057689649,1.0593608014502,1.03192170291863
"p2","measured",54,0.0114227536859671,0.0105135242978243,0.0100315922412186,0.0100423814080809,0.00716172062961765,0.920401908932009,1.04691545467137
"p2","measured",55,0.0114227536859671,0.0108649470075547,0.00916062096944443,0.0105548872774519,0.0120523772348197,0.951167057108326,1.02937593950104
"p2","measured",56,0.0114227536859671,0.0114515596109536,0.00969823854700268,0.0110778076976651,0.00622777719355604,1.00252180216595,1.03373879773768
"p2","measured",57,0.0114227536859671,0.0134062586953885,0.0102149724587247,0.0130979426078684,0.00632863926367607,1.17364508278403,1.02353927611004
"p2","measured",58,0.0114227536859671,0.0105380422407879,0.0100632235863578,0.0102316832077924,0.0105466933024753,0.922548321578005,1.02994219296804
"p2","measured",59,0.0114227536859671,0.0119693537123464,0.0101676044409996,0.0115973147220913,0.00435691167677476,1.04785186141681,1.03207975287127
"p2","measured",60,0.0114227536859671,0.0120740255595823,0.0128395705788678,0.0117367541269696,0.00649723396843329,1.05701531272755,1.02873634643481
"p2","measured",61,0.0114227536859671,0.0113430255822817,0.0102418505739989,0.0109984399175439,0.00431683968420269,0.993020237862311,1.03133041297867
"p2","measured",62,0.0114227536859671,0.0108077451470852,0.0137862881082269,0.0102070234060089,0.0086634393871571,0.946159345129055,1.05885376345101
"p2","measured",63,0.0114227536859671,0.0114975809377423,0.00940570704341263,0.0112645917705274,0.00863847680014488,1.00655071919016,1.02068332097257
"p2","measured",64,0.0114227536859671,0.0115253558735261,0.00728356221687655,0.0111400844449457,0.0160722181910567,1.00898226385508,1.03458424668901
"p2","measured",65,0.0114227536859671,0.0100800430256185,0.00901588067810098,0.00972726227743537,0.0109686024883252,0.882452979617503,1.036267218681
"p2","measured",66,0.0114227536859671,0.0113075736980036,0.00833940188619136,0.0107031761771207,0.0148071813217118,0.989916618082641,1.05646898741842
"p2","measured",67,0.0114227536859671,0.00980033483064323,0.00837512814560428,0.00961246684097856,0.00502491162538678,0.857966047423657,1.01954420158453
"p2","measured",68,0.0114227536859671,0.0101185344974933,0.00914369022455911,0.00926913970078095,0.00339625504233867,0.885822698770429,1.09163685348714
"p2","measured",69,0.0114227536859671,0.00969101075133763,0.00793626089388381,0.00943598765241514,0.00778843180592105,0.848395318481133,1.02702664610389
"p2","measured",70,0.0114227536859671,0.00962255245974207,0.00746843857131172,0.00961612125879654,0.0026244712964978,0.84240216713798,1.00066879366144
"p2","measured",71,0.0114227536859671,0.0112985155480165,0.0112922923163504,0.0108518548847261,0.0154922186167785,0.989123626284332,1.04115984484082
"p2","measured",72,0.0114227536859671,0.0111835243084011,0.0124260685849468,0.0109500474804467,0.0140602705820349,0.979056768258961,1.02132199229011
"p2","measured",73,0.0114227536859671,0.0106185154906385,0.00994472629346363,0.0103551818927683,0.00473796930254611,0.929593317212411,1.0254301276981
"p2","measured",74,0.0114227536859671,0.0118123907468994,0.0103395537564175,0.0117648127407142,0.0071302806654625,1.03411060692055,1.0040440937934
"p2","measured",75,0.0114227536859671,0.0130636634483702,0.0139531136799298,0.0125036418843508,0.00823758618564205,1.14365273098893,1.04478867590732
"p2","measured",76,0.0114227536859671,0.0115929175319454,0.0086438969135598,0.0115299370947782,0.00786042176706733,1.01489691983705,1.00546234005003
"p2","measured",77,0.0114227536859671,0.0119683206836456,0.0126296396033613,0.0116309833926066,0.0194062144927997,1.04776142536879,1.02900333356622
"p2","measured",78,0.0114227536859671,0.00993537374786931,0.00864294867863221,0.0098198240264784,0.0132613386427629,0.869787970660255,1.01176698493571
"p2","measured",79,0.0114227536859671,0.0100426548394547,0.0119398617945833,0.00947228984636728,0.0127739143394324,0.879179847131968,1.0602140561932
"p2","measured",80,0.0114227536859671,0.0126257353994878,0.0121932445832623,0.0122160676041027,0.00732298585682322,1.10531451054561,1.03353516112235
"p2","measured",81,0.0114227536859671,0.0113738708644818,0.0102590413278951,0.0107830357339401,0.0110202713645158,0.995720574667966,1.05479302351583
"p2","measured",82,0.0114227536859671,0.00993252986918229,0.00989899912592762,0.00927402192334515,0.0097277918573388,0.86953900453832,1.07100564903556
"p2","measured",83,0.0114227536859671,0.00974629407389843,0.00919276036281602,0.00951344960138912,0.0158611838140876,0.853235072894179,1.02447529363853
"p2","measured",84,0.0114227536859671,0.0123004261628219,0.0136221372027308,0.0121963871609905,0.0163679650520001,1.07683545500355,1.00853031315406
"p2","measured",85,0.0114227536859671,0.0130220669215315,0.0100437139396165,0.0124453849708029,0.0238986596895501,1.14001118115057,1.04633701183864
"p2","measured",86,0.0114227536859671,0.0126759386450985,0.0115449389942308,0.0126030045276499,0.00765939203040825,1.10970953183302,1.00578704207308
"p2","measured",87,0.0114227536859671,0.0124857475224462,0.0113794054745372,0.0122743448622364,0.00541940890224677,1.09305933277585,1.01722313187241
"p2","measured",88,0.0114227536859671,0.00966029319858366,0.00982247680685736,0.00925089127905514,0.0115113032343912,0.845706163694253,1.04425540276918
"p2","measured",89,0.0114227536859671,0.0146937364153832,0.0183231453947505,0.0143109067548485,0.00337409175933059,1.28635675944185,1.02675090174876
"p2","measured",90,0.0114227536859671,0.0125010789498329,0.0157346490803534,0.0121081111342876,0.0101136795196613,1.09440151591384,1.03245492308313
"p2","measured",91,0.0114227536859671,0.00995842678085297,0.00768149955147324,0.0096924344180693,0.0094728517588254,0.871806138399614,1.02744329765985
"p2","measured",92,0.0114227536859671,0.0118832993313423,0.0169589866788309,0.0113116289898661,0.0136782573654005,1.0403182680846,1.05053828604071
"p2","measured",93,0.0114227536859671,0.0109952139851638,0.0134248068304394,0.0108404843088482,0.00598925274052032,0.962571222968013,1.01427331767726
"p2","measured",94,0.0114227536859671,0.0115819276478463,0.0124691398549788,0.0111853119247259,0.0203216149337846,1.01393481521664,1.0354586198212
"p2","measured",95,0.0114227536859671,0.0117144286040264,0.0136812925702291,0.0114068236429688,0.010556105386472,1.02553455375805,1.0269667499635
"p2","measured",96,0.0114227536859671,0.0104262478802429,0.00975139181443912,0.00993970130367007,0.00867067278326676,0.912761332939498,1.0489498186825
"p2","measured",97,0.0114227536859671,0.0111189360038787,0.0103476050072594,0.0107831235517964,0.00509052874468797,0.973402413249823,1.0311424097544
"p2","measured",98,0.0114227536859671,0.0114143248820033,0.0123557671556861,0.0110423246761993,0.0142965880163159,0.999262104025391,1.03368857706257
"p2","measured",99,0.0114227536859671,0.0127946809298468,0.0107129957399242,0.0123228727952187,0.00545850046720735,1.12010477347202,1.0382871869627
"p2","measured",100,0.0114227536859671,0.011708431120077,0.00900063878818629,0.0114810739214401,0.014835268412364,1.02500950663594,1.01980278153356
"p3","beta_ll",1,0.0114227536859671,0.0168968614093027,0.0152188885581794,0.00153553653663732,0,1.47922837818524,11.0038810579559
"p3","beta_ll",2,0.0114227536859671,0.0145305832960542,0.0109771533195237,0.00152604181783351,0,1.27207359061808,9.52174647263789
"p3","beta_ll",3,0.0114227536859671,0.0161355347533807,0.0123470757891457,0.00199402549887162,0,1.41257836743895,8.09194002910771
"p3","beta_ll",4,0.0114227536859671,0.0229912545063916,0.012558981246719,0.00133570058260539,0,2.01275936945365,17.2128804956762
"p3","beta_ll",5,0.0114227536859671,0.022206942615424,0.00758998969930972,0.00166832245617147,0,1.94409712630898,13.3109414989146
"p3","beta_ll",6,0.0114227536859671,0.0181259468276581,0.0120199992395093,0.00237013528740412,0,1.58682812620969,7.6476422776315
"p3","beta_ll",7,0.0114227536859671,0.0211605819674803,0.00694634477198871,0.00219221127306244,0,1.85249393878432,9.65261981246899
"p3","beta_ll",8,0.0114227536859671,0.0166192420803885,0.00974058622379027,0.00256898452247923,0,1.45492431486159,6.46918731310607
"p3","beta_ll",9,0.0114227536859671,0.015830625853328,0.0166971050594978,0.00229017363078079,0,1.38588525048701,6.91241294570788
"p3","beta_ll",10,0.0114227536859671,0.0182463137421007,0.0123576691215545,0.0017768673632764,0,1.59736559534819,10.268810221409
"p3","beta_ll",11,0.0114227536859671,0.021831620557516,0.0146128276293701,0.00170075176344643,0,1.91123972009798,12.8364532830329
"p3","beta_ll",12,0.0114227536859671,0.0117891981825755,0.0119538070363791,0.00215367973367469,0,1.03208022397073,5.47397925431574
"p3","beta_ll",13,0.0114227536859671,0.0162059933909438,0.0135371870781682,0.00202612126381194,0,1.41874663819923,7.99853082853187
"p3","beta_ll",14,0.0114227536859671,0.0140690239169834,0.00957479100900617,0.00179929848163283,0,1.2316665756583,7.81917178311405
"p3","beta_ll",15,0.0114227536859671,0.0109363908634218,0.00822071363365995,0.00287939832877597,0,0.957421578376254,3.79815142424942
"p3","beta_ll",16,0.0114227536859671,0.0102127423789222,0.00904601536576866,0.00375763213906712,0,0.89407008674875,2.71786646509195
"p3","beta_ll",17,0.0114227536859671,0.0154545247783626,0.0104964457272603,0.00144154506059191,0,1.35295964556677,10.7208058914349
"p3","beta_ll",18,0.0114227536859671,0.0168437706393948,0.0135332866727239,0.00242818888308309,0,1.47458056983995,6.9367629333712
"p3","beta_ll",19,0.0114227536859671,0.0114537124388259,0.0131384447411955,0.00320407574459753,0,1.00271027054507,3.57473210742231
"p3","beta_ll",20,0.0114227536859671,0.0202093599604057,0.00764087037649361,0.00144889557803669,0,1.76921962216807,13.9481134919262
"p3","beta_ll",21,0.0114227536859671,0.0106949566095883,0.00689267575625192,0.00298778940636649,0,0.936285321701988,3.57955503383173
"p3","beta_ll",22,0.0114227536859671,0.0169936145150976,0.0119521526537117,0.0017709509224671,0,1.48769858672295,9.59575688942524
"p3","beta_ll",23,0.0114227536859671,0.0177552042863836,0.0177804168199585,0.00294700671120653,0,1.55437163178926,6.0248265532841
"p3","beta_ll",24,0.0114227536859671,0.0143679629585202,0.0127770520843487,0.00165236652147078,0,1.25783706394469,8.69538493537814
"p3","beta_ll",25,0.0114227536859671,0.0156452374390026,0.0109765776191984,0.00154260679780632,0,1.36965550244008,10.1420773338034
"p3","beta_ll",26,0.0114227536859671,0.0134300087559912,0.00721805493567773,0.00273926879294525,0,1.17572427150294,4.90277142227849
"p3","beta_ll",27,0.0114227536859671,0.0162953519851255,0.0101599889101325,0.00312798211923892,0,1.42656949743602,5.20954128378791
"p3","beta_ll",28,0.0114227536859671,0.0131641429824272,0.00864444662440851,0.00299541468024771,0,1.15244916806701,4.39476479474908
"p3","beta_ll",29,0.0114227536859671,0.017574411442488,0.0131766563029942,0.00205731350866365,0,1.53854420095552,8.54240803284457
"p3","beta_ll",30,0.0114227536859671,0.0131437571640395,0.00725740098032569,0.00307267882473779,0,1.15066450046862,4.27762155231474
"p3","beta_ll",31,0.0114227536859671,0.018293854705131,0.0076504143171328,0.00236760796546049,0,1.6015275482658,7.72672459799438
"p3","beta_ll",32,0.0114227536859671,0.0143857016295622,0.011149473669918,0.00242057615536236,0,1.25938998818078,5.94308987043981
"p3","beta_ll",33,0.0114227536859671,0.0124034183434557,0.0103124902456763,0.00283274510107936,0,1.08585186063263,4.37858610671662
"p3","beta_ll",34,0.0114227536859671,0.0144021841563537,0.0121997056706854,0.00318589197720517,0,1.26083294381518,4.52061283288959
"p3","beta_ll",35,0.0114227536859671,0.0134308494687136,0.00915605973635153,0.00281682494305959,0,1.17579787133232,4.76808099197148
"p3","beta_ll",36,0.0114227536859671,0.0165402585678872,0.0067728835035291,0.00296362687580773,0,1.44800973763506,5.58108670929743
"p3","beta_ll",37,0.0114227536859671,0.016567970818936,0.0173815843594756,0.00194601784883111,0,1.45043579459214,8.51378153026074
"p3","beta_ll",38,0.0114227536859671,0.0180063086966838,0.0101609241952946,0.00183742106498208,0,1.57635445810274,9.79977264866036
"p3","beta_ll",39,0.0114227536859671,0.0176122113589271,0.011570167652344,0.0031617007587416,0,1.54185337818881,5.57048648903035
"p3","beta_ll",40,0.0114227536859671,0.0196545877034056,0.00727885367492295,0.00190433148878431,0,1.7206523263783,10.3209907619354
"p3","beta_ll",41,0.0114227536859671,0.014108006137954,0.00795000769393552,0.0020924971830304,0,1.23507925722723,6.74218644228826
"p3","beta_ll",42,0.0114227536859671,0.024334870934624,0.00658881344923064,0.00157794057861049,0,2.13038568489132,15.4219184578249
"p3","beta_ll",43,0.0114227536859671,0.014549543882039,0.0104391218136691,0.00258596803973197,0,1.27373348686605,5.62634327203327
"p3","beta_ll",44,0.0114227536859671,0.0147280290897106,0.0117333789788359,0.00204247300821217,0,1.28935889669091,7.21088064835795
"p3","beta_ll",45,0.0114227536859671,0.0161998732634453,0.0136306820535213,0.00171753614504329,0,1.418210854301,9.43204212045095
"p3","beta_ll",46,0.0114227536859671,0.0156301669424728,0.00924519267425034,0.00170864520238647,0,1.3683361623804,9.14769603463731
"p3","beta_ll",47,0.0114227536859671,0.0138958083405887,0.0146940830985816,0.0026964664435269,0,1.21650249341012,5.1533399846109
"p3","beta_ll",48,0.0114227536859671,0.0130846936838987,0.00920403595342474,0.00259364376416593,0,1.14549381380544,5.04490781065552
"p3","beta_ll",49,0.0114227536859671,0.0213378206595615,0.0148339267517124,0.00189666051231843,0,1.86801022294432,11.2502055697245
"p3","beta_ll",50,0.0114227536859671,0.0145702832997612,0.015526455802629,0.00251612191035467,0,1.27554911016429,5.79077000991076
"p3","beta_ll",51,0.0114227536859671,0.0144759858635883,0.00983912578828531,0.00152228943181375,0,1.26729388215488,9.50935187557647
"p3","beta_ll",52,0.0114227536859671,0.0182844226893565,0.0143276233808025,0.0015984831138499,0,1.60070182654984,11.4386085976967
"p3","beta_ll",53,0.0114227536859671,0.0158449226538858,0.0107684270543324,0.00262798206427576,0,1.38713685766955,6.02931156543203
"p3","beta_ll",54,0.0114227536859671,0.0147993673910054,0.0136621020658536,0.00162014494834022,0,1.29560417722973,9.13459465843894
"p3","beta_ll",55,0.0114227536859671,0.0157812347917973,0.00898366923441489,0.00199378628468289,0,1.3815613315014,7.91520882304959
"p3","beta_ll",56,0.0114227536859671,0.0153099238642763,0.0125544858434179,0.00242857745732767,0,1.34030062147664,6.30407064764689
"p3","beta_ll",57,0.0114227536859671,0.0185431254985754,0.00726443756285972,0.0014663241804422,0,1.62334985138965,12.6459931206913
"p3","beta_ll",58,0.0114227536859671,0.0152485339105578,0.0104929370727711,0.00190028211643345,0,1.33492626469663,8.02435268884025
"p3","beta_ll",59,0.0114227536859671,0.0157566700239694,0.0127285611084748,0.00344754412732064,0,1.37941081959304,4.57040416077724
"p3","beta_ll",60,0.0114227536859671,0.0159245894242514,0.00890785095278377,0.0029146805356926,0,1.39411125040845,5.46357970598904
"p3","beta_ll",61,0.0114227536859671,0.0130950628232614,0.0118492113347181,0.00389681290198388,0,1.14640157559807,3.36045459523979
"p3","beta_ll",62,0.0114227536859671,0.0218701717777066,0.00657465288568907,0.00142690962120487,0,1.91461466989121,15.3269495507638
"p3","beta_ll",63,0.0114227536859671,0.0144975885254093,0.00950399304255394,0.00458673816192984,0,1.26918507778204,3.16076218296916
"p3","beta_ll",64,0.0114227536859671,0.0209051462556585,0.01339972113218,0.00168607484911209,0,1.83013193056422,12.3987059451527
"p3","beta_ll",65,0.0114227536859671,0.0153564568542239,0.0149322013190698,0.00278594319584447,0,1.3443743318294,5.51212130854991
"p3","beta_ll",66,0.0114227536859671,0.023238178401469,0.0141927509003743,0.00136098456837102,0,2.0343762143814,17.0745348195116
"p3","beta_ll",67,0.0114227536859671,0.018341504452806,0.0154242473882821,0.00200517165976109,0,1.60569902468776,9.14709938349681
"p3","beta_ll",68,0.0114227536859671,0.0149239735483161,0.00949040828572432,0.0025968657883543,0,1.30651276904011,5.74691754007581
"p3","beta_ll",69,0.0114227536859671,0.0119726435982432,0.0104861160999952,0.00204780079755708,0,1.04813987304581,5.84658606077597
"p3","beta_ll",70,0.0114227536859671,0.0161666486835298,0.0106990308508804,0.00203181876603406,0,1.41530222291237,7.95673755641393
"p3","beta_ll",71,0.0114227536859671,0.0160158348460258,0.0149434381897313,0.00158869929075153,0,1.40209929114565,10.0810990092717
"p3","beta_ll",72,0.0114227536859671,0.020284072919501,0.0149139563912308,0.00192502785138713,0,1.77576033565531,10.5370282850114
"p3","beta_ll",73,0.0114227536859671,0.0154845259406627,0.00897508465617484,0.00314189579872287,0,1.35558608426315,4.92840212808995
"p3","beta_ll",74,0.0114227536859671,0.0225622616387486,0.00671558364762507,0.00104450140935774,0,1.97520337556314,21.600987262068
"p3","beta_ll",75,0.0114227536859671,0.0191854805920057,0.0119422320492295,0.000830576222460592,0,1.6795845484767,23.0990005169766
"p3","beta_ll",76,0.0114227536859671,0.0152536503567285,0.0129035288211661,0.00190859207853046,0,1.33537418174986,7.99209560194406
"p3","beta_ll",77,0.0114227536859671,0.017264310662995,0.0126912513857947,0.00228404940700635,0,1.5113965631776,7.55864151188519
"p3","beta_ll",78,0.0114227536859671,0.00996645770574227,0.00836656173961711,0.00484315047466242,0,0.872509202223809,2.05784597399629
"p3","beta_ll",79,0.0114227536859671,0.0106829642534083,0.01202250050079,0.00249989586723081,0,0.935235456099552,4.27336370024167
"p3","beta_ll",80,0.0114227536859671,0.014825354014689,0.0120361729932494,0.00326155749812871,0,1.29787916489015,4.54548295505901
"p3","beta_ll",81,0.0114227536859671,0.0194993291456913,0.0104402839238302,0.00220447012498398,0,1.7070602835152,8.84535876658027
"p3","beta_ll",82,0.0114227536859671,0.0146394578891568,0.0100508625312058,0.00129487253751988,0,1.28160496948659,11.3057134698341
"p3","beta_ll",83,0.0114227536859671,0.017014410032944,0.0128051979635516,0.00190424037209218,0,1.48951912128213,8.93501171506535
"p3","beta_ll",84,0.0114227536859671,0.0195279439204155,0.0100650321943509,0.00183594585415749,0,1.70956535151464,10.6364487145384
"p3","beta_ll",85,0.0114227536859671,0.0136688554935675,0.0138067803939493,0.00266779345759819,0,1.19663400519261,5.12365582674214
"p3","beta_ll",86,0.0114227536859671,0.0137828690395636,0.00898256146646165,0.00289770137400159,0,1.20661527145559,4.75648359186511
"p3","beta_ll",87,0.0114227536859671,0.0214978919700967,0.0121331218962073,0.0014068386713794,0,1.88202359615851,15.2809930573049
"p3","beta_ll",88,0.0114227536859671,0.0147681970042728,0.00828979369802184,0.00123346917284096,0,1.29287537928928,11.9728950908909
"p3","beta_ll",89,0.0114227536859671,0.016522297191619,0.00970037404217335,0.00127981367576384,0,1.44643731676686,12.909923924479
"p3","beta_ll",90,0.0114227536859671,0.0266284204828353,0.0150361460745914,0.00100620334283824,0,2.3311734818854,26.4642536445201
"p3","beta_ll",91,0.0114227536859671,0.0160768670270089,0.0151129944602911,0.00203006238955916,0,1.40744232686724,7.91939553665641
"p3","beta_ll",92,0.0114227536859671,0.0150767390827316,0.0165994329498322,0.00240144551953829,0,1.31988656126354,6.27819326321021
"p3","beta_ll",93,0.0114227536859671,0.0146720447827569,0.0129210572253645,0.0023758970717296,0,1.28445777490427,6.17537053996873
"p3","beta_ll",94,0.0114227536859671,0.015671801844341,0.00752806019185855,0.0026352742919473,0,1.371981071744,5.94693383236418
"p3","beta_ll",95,0.0114227536859671,0.0128774479349227,0.0107371574621825,0.00216370039770903,0,1.12735057490933,5.95158550997059
"p3","beta_ll",96,0.0114227536859671,0.013858105765934,0.0117703990302332,0.00200028621278688,0,1.21320183792098,6.92806143308177
"p3","beta_ll",97,0.0114227536859671,0.0140984152965076,0.00808489054380784,0.00197408464600782,0,1.23423963118696,7.1417481134959
"p3","beta_ll",98,0.0114227536859671,0.014693213903482,0.0113593767282482,0.00172474734121786,0,1.28631101636487,8.51905293740415
"p3","beta_ll",99,0.0114227536859671,0.0144278528272125,0.012398650247653,0.00231591448948417,0,1.26308009643394,6.2298728613361
"p3","beta_ll",100,0.0114227536859671,0.0127536650004486,0.00897138828737832,0.0019957802657518,0,1.11651405178389,6.39031521621159
"p3","beta_pw",1,0.0114227536859671,0.0233160429725607,0.0152188885581794,0.000307134389633112,0,2.04119283436922,75.9147909174642
"p3","beta_pw",2,0.0114227536859671,0.0133687767844978,0.0109771533195237,0.00107833087293627,0,1.17036374520807,12.3976574537784
"p3","beta_pw",3,0.0114227536859671,0.022773946136031,0.0123470757891457,0.000441234336124572,0,1.9937352027479,51.6141747626852
"p3","beta_pw",4,0.0114227536859671,0.0295766296018969,0.012558981246719,0.000207934998446879,0,2.58927316608707,142.239785619605
"p3","beta_pw",5,0.0114227536859671,0.0333178809498237,0.00758998969930972,9.02647439294613e-05,0,2.91679938706503,369.112895017577
"p3","beta_pw",6,0.0114227536859671,0.0276437041440427,0.0120199992395093,0.000353824471932728,0,2.42005604813163,78.1282990208167
"p3","beta_pw",7,0.0114227536859671,0.0271060172457279,0.00694634477198871,0.000419068121064204,0,2.37298448263203,64.6816493148977
"p3","beta_pw",8,0.0114227536859671,0.0324208081506787,0.00974058622379027,0.000277221542185213,0,2.83826553929003,116.94909383708
"p3","beta_pw",9,0.0114227536859671,0.0267598170952418,0.0166971050594978,0.000481859266473079,0,2.34267654113178,55.5345075982612
"p3","beta_pw",10,0.0114227536859671,0.0287740291827515,0.0123576691215545,0.000188318132372842,0,2.51900986170265,152.794788373237
"p3","beta_pw",11,0.0114227536859671,0.0319483695984147,0.0146128276293701,0.000145852546006464,0,2.79690611184791,219.045676425826
"p3","beta_pw",12,0.0114227536859671,0.0118221139305553,0.0119538070363791,0.00199815853826684,0,1.03496181880196,5.91650447356874
"p3","beta_pw",13,0.0114227536859671,0.0286792997168316,0.0135371870781682,0.000398098831703258,0,2.51071681183707,72.0406528050528
"p3","beta_pw",14,0.0114227536859671,0.0259093945411486,0.00957479100900617,0.000362854024569002,0,2.26822666875661,71.4044568526523
"p3","beta_pw",15,0.0114227536859671,0.0251240735048697,0.00822071363365995,0.00105354113775342,0,2.19947608042486,23.8472638652197
"p3","beta_pw",16,0.0114227536859671,0.0114218144771596,0.00904601536576866,0.00173971464367964,0,0.999917777373709,6.56533789530077
"p3","beta_pw",17,0.0114227536859671,0.0260045758523826,0.0104964457272603,0.000238783273461691,0,2.27655927522356,108.904511925767
"p3","beta_pw",18,0.0114227536859671,0.0338738962079593,0.0135332866727239,0.000449241485619053,0,2.96547550084822,75.4024222880512
"p3","beta_pw",19,0.0114227536859671,0.0194408055509523,0.0131384447411955,0.00115372222905116,0,1.70193686088454,16.8505079137989
"p3","beta_pw",20,0.0114227536859671,0.0293315558155959,0.00764087037649361,0.000142069115772322,0,2.56781828812695,206.459761899288
"p3","beta_pw",21,0.0114227536859671,0.0161731193356318,0.00689267575625192,0.00142110144219828,0,1.41586869333447,11.3806930704495
"p3","beta_pw",22,0.0114227536859671,0.0159370442226449,0.0119521526537117,0.00117764086787336,0,1.3952016003132,13.5330257784147
"p3","beta_pw",23,0.0114227536859671,0.0242627814872856,0.0177804168199585,0.000707011159213074,0,2.12407464559902,34.3173953778761
"p3","beta_pw",24,0.0114227536859671,0.0280610408783586,0.0127770520843487,0.000198579128762641,0,2.45659161090304,141.309114674884
"p3","beta_pw",25,0.0114227536859671,0.0230632192572579,0.0109765776191984,0.000285006358024788,0,2.01905949224757,80.9217710688826
"p3","beta_pw",26,0.0114227536859671,0.0115588082930627,0.00721805493567773,0.0031485621301795,0,1.01191084136417,3.67113870241579
"p3","beta_pw",27,0.0114227536859671,0.0243964892374605,0.0101599889101325,0.000836727651497868,0,2.13578003239548,29.1570252205566
"p3","beta_pw",28,0.0114227536859671,0.0230669309603469,0.00864444662440851,0.000829223179846156,0,2.01938443167908,27.8175182761129
"p3","beta_pw",29,0.0114227536859671,0.016195317370684,0.0131766563029942,0.00222379610607415,0,1.41781201065203,7.28273483636723
"p3","beta_pw",30,0.0114227536859671,0.0130321779411986,0.00725740098032569,0.00162950367363291,0,1.14089634596679,7.99763642885436
"p3","beta_pw",31,0.0114227536859671,0.0269902621485652,0.0076504143171328,0.000373224962405792,0,2.36285075303014,72.3163369743202
"p3","beta_pw",32,0.0114227536859671,0.0136756672823085,0.011149473669918,0.00174470186558407,0,1.1972303402733,7.83839781000655
"p3","beta_pw",33,0.0114227536859671,0.0207494543866768,0.0103124902456763,0.000876630794084434,0,1.8165019536548,23.6695476895126
"p3","beta_pw",34,0.0114227536859671,0.0278745991694098,0.0121997056706854,0.000707803408920253,0,2.44026965263672,39.3818379766385
"p3","beta_pw",35,0.0114227536859671,0.0232456688598046,0.00915605973635153,0.000849252968092763,0,2.03503196329637,27.3719018162624
"p3","beta_pw",36,0.0114227536859671,0.016324286442423,0.0067728835035291,0.00149616887225944,0,1.4291025519072,10.9107245479388
"p3","beta_pw",37,0.0114227536859671,0.0247881449503979,0.0173815843594756,0.000365359593694645,0,2.17006736132726,67.8458849259478
"p3","beta_pw",38,0.0114227536859671,0.0312176511487603,0.0101609241952946,0.000169921523132921,0,2.73293568319794,183.718051563958
"p3","beta_pw",39,0.0114227536859671,0.0286143152063173,0.011570167652344,0.000469887343950944,0,2.50502777114681,60.8961181327425
"p3","beta_pw",40,0.0114227536859671,0.0267113713613157,0.00727885367492295,0.000210442911548398,0,2.33843538043988,126.929299565277
"p3","beta_pw",41,0.0114227536859671,0.0197099226087722,0.00795000769393552,0.000636861409135675,0,1.72549659658562,30.9485271458382
"p3","beta_pw",42,0.0114227536859671,0.0303654058611867,0.00658881344923064,0.000191433175684979,0,2.65832624041352,158.621439322282
"p3","beta_pw",43,0.0114227536859671,0.0246667892510715,0.0104391218136691,0.000539556676372889,0,2.15944332944644,45.7167714370459
"p3","beta_pw",44,0.0114227536859671,0.0245077433754706,0.0117333789788359,0.000430717817059905,0,2.14551972748728,56.8997668653722
"p3","beta_pw",45,0.0114227536859671,0.0278335198498556,0.0136306820535213,0.00013377723128001,0,2.43667338148498,208.05872257587
"p3","beta_pw",46,0.0114227536859671,0.0252231074232993,0.00924519267425034,0.000141939111259551,0,2.20814596171201,177.703715342956
"p3","beta_pw",47,0.0114227536859671,0.0232977399950575,0.0146940830985816,0.000827181807502486,0,2.03959050816957,28.1651987310994
"p3","beta_pw",48,0.0114227536859671,0.0203583624412147,0.00920403595342474,0.000834547582030532,0,1.78226397950128,24.3944897565708
"p3","beta_pw",49,0.0114227536859671,0.0287792706416197,0.0148339267517124,0.000192965966272045,0,2.51946872293806,149.14169165482
"p3","beta_pw",50,0.0114227536859671,0.0215941395213186,0.015526455802629,0.000644459737606027,0,1.89044954614114,33.5073523778759
"p3","beta_pw",51,0.0114227536859671,0.0259277286621319,0.00983912578828531,0.000248431633603001,0,2.26983172139868,104.365648955821
"p3","beta_pw",52,0.0114227536859671,0.0180077979832328,0.0143276233808025,0.00103559025340223,0,1.5764848370455,17.3889218482615
"p3","beta_pw",53,0.0114227536859671,0.0265700503693807,0.0107684270543324,0.000527642174652301,0,2.326063495707,50.3561914604144
"p3","beta_pw",54,0.0114227536859671,0.0206661597949708,0.0136621020658536,0.000276074619380459,0,1.80920996487556,74.857152176277
"p3","beta_pw",55,0.0114227536859671,0.0272556627218849,0.00898366923441489,0.000340691605376456,0,2.38608513071314,80.0009812151611
"p3","beta_pw",56,0.0114227536859671,0.0245526692606703,0.0125544858434179,0.000618368391504345,0,2.14945274455435,39.7055696862827
"p3","beta_pw",57,0.0114227536859671,0.0308892373308302,0.00726443756285972,0.000133599802935943,0,2.70418483844028,231.20720728638
"p3","beta_pw",58,0.0114227536859671,0.0257542301907135,0.0104929370727711,0.000219961945321671,0,2.25464287322877,117.084935546695
"p3","beta_pw",59,0.0114227536859671,0.0236682959147619,0.0127285611084748,0.00104494011556046,0,2.07203066488586,22.6503849955721
"p3","beta_pw",60,0.0114227536859671,0.0186886740855132,0.00890785095278377,0.001036840097894,0,1.63609183908712,18.0246444205554
"p3","beta_pw",61,0.0114227536859671,0.0303618022990212,0.0118492113347181,0.00083571209942979,0,2.65801076813209,36.3304567682305
"p3","beta_pw",62,0.0114227536859671,0.0313648804152448,0.00657465288568907,8.48216997174976e-05,0,2.74582480525484,369.774250217891
"p3","beta_pw",63,0.0114227536859671,0.0243117093815858,0.00950399304255394,0.00114987056285159,0,2.12835801681102,21.1429965832804
"p3","beta_pw",64,0.0114227536859671,0.0297734513329477,0.01339972113218,0.000157845904535665,0,2.60650383887069,188.623527614049
"p3","beta_pw",65,0.0114227536859671,0.0235207465734967,0.0149322013190698,0.000781446006933456,0,2.05911352202157,30.0990041088015
"p3","beta_pw",66,0.0114227536859671,0.0281646317989537,0.0141927509003743,0.000101929729881006,0,2.46566043296145,276.314200300869
"p3","beta_pw",67,0.0114227536859671,0.0286725017150022,0.0154242473882821,0.000206057314975708,0,2.51012168372556,139.148186602268
"p3","beta_pw",68,0.0114227536859671,0.0137080850802435,0.00949040828572432,0.00144148369618289,0,1.20006834228457,9.50970525476155
"p3","beta_pw",69,0.0114227536859671,0.0197724917331801,0.0104861160999952,0.000691181661528394,0,1.73097418335044,28.6067944705849
"p3","beta_pw",70,0.0114227536859671,0.0265252925868204,0.0106990308508804,0.000437270231902701,0,2.32214519511235,60.661098450266
"p3","beta_pw",71,0.0114227536859671,0.0139809717865137,0.0149434381897313,0.00131532775957702,0,1.22395809021859,10.6292683969581
"p3","beta_pw",72,0.0114227536859671,0.0256241153244494,0.0149139563912308,0.000308140800766488,0,2.24325202389059,83.1571647140219
"p3","beta_pw",73,0.0114227536859671,0.0251371656425884,0.00897508465617484,0.000844588552000726,0,2.20062222592346,29.7626170554189
"p3","beta_pw",74,0.0114227536859671,0.0272006215351936,0.00671558364762507,6.45929982320824e-05,0,2.38126657397941,421.107895277781
"p3","beta_pw",75,0.0114227536859671,0.0245694973982934,0.0119422320492295,4.75427930517934e-05,0,2.15092595653858,516.787000114345
"p3","beta_pw",76,0.0114227536859671,0.022098169509261,0.0129035288211661,0.000409198216720577,0,1.93457463207043,54.0035821425655
"p3","beta_pw",77,0.0114227536859671,0.0169388153008679,0.0126912513857947,0.00143522715215286,0,1.48290121336304,11.8021842573556
"p3","beta_pw",78,0.0114227536859671,0.0160405574605887,0.00836656173961711,0.0029687946346012,0,1.40426362167772,5.40305391071399
"p3","beta_pw",79,0.0114227536859671,0.016999196789896,0.01202250050079,0.000794061522976811,0,1.48818728454064,21.4079089566873
"p3","beta_pw",80,0.0114227536859671,0.0228304896315372,0.0120361729932494,0.000953555497618584,0,1.99868527845299,23.94248650294
"p3","beta_pw",81,0.0114227536859671,0.0339131613916184,0.0104402839238302,0.000256057897114541,0,2.96891295426257,132.443333221815
"p3","beta_pw",82,0.0114227536859671,0.021475643211761,0.0100508625312058,0.000240377808186307,0,1.88007583829316,89.3412057202722
"p3","beta_pw",83,0.0114227536859671,0.0222492909200106,0.0128051979635516,0.000508532516141121,0,1.94780449020309,43.7519533437982
"p3","beta_pw",84,0.0114227536859671,0.0276790884698801,0.0100650321943509,0.000269911234846894,0,2.42315375353702,102.548856425265
"p3","beta_pw",85,0.0114227536859671,0.0203001375559689,0.0138067803939493,0.000909010904610511,0,1.77716670726321,22.3321166478932
"p3","beta_pw",86,0.0114227536859671,0.0268167058139888,0.00898256146646165,0.000762156358150818,0,2.34765683925525,35.1853074860556
"p3","beta_pw",87,0.0114227536859671,0.0272091891452945,0.0121331218962073,0.000229122990317035,0,2.38201662167687,118.753640163501
"p3","beta_pw",88,0.0114227536859671,0.02552793339864,0.00828979369802184,0.000200515411344543,0,2.23483181905612,127.311577835659
"p3","beta_pw",89,0.0114227536859671,0.0278105253350364,0.00970037404217335,0.000103179592595163,0,2.43466033669287,269.535134182535
"p3","beta_pw",90,0.0114227536859671,0.0334710444234796,0.0150361460745914,4.86967597097471e-05,0,2.93020801670606,687.336172324009
"p3","beta_pw",91,0.0114227536859671,0.0247775829476553,0.0151129944602911,0.000415923228557624,0,2.16914271539398,59.5724913791933
"p3","beta_pw",92,0.0114227536859671,0.021494541803086,0.0165994329498322,0.000555873320317533,0,1.88173030724562,38.6680580222984
"p3","beta_pw",93,0.0114227536859671,0.027494608358395,0.0129210572253645,0.000421775995713086,0,2.40700352246693,65.187703041067
"p3","beta_pw",94,0.0114227536859671,0.0237405495987254,0.00752806019185855,0.000632031728320548,0,2.07835608220203,37.5622750171253
"p3","beta_pw",95,0.0114227536859671,0.024843575216033,0.0107371574621825,0.000361076445179872,0,2.17491997980778,68.8041979688179
"p3","beta_pw",96,0.0114227536859671,0.0208646378483441,0.0117703990302332,0.000641490976622818,0,1.82658563967604,32.5252242177867
"p3","beta_pw",97,0.0114227536859671,0.0223851998044771,0.00808489054380784,0.000438995079771607,0,1.95970257434311,50.9919150258432
"p3","beta_pw",98,0.0114227536859671,0.0209353473090873,0.0113593767282482,0.000447536374337693,0,1.83277586864246,46.7790966490029
"p3","beta_pw",99,0.0114227536859671,0.021221471511036,0.012398650247653,0.000707377665247898,0,1.85782448737441,30.0002001103597
"p3","beta_pw",100,0.0114227536859671,0.0208829307666791,0.00897138828737832,0.00045941129713377,0,1.82818708525018,45.455849468583
"p3","beta",1,0.0114227536859671,0.0140488294884087,0.0152188885581794,0.00664341971609765,0,1.22989866319779,2.11469846687046
"p3","beta",2,0.0114227536859671,0.0119476844881264,0.0109771533195237,0.00628025112063487,0,1.04595483861341,1.9024214571405
"p3","beta",3,0.0114227536859671,0.0128940904560208,0.0123470757891457,0.00639216235122103,0,1.12880753717566,2.01717192830024
"p3","beta",4,0.0114227536859671,0.0145780412043596,0.012558981246719,0.00695704311505521,0,1.27622827254594,2.09543637480302
"p3","beta",5,0.0114227536859671,0.0132674252884616,0.00758998969930972,0.00886568303475934,0,1.16149097259802,1.49649217510309
"p3","beta",6,0.0114227536859671,0.0132425685191495,0.0120199992395093,0.00662621068126612,0,1.15931489754682,1.99851305008901
"p3","beta",7,0.0114227536859671,0.01563696648424,0.00694634477198871,0.00745446865068169,0,1.36893142530509,2.09766345758393
"p3","beta",8,0.0114227536859671,0.0116545374383834,0.00974058622379027,0.00675057507162319,0,1.02029140772781,1.72645105264803
"p3","beta",9,0.0114227536859671,0.0121204244208155,0.0166971050594978,0.00639685801223572,0,1.06107728084038,1.89474651424682
"p3","beta",10,0.0114227536859671,0.0124386502008437,0.0123576691215545,0.00682421202362469,0,1.08893621825397,1.82272329138989
"p3","beta",11,0.0114227536859671,0.0136257224437686,0.0146128276293701,0.00669694522321292,0,1.19285794112044,2.0346175740753
"p3","beta",12,0.0114227536859671,0.0104297512688238,0.0119538070363791,0.00506565065947574,0,0.913068035568058,2.05891640974374
"p3","beta",13,0.0114227536859671,0.012511716592274,0.0135371870781682,0.00647641971057733,0,1.09533278369161,1.93188785647104
"p3","beta",14,0.0114227536859671,0.0114775612564503,0.00957479100900617,0.00611283195732366,0,1.00479810490447,1.87761766339728
"p3","beta",15,0.0114227536859671,0.00848402945030911,0.00822071363365995,0.00503407058175376,0,0.74273066578786,1.68532191047537
"p3","beta",16,0.0114227536859671,0.00954258320649742,0.00904601536576866,0.00556645126703205,0,0.835401293667086,1.71430283832977
"p3","beta",17,0.0114227536859671,0.010916824368128,0.0104964457272603,0.0062999203025699,0,0.955708638061532,1.73285118601814
"p3","beta",18,0.0114227536859671,0.0114411130018014,0.0135332866727239,0.00743097833176731,0,1.00160725831432,1.53965097070608
"p3","beta",19,0.0114227536859671,0.00941084315448684,0.0131384447411955,0.00620820148681918,0,0.823868168150038,1.51587270072779
"p3","beta",20,0.0114227536859671,0.0128455239899376,0.00764087037649361,0.00648775577393996,0,1.12455580703963,1.97996417213107
"p3","beta",21,0.0114227536859671,0.00963898180379681,0.00689267575625192,0.00486409603924886,0,0.843840466912834,1.98165943394599
"p3","beta",22,0.0114227536859671,0.0141935263871678,0.0119521526537117,0.00737033802307153,0,1.24256609022434,1.92576328829662
"p3","beta",23,0.0114227536859671,0.0156856881263712,0.0177804168199585,0.00637023033910158,0,1.37319674026072,2.46234237875037
"p3","beta",24,0.0114227536859671,0.0106667766246288,0.0127770520843487,0.00647482348582783,0,0.933818317183267,1.64742353949515
"p3","beta",25,0.0114227536859671,0.0121975307045368,0.0109765776191984,0.00572826542053077,0,1.06782751689039,2.12935850717033
"p3","beta",26,0.0114227536859671,0.0106782915349458,0.00721805493567773,0.00545545041337353,0,0.934826384995421,1.95736203719659
"p3","beta",27,0.0114227536859671,0.0139533762974807,0.0101599889101325,0.00676760140149642,0,1.22154225514137,2.06179050296837
"p3","beta",28,0.0114227536859671,0.0111075635591265,0.00864444662440851,0.00531322638276645,0,0.972406817523536,2.09054965080241
"p3","beta",29,0.0114227536859671,0.0140043183111078,0.0131766563029942,0.00678361420897497,0,1.22600195155325,2.06443318851765
"p3","beta",30,0.0114227536859671,0.0108878077283676,0.00725740098032569,0.00522048194419962,0,0.9531683889624,2.08559436556712
"p3","beta",31,0.0114227536859671,0.0136432848202381,0.0076504143171328,0.00627660348804139,0,1.19439543172492,2.17367320497976
"p3","beta",32,0.0114227536859671,0.0118691931395201,0.011149473669918,0.0062169328537682,0,1.03908334766085,1.90917184063295
"p3","beta",33,0.0114227536859671,0.0108794333365074,0.0103124902456763,0.0057536491447926,0,0.952435256471717,1.89087534931703
"p3","beta",34,0.0114227536859671,0.0106930923112948,0.0121997056706854,0.00622734218932183,0,0.936122112519264,1.71711975770827
"p3","beta",35,0.0114227536859671,0.0122674636040391,0.00915605973635153,0.00579404489505743,0,1.07394976214096,2.11725380562788
"p3","beta",36,0.0114227536859671,0.0138861342520199,0.0067728835035291,0.00714307842511879,0,1.21565557953675,1.94399857114672
"p3","beta",37,0.0114227536859671,0.0125987214848335,0.0173815843594756,0.00710552361408293,0,1.10294958914425,1.77308839842052
"p3","beta",38,0.0114227536859671,0.0118201282328405,0.0101609241952946,0.00666155371108351,0,1.03478798175974,1.77438008390958
"p3","beta",39,0.0114227536859671,0.01425569449151,0.011570167652344,0.00690781297370196,0,1.24800856986202,2.06370591470577
"p3","beta",40,0.0114227536859671,0.0131043632831607,0.00727885367492295,0.0066518543034278,0,1.14721578031219,1.97003161605747
"p3","beta",41,0.0114227536859671,0.0130830697944941,0.00795000769393552,0.0049335685649903,0,1.14535165111428,2.65184716137007
"p3","beta",42,0.0114227536859671,0.0185642854355995,0.00658881344923064,0.00810474952439032,0,1.62520228886715,2.29054400505931
"p3","beta",43,0.0114227536859671,0.0113692964684602,0.0104391218136691,0.0068698628835629,0,0.995320111159131,1.65495245846359
"p3","beta",44,0.0114227536859671,0.0121348571458675,0.0117333789788359,0.00618294005654833,0,1.06234078747362,1.96263541856847
"p3","beta",45,0.0114227536859671,0.0112599525271517,0.0136306820535213,0.00708220540269459,0,0.98574764340621,1.58989352707387
"p3","beta",46,0.0114227536859671,0.0107693592084309,0.00924519267425034,0.00607811652029756,0,0.942798864835985,1.77182506660857
"p3","beta",47,0.0114227536859671,0.0120075645897603,0.0146940830985816,0.0060683280199,0,1.05119701604978,1.97872701514875
"p3","beta",48,0.0114227536859671,0.011355448878843,0.00920403595342474,0.00547916895664201,0,0.994107829952879,2.07247649574259
"p3","beta",49,0.0114227536859671,0.0140517118553644,0.0148339267517124,0.00691535859521408,0,1.23015099875846,2.03195707957779
"p3","beta",50,0.0114227536859671,0.0122741207834958,0.015526455802629,0.00609041324121012,0,1.07453256201914,2.0153182218317
"p3","beta",51,0.0114227536859671,0.0110728244154163,0.00983912578828531,0.00708102237338531,0,0.969365594306671,1.56373244307694
"p3","beta",52,0.0114227536859671,0.0155999763715743,0.0143276233808025,0.00723636794672407,0,1.3656931419907,2.15577434514458
"p3","beta",53,0.0114227536859671,0.0128959112846354,0.0107684270543324,0.00711827611893109,0,1.12896694082426,1.81166213127623
"p3","beta",54,0.0114227536859671,0.0110484683768729,0.0136621020658536,0.00515972575725142,0,0.967233355512682,2.14128984691589
"p3","beta",55,0.0114227536859671,0.0122827020520798,0.00898366923441489,0.00652049352895323,0,1.07528380544256,1.88370742146133
"p3","beta",56,0.0114227536859671,0.0132364669053703,0.0125544858434179,0.00607848553647876,0,1.15878073442407,2.17759289315313
"p3","beta",57,0.0114227536859671,0.0101532483989703,0.00726443756285972,0.00731216897804972,0,0.888861712166964,1.38854126996369
"p3","beta",58,0.0114227536859671,0.0111261628734305,0.0104929370727711,0.00546821605518234,0,0.974035086399435,2.03469701291082
"p3","beta",59,0.0114227536859671,0.013125871518829,0.0127285611084748,0.00664188278164666,0,1.14909870944291,1.97622751715815
"p3","beta",60,0.0114227536859671,0.0149567251121907,0.00890785095278377,0.00557811859441822,0,1.3093799904453,2.68132074623821
"p3","beta",61,0.0114227536859671,0.0106050767162314,0.0118492113347181,0.00703788148515697,0,0.928416825555796,1.5068563940154
"p3","beta",62,0.0114227536859671,0.0134717818675015,0.00657465288568907,0.00765266361102062,0,1.17938128036952,1.76040429218668
"p3","beta",63,0.0114227536859671,0.0129287456127987,0.00950399304255394,0.00652468055800695,0,1.13184140779308,1.98151396039348
"p3","beta",64,0.0114227536859671,0.0124963581317445,0.01339972113218,0.00679324280705388,0,1.0939882339489,1.83952767281757
"p3","beta",65,0.0114227536859671,0.0129600281238665,0.0149322013190698,0.00655633642239904,0,1.13458002160967,1.97671798530501
"p3","beta",66,0.0114227536859671,0.0143990548054709,0.0141927509003743,0.00760487444757456,0,1.26055898615411,1.89339809680398
"p3","beta",67,0.0114227536859671,0.0121814391635414,0.0154242473882821,0.00635561906921663,0,1.06641878993734,1.91664085447507
"p3","beta",68,0.0114227536859671,0.0117437828778212,0.00949040828572432,0.00634264823743528,0,1.02810436088178,1.85155828262832
"p3","beta",69,0.0114227536859671,0.00957594473044794,0.0104861160999952,0.00528994922576587,0,0.838321913761652,1.81021486629894
"p3","beta",70,0.0114227536859671,0.012288180778948,0.0106990308508804,0.00667395101319858,0,1.07576343820177,1.84121530928929
"p3","beta",71,0.0114227536859671,0.0127429320770753,0.0149434381897313,0.00670464471208782,0,1.11557444267839,1.90061257893368
"p3","beta",72,0.0114227536859671,0.0155942608105813,0.0149139563912308,0.00650630152943282,0,1.36519277569111,2.3967934378751
"p3","beta",73,0.0114227536859671,0.0126272773860032,0.00897508465617484,0.00658177301368971,0,1.10544950308399,1.91852216108626
"p3","beta",74,0.0114227536859671,0.0146309245860811,0.00671558364762507,0.00697517108965151,0,1.28085792518272,2.09757214526076
"p3","beta",75,0.0114227536859671,0.0106342928914078,0.0119422320492295,0.00649978647145681,0,0.93097454289608,1.63609880695424
"p3","beta",76,0.0114227536859671,0.0126899213811639,0.0129035288211661,0.0058495776156817,0,1.11093364437626,2.1693739642234
"p3","beta",77,0.0114227536859671,0.0151250373105899,0.0126912513857947,0.00644502512075266,0,1.32411480860092,2.34677709197564
"p3","beta",78,0.0114227536859671,0.00883653652191477,0.00836656173961711,0.00496253399489631,0,0.773590743952613,1.78065007333001
"p3","beta",79,0.0114227536859671,0.00934868182639971,0.01202250050079,0.00508006600852865,0,0.818426281736651,1.84026778602969
"p3","beta",80,0.0114227536859671,0.0132174005780098,0.0120361729932494,0.00611739632601076,0,1.15711158109339,2.16062518653733
"p3","beta",81,0.0114227536859671,0.0119511219407976,0.0104402839238302,0.00756459157521158,0,1.04625576891145,1.5798766955192
"p3","beta",82,0.0114227536859671,0.0106962815506204,0.0100508625312058,0.00614582465847464,0,0.936401313088001,1.7404143699204
"p3","beta",83,0.0114227536859671,0.0140721620490412,0.0128051979635516,0.00551151176281967,0,1.23194130206352,2.55323088376063
"p3","beta",84,0.0114227536859671,0.0142223604610234,0.0100650321943509,0.00711836708194392,0,1.24509035667079,1.99798075841005
"p3","beta",85,0.0114227536859671,0.0117594277138861,0.0138067803939493,0.00550858524372044,0,1.02947398124609,2.13474552786331
"p3","beta",86,0.0114227536859671,0.0119090285803537,0.00898256146646165,0.00579791088921551,0,1.04257072399135,2.054020630518
"p3","beta",87,0.0114227536859671,0.0150182995362023,0.0121331218962073,0.00680122179843334,0,1.31477049659683,2.2081767043183
"p3","beta",88,0.0114227536859671,0.0112478324466059,0.00828979369802184,0.00586763280582694,0,0.984686596229757,1.91692848186343
"p3","beta",89,0.0114227536859671,0.0104345040342362,0.00970037404217335,0.00629334184250281,0,0.913484114347578,1.65802276363976
"p3","beta",90,0.0114227536859671,0.014640085747641,0.0150361460745914,0.00830283073661456,0,1.28165993508433,1.76326438681688
"p3","beta",91,0.0114227536859671,0.0131372600032477,0.0151129944602911,0.0062941204440422,0,1.15009570935481,2.08722729729187
"p3","beta",92,0.0114227536859671,0.0127080251477739,0.0165994329498322,0.00619569909201043,0,1.11251853074498,2.05110431592157
"p3","beta",93,0.0114227536859671,0.0105932925814365,0.0129210572253645,0.00590290871809583,0,0.927385188603894,1.79458858121284
"p3","beta",94,0.0114227536859671,0.0123979563983811,0.00752806019185855,0.00622905458506084,0,1.08537369702824,1.99034319399209
"p3","beta",95,0.0114227536859671,0.00952551362357027,0.0107371574621825,0.00532204126943513,0,0.833906944458793,1.78982332930712
"p3","beta",96,0.0114227536859671,0.0117378917829824,0.0117703990302332,0.00601106414341716,0,1.02758862754805,1.95271444505161
"p3","beta",97,0.0114227536859671,0.0112076146473654,0.00808489054380784,0.00592340064010919,0,0.981165746498934,1.89209127126657
"p3","beta",98,0.0114227536859671,0.0132855853681176,0.0113593767282482,0.00538924391558557,0,1.16308078886783,2.46520394627082
"p3","beta",99,0.0114227536859671,0.0123521977986815,0.012398650247653,0.00578517784578202,0,1.08136778033271,2.13514573414325
"p3","beta",100,0.0114227536859671,0.010727346231868,0.00897138828737832,0.00570433397826451,0,0.939120857087778,1.88056068819654
"p3","floored_ll",1,0.0114227536859671,0.0149300975356805,0.0152188885581794,0.00468590006874918,0,1.30704889084863,3.18617497527338
"p3","floored_ll",2,0.0114227536859671,0.0164815641165552,0.0110608741834965,0.00453464294930641,0,1.44287135743834,3.63458916188234
"p3","floored_ll",3,0.0114227536859671,0.0162472380129713,0.0123470757891457,0.00769164795658498,0,1.42235738068405,2.11232210635195
"p3","floored_ll",4,0.0114227536859671,0.0200237947839864,0.012558981246719,0.0056527073273951,0,1.75297439956056,3.54233708278928
"p3","floored_ll",5,0.0114227536859671,0.0157815099781968,0.00758998969930973,0.00513168563237351,0,1.38158542257498,3.0753072399132
"p3","floored_ll",6,0.0114227536859671,0.0146666534254682,0.0120199992395093,0.0096722120939013,0,1.28398579087687,1.51637012123794
"p3","floored_ll",7,0.0114227536859671,0.0159727439995412,0.00694634477198872,0.0101960581154638,0,1.39832692174425,1.56656070597678
"p3","floored_ll",8,0.0114227536859671,0.0130512773625289,0.00974058622379027,0.00699816504997472,0,1.14256839649466,1.86495706650646
"p3","floored_ll",9,0.0114227536859671,0.0146419246621277,0.0167643866362806,0.00825341560770594,0,1.28182092205274,1.77404426943641
"p3","floored_ll",10,0.0114227536859671,0.0148638565710853,0.0124289697099472,0.00524060760140648,0,1.3012498544327,2.83628496953219
"p3","floored_ll",11,0.0114227536859671,0.0168887874748984,0.0146128276293701,0.00430589286253941,0,1.47852154911178,3.9222498130012
"p3","floored_ll",12,0.0114227536859671,0.0120885570475794,0.0120419122504732,0.00790629408712731,0,1.05828746551982,1.52897892670872
"p3","floored_ll",13,0.0114227536859671,0.0148013114560856,0.0135371870781682,0.00646002645667375,0,1.29577436956108,2.29121530002321
"p3","floored_ll",14,0.0114227536859671,0.0150258891571827,0.00957479100900617,0.00591305605839466,0,1.31543492666239,2.54113761290166
"p3","floored_ll",15,0.0114227536859671,0.0108050861596421,0.00822071363365995,0.00947306878759556,0,0.945926565230603,1.14061096798862
"p3","floored_ll",16,0.0114227536859671,0.00989058723873319,0.00913916865084808,0.0140238572262343,0,0.865867155210025,0.705268677452804
"p3","floored_ll",17,0.0114227536859671,0.0140678710855111,0.0104964457272603,0.0039752347569805,0,1.2315656515288,3.53887806520305
"p3","floored_ll",18,0.0114227536859671,0.0132015193687784,0.0135332866727239,0.0060973592834171,0,1.15572126754309,2.16512079330513
"p3","floored_ll",19,0.0114227536859671,0.0108713343932868,0.0131849146303224,0.0110277788162757,0,0.951726238012314,0.985813605296653
"p3","floored_ll",20,0.0114227536859671,0.0164775702060144,0.00764087037649361,0.00441824242826253,0,1.44252171227828,3.72944003719918
"p3","floored_ll",21,0.0114227536859671,0.0091978259668018,0.00689267575625192,0.009966116359309,0,0.805219671163997,0.922909750919217
"p3","floored_ll",22,0.0114227536859671,0.0152460467332373,0.0119521526537117,0.00414363826896244,0,1.33470852584059,3.6793865061621
"p3","floored_ll",23,0.0114227536859671,0.014576656409449,0.0178963430377446,0.0115164738213462,0,1.27610704127818,1.26572218506941
"p3","floored_ll",24,0.0114227536859671,0.0135504273673093,0.0127770520843487,0.00460674443704653,0,1.18626626642191,2.941432404702
"p3","floored_ll",25,0.0114227536859671,0.0164162623126545,0.011080274802169,0.00503034554117744,0,1.43715453943666,3.26344625399471
"p3","floored_ll",26,0.0114227536859671,0.0122995926053907,0.00721805493567773,0.0111660732528126,0,1.07676248158102,1.10151459039485
"p3","floored_ll",27,0.0114227536859671,0.0151233817839916,0.0101599889101325,0.00924156738972718,0,1.3239698762454,1.6364520374328
"p3","floored_ll",28,0.0114227536859671,0.0123880199587641,0.00864444662440851,0.0124393358962287,0,1.08450381574653,0.995874704414071
"p3","floored_ll",29,0.0114227536859671,0.0187228400707616,0.0131766563029942,0.00663533172569823,0,1.63908288539589,2.82168862760082
"p3","floored_ll",30,0.0114227536859671,0.0114546429927262,0.00725740098032569,0.0131702188121,0,1.00279173548128,0.86973824475888
"p3","floored_ll",31,0.0114227536859671,0.0139017286323919,0.0076504143171328,0.00747039277131552,0,1.21702078277939,1.86091000272049
"p3","floored_ll",32,0.0114227536859671,0.0135315974177293,0.011149473669918,0.00833038815322953,0,1.18461780668114,1.62436577609933
"p3","floored_ll",33,0.0114227536859671,0.0117411518262556,0.0103124902456763,0.00863295142797278,0,1.02787402661756,1.36003913889884
"p3","floored_ll",34,0.0114227536859671,0.0138923727060612,0.0121997056706854,0.00861596818742946,0,1.21620172228068,1.61239832876007
"p3","floored_ll",35,0.0114227536859671,0.0120493702765264,0.00915605973635153,0.0101205614216464,0,1.05485687670295,1.19058318748549
"p3","floored_ll",36,0.0114227536859671,0.0143480355035417,0.00677288350352909,0.00825327280945771,0,1.25609252357146,1.73846616182368
"p3","floored_ll",37,0.0114227536859671,0.0175026656106943,0.0174461948476149,0.00650496353825394,0,1.53226324333652,2.69066313865801
"p3","floored_ll",38,0.0114227536859671,0.017308231540702,0.0101609241952946,0.00567642580945329,0,1.51524159730111,3.04914256289188
"p3","floored_ll",39,0.0114227536859671,0.0157227102771698,0.011570167652344,0.00942331062594808,0,1.37643782833952,1.66849113875921
"p3","floored_ll",40,0.0114227536859671,0.0160992748104047,0.00727885367492294,0.0083091278800891,0,1.40940400651226,1.93754086382314
"p3","floored_ll",41,0.0114227536859671,0.0124969337788278,0.00795000769393551,0.00918700734068031,0,1.09403862872227,1.36028342151105
"p3","floored_ll",42,0.0114227536859671,0.0172560941533382,0.00658881344923064,0.00840185401826967,0,1.5106772524157,2.05384360592497
"p3","floored_ll",43,0.0114227536859671,0.0133017722754807,0.0104391218136691,0.00849919780777362,0,1.16449786462803,1.56506208895556
"p3","floored_ll",44,0.0114227536859671,0.0120115020838065,0.0117333789788359,0.00608998026648211,0,1.05154172225237,1.9723384244634
"p3","floored_ll",45,0.0114227536859671,0.0134920898742889,0.0136957570454286,0.0216372741839676,0,1.18115913598522,0.623557743899462
"p3","floored_ll",46,0.0114227536859671,0.0133672463452299,0.00924519267425034,0.00583607226233631,0,1.17022976356844,2.2904525071591
"p3","floored_ll",47,0.0114227536859671,0.0130085447221258,0.0147657427913513,0.00822463265218568,0,1.13882738608877,1.58165662495198
"p3","floored_ll",48,0.0114227536859671,0.0133332721089927,0.00920403595342474,0.00863443423577395,0,1.16725550384341,1.54419754032647
"p3","floored_ll",49,0.0114227536859671,0.0148890055384473,0.0149333979893219,0.00591695816315077,0,1.30345150983501,2.51632766835704
"p3","floored_ll",50,0.0114227536859671,0.0132780466352025,0.015526455802629,0.00948863094699852,0,1.1624208137758,1.39936379751418
"p3","floored_ll",51,0.0114227536859671,0.0166611404129272,0.00983912578828531,0.00523212912757291,0,1.4585922861486,3.18439014150555
"p3","floored_ll",52,0.0114227536859671,0.0166041480718799,0.0144476091162311,0.0064047757401005,0,1.45360291645596,2.59246361553626
"p3","floored_ll",53,0.0114227536859671,0.0139680898110176,0.0107684270543324,0.00756350401777294,0,1.2228303432803,1.8467749575058
"p3","floored_ll",54,0.0114227536859671,0.0142473632735565,0.0137445439547381,0.00716341727292122,0,1.24727921701222,1.98890595518059
"p3","floored_ll",55,0.0114227536859671,0.0130184467461316,0.00898366923441488,0.00556319212140793,0,1.13969425447077,2.34010375015359
"p3","floored_ll",56,0.0114227536859671,0.0128631657379145,0.0125544858434179,0.00739298929500944,0,1.12610024618818,1.73991402186903
"p3","floored_ll",57,0.0114227536859671,0.0155951424130349,0.00726443756285972,0.00369331760106286,0,1.36526995519421,4.22252947012923
"p3","floored_ll",58,0.0114227536859671,0.0137232323454962,0.0104929370727711,0.00581080067377633,0,1.20139440302868,2.36167666315384
"p3","floored_ll",59,0.0114227536859671,0.015437893316186,0.0127991359834818,0.0122978612759953,0,1.3515036514489,1.25533155478992
"p3","floored_ll",60,0.0114227536859671,0.0122438522655074,0.00890785095278377,0.011217608829497,0,1.07188271778538,1.09148504388135
"p3","floored_ll",61,0.0114227536859671,0.0121176641490865,0.0118492113347181,0.00919267206027984,0,1.0608356340532,1.31818736376392
"p3","floored_ll",62,0.0114227536859671,0.0150214859011078,0.00657465288568907,0.00610280980584531,0,1.31504944552571,2.46140489037036
"p3","floored_ll",63,0.0114227536859671,0.0133183594878841,0.00950399304255394,0.0177303169077762,0,1.16594998491876,0.751163081695564
"p3","floored_ll",64,0.0114227536859671,0.0175745529618926,0.01339972113218,0.0043645882534312,0,1.5385565902102,4.02662334713394
"p3","floored_ll",65,0.0114227536859671,0.0147677559369132,0.0149322013190698,0.0101559639828382,0,1.29283676623925,1.45409691899933
"p3","floored_ll",66,0.0114227536859671,0.0191024623776211,0.0141927509003743,0.00442771382893458,0,1.67231675502978,4.31429471633617
"p3","floored_ll",67,0.0114227536859671,0.0142725306749064,0.0155082185665288,0.00496753409549555,0,1.24948248620997,2.87316209622967
"p3","floored_ll",68,0.0114227536859671,0.0143872578966093,0.00949040828572433,0.0124463017666491,0,1.2595262309021,1.1559464141518
"p3","floored_ll",69,0.0114227536859671,0.0116665689796,0.0105681580901198,0.00927391199077487,0,1.02134470376721,1.25799867318184
"p3","floored_ll",70,0.0114227536859671,0.0126699215117411,0.0106990308508804,0.00520622668164104,0,1.10918276451203,2.43360926953481
"p3","floored_ll",71,0.0114227536859671,0.0204086321885762,0.0150313525710701,0.00193905869091508,0,1.78666482265552,10.5250203535329
"p3","floored_ll",72,0.0114227536859671,0.0175292808278863,0.0149139563912308,0.00770436418801405,0,1.53459326094207,2.27524042219567
"p3","floored_ll",73,0.0114227536859671,0.0122153344126238,0.00897508465617484,0.019504952814409,0,1.0693861347663,0.626268339577831
"p3","floored_ll",74,0.0114227536859671,0.0183551467690338,0.00671558364762507,0.00365535515066583,0,1.60689333532449,5.02144005506288
"p3","floored_ll",75,0.0114227536859671,0.0171129361506764,0.0119422320492295,0.00236568667420362,0,1.49814454737824,7.23381347888655
"p3","floored_ll",76,0.0114227536859671,0.0139522980028966,0.0129035288211661,0.00609890160518538,0,1.2214478563113,2.28767389705617
"p3","floored_ll",77,0.0114227536859671,0.0153730543167443,0.0126912513857947,0.00765338052693994,0,1.34582734946216,2.0086619582851
"p3","floored_ll",78,0.0114227536859671,0.00927070501676526,0.0084481908043092,0.0251383019405082,0,0.811599835874455,0.368788036626544
"p3","floored_ll",79,0.0114227536859671,0.0113728551689093,0.0120937387614096,0.0119382428686175,0,0.995631656041121,0.952640626771424
"p3","floored_ll",80,0.0114227536859671,0.0134601486054415,0.0120361729932494,0.0105600858373914,0,1.17836285150552,1.27462492376544
"p3","floored_ll",81,0.0114227536859671,0.0140193681615038,0.0104402839238301,0.00545635235004423,0,1.22731948415614,2.56936635724967
"p3","floored_ll",82,0.0114227536859671,0.0132892990801093,0.0100508625312058,0.00361699829740899,0,1.16340590416785,3.67412367587481
"p3","floored_ll",83,0.0114227536859671,0.0143104870392655,0.0129209807612451,0.00698268466149955,0,1.25280535960833,2.04942478903125
"p3","floored_ll",84,0.0114227536859671,0.0170328223178139,0.0100650321943509,0.00540488711754317,0,1.49113101674763,3.15137429281896
"p3","floored_ll",85,0.0114227536859671,0.0130087802940237,0.0138889471408577,0.00903863627240939,0,1.13884800912805,1.43924148532598
"p3","floored_ll",86,0.0114227536859671,0.0117367815791627,0.00898256146646166,0.00715841034992968,0,1.02749143523784,1.63957932074654
"p3","floored_ll",87,0.0114227536859671,0.0174584600095243,0.0121331218962073,0.0052193333858565,0,1.52839328322137,3.3449597331402
"p3","floored_ll",88,0.0114227536859671,0.0137649256713221,0.00840094034358409,0.00333001385241974,0,1.20504442709224,4.13359411742983
"p3","floored_ll",89,0.0114227536859671,0.0138442030208515,0.00970037404217335,0.00385540665686096,0,1.21198472815352,3.59085415703548
"p3","floored_ll",90,0.0114227536859671,0.0174752986792184,0.0150361460745914,0.00422693340993051,0,1.52986741723117,4.13427347546165
"p3","floored_ll",91,0.0114227536859671,0.0157778355433402,0.0151129944602911,0.00617185170772882,0,1.38126374577465,2.55641844465934
"p3","floored_ll",92,0.0114227536859671,0.016188561649571,0.0166615579715977,0.01085353778936,0,1.41722058398744,1.49154699267193
"p3","floored_ll",93,0.0114227536859671,0.0129853750730225,0.0129210572253645,0.00900902305476394,0,1.13679900924197,1.44137438588926
"p3","floored_ll",94,0.0114227536859671,0.0148872932422105,0.00752806019185855,0.0090937808519462,0,1.30330160760619,1.63708511174694
"p3","floored_ll",95,0.0114227536859671,0.011904201103228,0.0107371574621825,0.0068678172790267,0,1.04214810460741,1.73333107442763
"p3","floored_ll",96,0.0114227536859671,0.0129102681355152,0.0118548111156932,0.00756179667524799,0,1.13022380508611,1.70730167577427
"p3","floored_ll",97,0.0114227536859671,0.013844111310281,0.00808489054380784,0.00567623715602077,0,1.21197669939154,2.43895928407372
"p3","floored_ll",98,0.0114227536859671,0.0129840152212674,0.0113593767282482,0.00555354175191243,0,1.13667996161191,2.33797021815784
"p3","floored_ll",99,0.0114227536859671,0.0143611587504782,0.0124870031172301,0.00959859055196233,0,1.25724139251299,1.49617370099636
"p3","floored_ll",100,0.0114227536859671,0.013207836311873,0.00897138828737833,0.00748046008909184,0,1.15627428157702,1.76564491415881
"p3","floored",1,0.0114227536859671,0.0120925414216067,0.0152188885581794,0.0113343277932349,0,1.05863627580996,1.06689533267463
"p3","floored",2,0.0114227536859671,0.0121072298925444,0.0110608741834965,0.0119792432621072,0,1.05992217160545,1.01068403300917
"p3","floored",3,0.0114227536859671,0.0135356014050856,0.0123470757891457,0.0129213008309533,0,1.18496833401162,1.04754169740099
"p3","floored",4,0.0114227536859671,0.0132763031256896,0.012558981246719,0.0125755518589805,0,1.16226817899432,1.05572330141589
"p3","floored",5,0.0114227536859671,0.0121664435609075,0.00758998969930973,0.0115660372377762,0,1.06510600643118,1.05191115252252
"p3","floored",6,0.0114227536859671,0.0121791708472648,0.0120199992395093,0.0115433766341429,0,1.06622021117613,1.05507870298899
"p3","floored",7,0.0114227536859671,0.0127957711324893,0.00694634477198872,0.0121859032625603,0,1.12020021478787,1.0500469974846
"p3","floored",8,0.0114227536859671,0.0104337774432134,0.00974058622379027,0.0100896051064503,0,0.913420505252714,1.03411157653168
"p3","floored",9,0.0114227536859671,0.0125061897143819,0.0167643866362806,0.01194830292682,0,1.09484893557197,1.04669171772584
"p3","floored",10,0.0114227536859671,0.0110934817768185,0.0124289697099472,0.0106696737846112,0,0.971174034020084,1.03972080128809
"p3","floored",11,0.0114227536859671,0.0112418262560191,0.0146128276293701,0.0109766194997378,0,0.984160786888863,1.02416105944891
"p3","floored",12,0.0114227536859671,0.0103568705693501,0.0120419122504732,0.00981232231847532,0,0.90668772645194,1.05549636805646
"p3","floored",13,0.0114227536859671,0.0117062652570731,0.0135371870781682,0.0110675622948419,0,1.02481989710189,1.05770945265235
"p3","floored",14,0.0114227536859671,0.0115723731120386,0.00957479100900617,0.0109988142594623,0,1.0130983675377,1.0521473350714
"p3","floored",15,0.0114227536859671,0.00957788116407216,0.00822071363365995,0.00892871892469052,0,0.838491438000505,1.07270496975625
"p3","floored",16,0.0114227536859671,0.0102394164115399,0.00913916865084808,0.00966668822539665,0,0.896405253325126,1.05924761125931
"p3","floored",17,0.0114227536859671,0.0103804763374289,0.0104964457272603,0.00997208102149672,0,0.908754283144641,1.04095387061655
"p3","floored",18,0.0114227536859671,0.0112417174330054,0.0135332866727239,0.0107912487265227,0,0.984151260025492,1.04174389061903
"p3","floored",19,0.0114227536859671,0.0108091977969458,0.0131849146303224,0.0101809869880241,0,0.946286516728879,1.0617043131143
"p3","floored",20,0.0114227536859671,0.0115937597042386,0.00764087037649361,0.0110391435844422,0,1.01497064744393,1.05024086475132
"p3","floored",21,0.0114227536859671,0.00891710065390168,0.00689267575625192,0.00847650848269413,0,0.780643695824094,1.05197802516296
"p3","floored",22,0.0114227536859671,0.0125006991188459,0.0119521526537117,0.0118704595797167,0,1.0943682637754,1.05309310350596
"p3","floored",23,0.0114227536859671,0.0133943962537046,0.0178963430377446,0.0123758447997008,0,1.17260659048962,1.08230156975049
"p3","floored",24,0.0114227536859671,0.0105222512928097,0.0127770520843487,0.00987818500531418,0,0.921165909909819,1.06520087315119
"p3","floored",25,0.0114227536859671,0.0116829326970251,0.011080274802169,0.0111035576600583,0,1.02277725828735,1.05217922531721
"p3","floored",26,0.0114227536859671,0.0107430897542514,0.00721805493567773,0.0101466151181886,0,0.940499116902893,1.05878557815734
"p3","floored",27,0.0114227536859671,0.013204069989882,0.0101599889101325,0.0124374213710349,0,1.15594456055752,1.06164047964416
"p3","floored",28,0.0114227536859671,0.0110720629566479,0.00864444662440851,0.0104753957946027,0,0.969298932730202,1.0569589134143
"p3","floored",29,0.0114227536859671,0.0131888032814144,0.0131766563029942,0.0123651200074714,0,1.15460804320913,1.06661344762083
"p3","floored",30,0.0114227536859671,0.0111194944579873,0.00725740098032569,0.0103628880281491,0,0.973451302871704,1.07301115555654
"p3","floored",31,0.0114227536859671,0.0114173164035825,0.0076504143171328,0.0105890334050375,0,0.999523995480062,1.0782208315776
"p3","floored",32,0.0114227536859671,0.0107709350754122,0.011149473669918,0.0100692269891199,0,0.942936823425009,1.06968837697775
"p3","floored",33,0.0114227536859671,0.0108785954290438,0.0103124902456763,0.0104029744916505,0,0.952361902227496,1.04571970620279
"p3","floored",34,0.0114227536859671,0.0112965698772182,0.0121997056706854,0.0107121678112543,0,0.988953293381087,1.05455497675735
"p3","floored",35,0.0114227536859671,0.01063197820287,0.00915605973635153,0.0102113968418245,0,0.930771904495444,1.0411874464934
"p3","floored",36,0.0114227536859671,0.0127024801014045,0.00677288350352909,0.0122365241995085,0,1.11203309207389,1.03807910598621
"p3","floored",37,0.0114227536859671,0.0133860365614476,0.0174461948476149,0.0129196118607481,0,1.1718747448693,1.03610206759513
"p3","floored",38,0.0114227536859671,0.0124192774593044,0.0101609241952946,0.0119982543934783,0,1.08724024002737,1.03509035998227
"p3","floored",39,0.0114227536859671,0.0138049959557398,0.011570167652344,0.0133936686096062,0,1.2085523627021,1.03071058110535
"p3","floored",40,0.0114227536859671,0.0130675069286481,0.00727885367492294,0.0125812068583355,0,1.14398920679709,1.03865289521016
"p3","floored",41,0.0114227536859671,0.0107054124289144,0.00795000769393551,0.0100791076069528,0,0.937200671854285,1.06213891610102
"p3","floored",42,0.0114227536859671,0.0132255548594673,0.00658881344923064,0.0125070320382607,0,1.15782544411466,1.05744950672618
"p3","floored",43,0.0114227536859671,0.0110859432297718,0.0104391218136691,0.0108111714943571,0,0.970514075199828,1.02541553758149
"p3","floored",44,0.0114227536859671,0.010364020504497,0.0117333789788359,0.0100638692802755,0,0.907313664412568,1.02982463462734
"p3","floored",45,0.0114227536859671,0.0120962777760462,0.0136957570454286,0.0117906740896823,0,1.05896337333322,1.02591910216832
"p3","floored",46,0.0114227536859671,0.00958744601728257,0.00924519267425034,0.00920467208719061,0,0.839328788911972,1.04158474375471
"p3","floored",47,0.0114227536859671,0.011471510512427,0.0147657427913513,0.0109482402287422,0,1.00426839515237,1.04779492162686
"p3","floored",48,0.0114227536859671,0.0114252692230462,0.00920403595342474,0.0108660582266391,0,1.00022022159876,1.0514640161817
"p3","floored",49,0.0114227536859671,0.0116377556147505,0.0149333979893219,0.0111366016453154,0,1.01882225028169,1.04500061916518
"p3","floored",50,0.0114227536859671,0.011633732023161,0.015526455802629,0.0109599657903543,0,1.01847000670714,1.06147521312518
"p3","floored",51,0.0114227536859671,0.0122468366541419,0.00983912578828531,0.0117443250426809,0,1.07214398478951,1.04278761100657
"p3","floored",52,0.0114227536859671,0.0124448736319083,0.0144476091162311,0.0117490625678535,0,1.08948104581795,1.05922268777074
"p3","floored",53,0.0114227536859671,0.0121375496131008,0.0107684270543324,0.0115128306812871,0,1.06257649834574,1.05426284370091
"p3","floored",54,0.0114227536859671,0.0114162668111395,0.0137445439547381,0.0109947869491165,0,0.999432109366445,1.03833451834706
"p3","floored",55,0.0114227536859671,0.0109039429854757,0.00898366923441488,0.0104358664098805,0,0.954580943023507,1.04485267990323
"p3","floored",56,0.0114227536859671,0.010994652005225,0.0125544858434179,0.0106545336750053,0,0.96252202467886,1.03192240417032
"p3","floored",57,0.0114227536859671,0.0115971626905672,0.00726443756285972,0.0108929692293935,0,1.01526856040101,1.06464660335894
"p3","floored",58,0.0114227536859671,0.0101857730168805,0.0104929370727711,0.00963040436003238,0,0.891709065686475,1.05766825940902
"p3","floored",59,0.0114227536859671,0.0137445537687025,0.0127991359834818,0.0128969026067204,0,1.20326097774372,1.06572517354209
"p3","floored",60,0.0114227536859671,0.0117143085622969,0.00890785095278377,0.0111398194059572,0,1.02552404475709,1.05157077825091
"p3","floored",61,0.0114227536859671,0.0110722272843271,0.0118492113347181,0.0105121038174086,0,0.969313318725356,1.05328366962957
"p3","floored",62,0.0114227536859671,0.0116464699837153,0.00657465288568907,0.011155849545977,0,1.01958514592003,1.0439787607135
"p3","floored",63,0.0114227536859671,0.0128477245342725,0.00950399304255394,0.0123731146983256,0,1.1247484527357,1.03835815374856
"p3","floored",64,0.0114227536859671,0.0115917881118636,0.01339972113218,0.011035801705554,0,1.01479804524755,1.05038024614286
"p3","floored",65,0.0114227536859671,0.0128313182316327,0.0149322013190698,0.0123369296680635,0,1.12331217011148,1.04007387387876
"p3","floored",66,0.0114227536859671,0.0132398650842633,0.0141927509003743,0.0127008048788701,0,1.15907822651629,1.04244299558448
"p3","floored",67,0.0114227536859671,0.0116721288183138,0.0155082185665288,0.0113849213480307,0,1.02183143742765,1.02522700522063
"p3","floored",68,0.0114227536859671,0.0122848365506191,0.00949040828572433,0.0117979834621659,0,1.07547066918821,1.04126578834548
"p3","floored",69,0.0114227536859671,0.00997829329331971,0.0105681580901198,0.00930156573883914,0,0.873545343587165,1.07275415488974
"p3","floored",70,0.0114227536859671,0.0106253128737331,0.0106990308508804,0.00989803850003993,0,0.930188391157057,1.07347661596692
"p3","floored",71,0.0114227536859671,0.0127564431304534,0.0150313525710701,0.0123231668358439,0,1.11675726196606,1.03515949271653
"p3","floored",72,0.0114227536859671,0.0129056046214374,0.0149139563912308,0.0121456591325062,0,1.12981553977584,1.06256930814873
"p3","floored",73,0.0114227536859671,0.0122802320162334,0.00897508465617484,0.0115543453523513,0,1.07506756722941,1.06282369461412
"p3","floored",74,0.0114227536859671,0.0120869725765678,0.00671558364762507,0.0115382325879718,0,1.05814875369472,1.04755840935016
"p3","floored",75,0.0114227536859671,0.0111875704461401,0.0119422320492295,0.0106442703870562,0,0.979410985626346,1.05104154999149
"p3","floored",76,0.0114227536859671,0.0107623161942708,0.0129035288211661,0.0102608372756835,0,0.942182287226618,1.04887309925241
"p3","floored",77,0.0114227536859671,0.0130352759151013,0.0126912513857947,0.0124249079818245,0,1.14116755674379,1.04912454355151
"p3","floored",78,0.0114227536859671,0.0115750067253328,0.0084481908043092,0.0111416020970153,0,1.01332892606733,1.03889966851657
"p3","floored",79,0.0114227536859671,0.0112585295363635,0.0120937387614096,0.010749309684104,0,0.985623068296975,1.04737233061697
"p3","floored",80,0.0114227536859671,0.0123279364192206,0.0120361729932494,0.0116841066672454,0,1.07924382842689,1.05510303614226
"p3","floored",81,0.0114227536859671,0.0115772238126361,0.0104402839238301,0.0108515256337975,0,1.01352302001038,1.06687522135859
"p3","floored",82,0.0114227536859671,0.0105775961570336,0.0100508625312058,0.00994268517567278,0,0.926011051960982,1.06385709394825
"p3","floored",83,0.0114227536859671,0.0120695506151357,0.0129209807612451,0.0115429595345448,0,1.05662355566357,1.04562010973138
"p3","floored",84,0.0114227536859671,0.013375012652249,0.0100650321943509,0.0128765310289775,0,1.17090966153636,1.03871241580125
"p3","floored",85,0.0114227536859671,0.0113280628596495,0.0138889471408577,0.011025964677634,0,0.991710332821585,1.02739879827733
"p3","floored",86,0.0114227536859671,0.0105947238907625,0.00898256146646166,0.00998044025240145,0,0.927510491955907,1.06154875164082
"p3","floored",87,0.0114227536859671,0.012286303433597,0.0121331218962073,0.0114253996432947,0,1.07559908682008,1.07534999362648
"p3","floored",88,0.0114227536859671,0.01039639407802,0.00840094034358409,0.0100472297366891,0,0.910147794816932,1.03475229993556
"p3","floored",89,0.0114227536859671,0.0104018519092384,0.00970037404217335,0.0101418014397506,0,0.910625598275583,1.02564144753107
"p3","floored",90,0.0114227536859671,0.0124716011407715,0.0150361460745914,0.0120482509985766,0,1.09182089394897,1.0351378919849
"p3","floored",91,0.0114227536859671,0.0127075785349652,0.0151129944602911,0.0121177812934566,0,1.11247943222101,1.04867204872125
"p3","floored",92,0.0114227536859671,0.0139727092186703,0.0166615579715977,0.0133302947465204,0,1.22323474731279,1.04819206809493
"p3","floored",93,0.0114227536859671,0.0108428149458942,0.0129210572253645,0.0102924866856941,0,0.949229515402634,1.05346893097905
"p3","floored",94,0.0114227536859671,0.0119802212939643,0.00752806019185855,0.0114223661852789,0,1.04880325911974,1.04883883948707
"p3","floored",95,0.0114227536859671,0.00929233230986053,0.0107371574621825,0.0088302041271902,0,0.813493187835799,1.05233493767685
"p3","floored",96,0.0114227536859671,0.0106212830788474,0.0118548111156932,0.0101348365190302,0,0.929835604517643,1.0479974747401
"p3","floored",97,0.0114227536859671,0.0110452834786144,0.00808489054380784,0.0107525018783871,0,0.966954534980784,1.02722916057479
"p3","floored",98,0.0114227536859671,0.0108804785947684,0.0113593767282482,0.0103512826617596,0,0.952526763151257,1.05112370614357
"p3","floored",99,0.0114227536859671,0.0120328466202685,0.0124870031172301,0.011546246891855,0,1.05341032040731,1.04214354092469
"p3","floored",100,0.0114227536859671,0.0114651208970512,0.00897138828737833,0.0108438420562969,0,1.0037090190552,1.05729323956665
"p3","gamma_ll",1,0.0114227536859671,0.0168588806543328,0.0152188885581794,0.000509392862694286,0,1.47590336952148,33.096028407549
"p3","gamma_ll",2,0.0114227536859671,0.0162420221068982,0.0110608741834965,0.000344534594867897,0,1.42190075645696,47.1419194148726
"p3","gamma_ll",3,0.0114227536859671,0.0165757718540418,0.0123470757891457,0.000648706059914346,0,1.45111873281528,25.5520533540729
"p3","gamma_ll",4,0.0114227536859671,0.0195675545292231,0.012558981246719,0.000414738928678334,0,1.71303304502328,47.1804144153526
"p3","gamma_ll",5,0.0114227536859671,0.0180790857859533,0.00758998969930973,0.000437894611436374,0,1.58272569670862,41.2863856137681
"p3","gamma_ll",6,0.0114227536859671,0.0165287333150758,0.0120199992395093,0.000903389467610575,0,1.44700076439374,18.2963537961026
"p3","gamma_ll",7,0.0114227536859671,0.0161805820334777,0.00694634477198872,0.0008965184736003,0,1.41652201196946,18.0482416257399
"p3","gamma_ll",8,0.0114227536859671,0.01547250482654,0.00974058622379027,0.000572362480129796,0,1.35453370105914,27.0327028127896
"p3","gamma_ll",9,0.0114227536859671,0.0162695772650287,0.0167643866362806,0.000621070571889552,0,1.42431306078287,26.1960202292791
"p3","gamma_ll",10,0.0114227536859671,0.0148840496184408,0.0124289697099472,0.000449850068731318,0,1.30301764597497,33.0866896617741
"p3","gamma_ll",11,0.0114227536859671,0.0184699938027168,0.0146128276293701,0.000347376024579482,0,1.61694756890426,53.1700304448925
"p3","gamma_ll",12,0.0114227536859671,0.0115323196156187,0.0120419122504732,0.000725034083395655,0,1.0095919016258,15.905899984188
"p3","gamma_ll",13,0.0114227536859671,0.0158602102981292,0.0135371870781682,0.000557142329146617,0,1.38847520783132,28.4670711026795
"p3","gamma_ll",14,0.0114227536859671,0.0135338916721781,0.00957479100900617,0.0010453815361699,0,1.18481865618835,12.9463657085087
"p3","gamma_ll",15,0.0114227536859671,0.0124098994773282,0.00822071363365995,0.000994929324820086,0,1.08641924867677,12.473146752984
"p3","gamma_ll",16,0.0114227536859671,0.00996519795399071,0.00913916865084808,0.00150270061446062,0,0.872398917804991,6.63152583960817
"p3","gamma_ll",17,0.0114227536859671,0.014517620110827,0.0104964457272603,0.000326718560182685,0,1.27093873420924,44.4346354327389
"p3","gamma_ll",18,0.0114227536859671,0.0152311504791582,0.0135332866727239,0.000617729980499608,0,1.33340443976041,24.6566476615552
"p3","gamma_ll",19,0.0114227536859671,0.0124758270709848,0.0131849146303224,0.00108068702003869,0,1.09219085117027,11.5443480301431
"p3","gamma_ll",20,0.0114227536859671,0.0162237955870392,0.00764087037649361,0.00036000832815648,0,1.42030512370849,45.0650563283286
"p3","gamma_ll",21,0.0114227536859671,0.00937825764871465,0.00689267575625192,0.00168989499824755,0,0.821015484229152,5.54960968488579
"p3","gamma_ll",22,0.0114227536859671,0.0163768129700509,0.0119521526537117,0.000427002208346862,0,1.43370096390766,38.3529936143741
"p3","gamma_ll",23,0.0114227536859671,0.0125629724075758,0.0178963430377446,0.00258434723790161,0,1.09981995173453,4.86117818199093
"p3","gamma_ll",24,0.0114227536859671,0.0147239578919471,0.0127770520843487,0.000436115019873303,0,1.28900248545458,33.7616390653653
"p3","gamma_ll",25,0.0114227536859671,0.0128733389005093,0.011080274802169,0.00115656749829282,0,1.12699085127995,11.1306421108248
"p3","gamma_ll",26,0.0114227536859671,0.0131257458830796,0.00721805493567773,0.00100187240745221,0,1.1490877107159,13.1012150703489
"p3","gamma_ll",27,0.0114227536859671,0.0162249116257676,0.0101599889101325,0.00104462450847149,0,1.42040282683324,15.5318121432056
"p3","gamma_ll",28,0.0114227536859671,0.0138123635182164,0.00864444662440851,0.000988777106299246,0,1.20919735275259,13.9691376653255
"p3","gamma_ll",29,0.0114227536859671,0.0185122375827786,0.0131766563029942,0.000586995047786524,0,1.62064578224433,31.5372977209699
"p3","gamma_ll",30,0.0114227536859671,0.0113249615049317,0.00725740098032569,0.00101436049069615,0,0.991438826072594,11.1646319122302
"p3","gamma_ll",31,0.0114227536859671,0.0159881071267579,0.0076504143171328,0.000674579155590541,0,1.39967188003006,23.7008614841672
"p3","gamma_ll",32,0.0114227536859671,0.0114774362972815,0.011149473669918,0.00169421578797914,0,1.00478716540842,6.77448314359755
"p3","gamma_ll",33,0.0114227536859671,0.0126672596625568,0.0103124902456763,0.000948961254941754,0,1.10894973408369,13.3485530590332
"p3","gamma_ll",34,0.0114227536859671,0.0126957492859725,0.0121997056706854,0.00177552355984363,0,1.1114438457663,7.15042569589484
"p3","gamma_ll",35,0.0114227536859671,0.01345726146508,0.00915605973635153,0.00102424276476688,0,1.17811009805913,13.1387420326498
"p3","gamma_ll",36,0.0114227536859671,0.0140420435554823,0.00677288350352909,0.00131484326932381,0,1.22930459165315,10.6796329897964
"p3","gamma_ll",37,0.0114227536859671,0.0173890011244984,0.0174461948476149,0.00057774600072329,0,1.52231253536184,30.0980034526052
"p3","gamma_ll",38,0.0114227536859671,0.0177987031085149,0.0101609241952946,0.000476825696536096,0,1.55817971724109,37.3274830568354
"p3","gamma_ll",39,0.0114227536859671,0.0179674415142393,0.011570167652344,0.000946978928166173,0,1.5729518475315,18.9734332832867
"p3","gamma_ll",40,0.0114227536859671,0.0180386006473958,0.00727885367492294,0.000784358295028802,0,1.57918144287365,22.9979089425368
"p3","gamma_ll",41,0.0114227536859671,0.0107903336853976,0.00795000769393551,0.000985782186677456,0,0.944635066293471,10.9459613200823
"p3","gamma_ll",42,0.0114227536859671,0.016154947640474,0.00658881344923064,0.000566060276022108,0,1.41427786019061,28.5392710366468
"p3","gamma_ll",43,0.0114227536859671,0.0132948325468073,0.0104391218136691,0.000727381177679527,0,1.16389032910164,18.2776691984526
"p3","gamma_ll",44,0.0114227536859671,0.0117222792711783,0.0117333789788359,0.00120309125155518,0,1.02622183699708,9.74346647108063
"p3","gamma_ll",45,0.0114227536859671,0.014458822219207,0.0136957570454286,0.000748950574666117,0,1.26579129837753,19.3054424527984
"p3","gamma_ll",46,0.0114227536859671,0.0144177340147912,0.00924519267425034,0.000451202442167601,0,1.26219424940445,31.9540247732873
"p3","gamma_ll",47,0.0114227536859671,0.0155467305367074,0.0147657427913513,0.000989515189079591,0,1.36103175855106,15.7114622476573
"p3","gamma_ll",48,0.0114227536859671,0.0118851551561593,0.00920403595342474,0.00117862607256239,0,1.04048073546051,10.083906535616
"p3","gamma_ll",49,0.0114227536859671,0.0120577082634864,0.0149333979893219,0.00279048153086333,0,1.05558682214249,4.32101346313372
"p3","gamma_ll",50,0.0114227536859671,0.0136847118286825,0.015526455802629,0.000763634013296471,0,1.19802214114922,17.9205111223478
"p3","gamma_ll",51,0.0114227536859671,0.0161504089868273,0.00983912578828531,0.000456274931946669,0,1.41388052573244,35.3962224440484
"p3","gamma_ll",52,0.0114227536859671,0.0141710673995309,0.0144476091162311,0.000944476641849561,0,1.24059992792632,15.0041480875375
"p3","gamma_ll",53,0.0114227536859671,0.0143691485740609,0.0107684270543324,0.000840978299983276,0,1.25794085814118,17.0862298995665
"p3","gamma_ll",54,0.0114227536859671,0.0130352592622897,0.0137445439547381,0.000436709704601059,0,1.14116609888065,29.8487968665538
"p3","gamma_ll",55,0.0114227536859671,0.0149357227961275,0.00898366923441488,0.000580712886417432,0,1.30754135182623,25.7196338250212
"p3","gamma_ll",56,0.0114227536859671,0.0144484238471746,0.0125544858434179,0.000832011534152566,0,1.26488097742355,17.3656533041826
"p3","gamma_ll",57,0.0114227536859671,0.0142836904990912,0.00726443756285972,0.000349564176324905,0,1.25045946816123,40.8614253590308
"p3","gamma_ll",58,0.0114227536859671,0.0144657483268862,0.0104929370727711,0.00043302307519653,0,1.2663976414599,33.4064144741497
"p3","gamma_ll",59,0.0114227536859671,0.0154940481373388,0.0127991359834818,0.000861223501848782,0,1.35641970082689,17.9907400391163
"p3","gamma_ll",60,0.0114227536859671,0.0125510882938667,0.00890785095278377,0.000760472791900235,0,1.0987795621721,16.5043226102864
"p3","gamma_ll",61,0.0114227536859671,0.0145888634816464,0.0118492113347181,0.00125239684978903,0,1.27717570410092,11.6487545334404
"p3","gamma_ll",62,0.0114227536859671,0.016403865589408,0.00657465288568907,0.00039346899072035,0,1.43606927369537,41.6903643648672
"p3","gamma_ll",63,0.0114227536859671,0.0130264602704346,0.00950399304255394,0.00112878857069007,0,1.14039579496822,11.5402127632025
"p3","gamma_ll",64,0.0114227536859671,0.0170942552685548,0.01339972113218,0.000358482345090151,0,1.49650913768324,47.6850687423837
"p3","gamma_ll",65,0.0114227536859671,0.0162081558679818,0.0149322013190698,0.000911828853500613,0,1.41893595131037,17.775436482139
"p3","gamma_ll",66,0.0114227536859671,0.0175172177542595,0.0141927509003743,0.00038592368649341,0,1.53353720441152,45.3903669749449
"p3","gamma_ll",67,0.0114227536859671,0.0184217753483338,0.0155082185665288,0.000552693915972462,0,1.61272630530105,33.3308813720534
"p3","gamma_ll",68,0.0114227536859671,0.0148159664563868,0.00949040828572433,0.000994381380442767,0,1.29705733518427,14.8996821016396
"p3","gamma_ll",69,0.0114227536859671,0.0117168049671098,0.0105681580901198,0.000692339628315509,0,1.02574259142994,16.9234931642109
"p3","gamma_ll",70,0.0114227536859671,0.0143869433377414,0.0106990308508804,0.00067613465281697,0,1.25949869298291,21.2782221378556
"p3","gamma_ll",71,0.0114227536859671,0.0139303082899813,0.0150313525710701,0.00134516566198408,0,1.21952277646454,10.355831020422
"p3","gamma_ll",72,0.0114227536859671,0.0166644938633096,0.0149139563912308,0.000607206423650627,0,1.45888586250283,27.4445282761006
"p3","gamma_ll",73,0.0114227536859671,0.0141641664979029,0.00897508465617484,0.00173977243673498,0,1.23999579149672,8.1413903329131
"p3","gamma_ll",74,0.0114227536859671,0.0122797834457373,0.00671558364762507,0.00211088074674675,0,1.07502829732055,5.81737431859315
"p3","gamma_ll",75,0.0114227536859671,0.0125147901831083,0.0119422320492295,0.000893243545151376,0,1.09560185986351,14.010501672293
"p3","gamma_ll",76,0.0114227536859671,0.0140791642390529,0.0129035288211661,0.00060728350360644,0,1.23255430574058,23.1838410815406
"p3","gamma_ll",77,0.0114227536859671,0.016294787826728,0.0126912513857947,0.000709939093041834,0,1.42652010843464,22.9523743465242
"p3","gamma_ll",78,0.0114227536859671,0.0107859344029339,0.0084481908043092,0.00326458455739639,0,0.944249933024854,3.30392250937314
"p3","gamma_ll",79,0.0114227536859671,0.00993365089472901,0.0120937387614096,0.0013519139296355,0,0.869637144231912,7.34784269691435
"p3","gamma_ll",80,0.0114227536859671,0.0128709053191682,0.0120361729932494,0.00161843033655702,0,1.12677780446059,7.95270888616016
"p3","gamma_ll",81,0.0114227536859671,0.0170371564426856,0.0104402839238301,0.000671212945072974,0,1.49151044582321,25.3826398429091
"p3","gamma_ll",82,0.0114227536859671,0.0124177671304359,0.0100508625312058,0.000371339967271483,0,1.0871080189439,33.4404271688787
"p3","gamma_ll",83,0.0114227536859671,0.0134107721209768,0.0129209807612451,0.000593628693608627,0,1.17404020866281,22.5911790743363
"p3","gamma_ll",84,0.0114227536859671,0.0179921085388626,0.0100650321943509,0.000663521776564402,0,1.57511131146651,27.1160784383333
"p3","gamma_ll",85,0.0114227536859671,0.0134995725038641,0.0138889471408577,0.000762819759609943,0,1.18181419953477,17.6969360504857
"p3","gamma_ll",86,0.0114227536859671,0.0131324065485204,0.00898256146646166,0.00100626400564718,0,1.14967081577304,13.0506571583809
"p3","gamma_ll",87,0.0114227536859671,0.0159917765558117,0.0121331218962073,0.000433788589691338,0,1.39999311859956,36.8653692970362
"p3","gamma_ll",88,0.0114227536859671,0.0145722133493238,0.00840094034358409,0.000312454867368933,0,1.27571807551325,46.6378183576754
"p3","gamma_ll",89,0.0114227536859671,0.0113390348766248,0.00970037404217335,0.00121451548029911,0,0.992670873272422,9.3362621230914
"p3","gamma_ll",90,0.0114227536859671,0.0151501530990866,0.0150361460745914,0.001266623500241,0,1.32631355937391,11.9610548013707
"p3","gamma_ll",91,0.0114227536859671,0.0151223833792341,0.0151129944602911,0.000528831529975361,0,1.32388247133543,28.5958429519863
"p3","gamma_ll",92,0.0114227536859671,0.014257921528322,0.0166615579715977,0.00115722323663331,0,1.24820353483048,12.3208047306433
"p3","gamma_ll",93,0.0114227536859671,0.0150941398629576,0.0129210572253645,0.000777864757067232,0,1.32140990499522,19.4045812280618
"p3","gamma_ll",94,0.0114227536859671,0.0151866111657941,0.00752806019185855,0.000749605406832312,0,1.32950526495646,20.2594738876948
"p3","gamma_ll",95,0.0114227536859671,0.0142384045974043,0.0107371574621825,0.000660935293036654,0,1.24649493360749,21.5428117508844
"p3","gamma_ll",96,0.0114227536859671,0.0135300247986848,0.0118548111156932,0.000706621031688202,0,1.18448013243133,19.1474980108645
"p3","gamma_ll",97,0.0114227536859671,0.0145082846227662,0.00808489054380784,0.000549424959992318,0,1.27012146296997,26.406307829497
"p3","gamma_ll",98,0.0114227536859671,0.0143820327147912,0.0113593767282482,0.000675846324783064,0,1.25906879463395,21.2800339180768
"p3","gamma_ll",99,0.0114227536859671,0.0142025748939837,0.0124870031172301,0.000762173243283,0,1.24335823781542,18.6343131553757
"p3","gamma_ll",100,0.0114227536859671,0.0132017949248304,0.00897138828737833,0.000594063125318681,0,1.15574539097773,22.2228823203736
"p3","gamma_pw",1,0.0114227536859671,0.0177822233057048,0.0152188885581794,0.00116060958623199,0,1.55673700007646,15.3214513447509
"p3","gamma_pw",2,0.0114227536859671,0.0192672504479584,0.0110608741834965,0.000529565141030575,0,1.68674305492801,36.3831546964418
"p3","gamma_pw",3,0.0114227536859671,0.0195488217441539,0.0123470757891457,0.00209709225182104,0,1.71139309150732,9.3218701881991
"p3","gamma_pw",4,0.0114227536859671,0.0232025196066101,0.012558981246719,0.000701539392140894,0,2.03125448070498,33.0737231102629
"p3","gamma_pw",5,0.0114227536859671,0.0204880898805474,0.00758998969930973,0.00068901378485293,0,1.79362091171737,29.7353845901944
"p3","gamma_pw",6,0.0114227536859671,0.0191893072770574,0.0120199992395093,0.00415839214529631,0,1.67991955395409,4.61459780765579
"p3","gamma_pw",7,0.0114227536859671,0.0199662891527087,0.00694634477198872,0.00518371652356189,0,1.74794009409809,3.85173245140907
"p3","gamma_pw",8,0.0114227536859671,0.0166795304186621,0.00974058622379027,0.00234811107533104,0,1.46020223119693,7.10338220107865
"p3","gamma_pw",9,0.0114227536859671,0.0197397923565529,0.0167643866362806,0.00250350284145961,0,1.7281115306551,7.88486916397669
"p3","gamma_pw",10,0.0114227536859671,0.0174196569501061,0.0124289697099472,0.00103714011494693,0,1.52499628627256,16.7958568944153
"p3","gamma_pw",11,0.0114227536859671,0.0206960237199419,0.0146128276293701,0.000498347237988234,0,1.81182438918971,41.5293236167801
"p3","gamma_pw",12,0.0114227536859671,0.0121456123228173,0.0120419122504732,0.0071492329165722,0,1.06328234475879,1.69886930032217
"p3","gamma_pw",13,0.0114227536859671,0.0178811652310461,0.0135371870781682,0.00203881203554923,0,1.56539882786873,8.77038438034783
"p3","gamma_pw",14,0.0114227536859671,0.0178907324991197,0.00957479100900617,0.00139346148623419,0,1.56623639018834,12.8390577535582
"p3","gamma_pw",15,0.0114227536859671,0.0136014529598663,0.00822071363365995,0.00716474295424644,0,1.19073327971483,1.89838673162795
"p3","gamma_pw",16,0.0114227536859671,0.010175338664459,0.00913916865084808,0.0328664388044563,0,0.890795594844996,0.309596629102369
"p3","gamma_pw",17,0.0114227536859671,0.0167097113088537,0.0104964457272603,0.000629715708562299,0,1.46284440409335,26.5353255153879
"p3","gamma_pw",18,0.0114227536859671,0.0173283663025114,0.0135332866727239,0.00303040172349673,0,1.51700428626061,5.71817464600584
"p3","gamma_pw",19,0.0114227536859671,0.0123772209126115,0.0131849146303224,0.0217601962458681,0,1.08355841795109,0.568800978298241
"p3","gamma_pw",20,0.0114227536859671,0.01855775464797,0.00764087037649361,0.000607526603407443,0,1.62463055390647,30.5464065999495
"p3","gamma_pw",21,0.0114227536859671,0.0113471498020969,0.00689267575625192,0.00708868967704094,0,0.993381290891078,1.60074009712237
"p3","gamma_pw",22,0.0114227536859671,0.0191951155702619,0.0119521526537117,0.00083002389827344,0,1.68042803845478,23.1259793967261
"p3","gamma_pw",23,0.0114227536859671,0.0164349415144642,0.0178963430377446,0.0160459569172776,0,1.43878980202948,1.02424190711666
"p3","gamma_pw",24,0.0114227536859671,0.0172711855320868,0.0127770520843487,0.000847751755549565,0,1.51199842060015,20.372928064172
"p3","gamma_pw",25,0.0114227536859671,0.0176904765234465,0.011080274802169,0.00112219112923292,0,1.54870506795391,15.7642277350195
"p3","gamma_pw",26,0.0114227536859671,0.0141263726497355,0.00721805493567773,0.00888295321714783,0,1.23668714550763,1.59027885258538
"p3","gamma_pw",27,0.0114227536859671,0.0166916194697618,0.0101599889101325,0.00943461967551774,0,1.46126056191402,1.76918837683257
"p3","gamma_pw",28,0.0114227536859671,0.0129089816041067,0.00864444662440851,0.0177163298346369,0,1.13011117625388,0.728648750875508
"p3","gamma_pw",29,0.0114227536859671,0.0219475239607884,0.0131766563029942,0.00126134028154265,0,1.92138643309371,17.4001609890284
"p3","gamma_pw",30,0.0114227536859671,0.0112820289070908,0.00725740098032569,0.0343491046992547,0,0.987680310479845,0.328451905977497
"p3","gamma_pw",31,0.0114227536859671,0.017558958089838,0.0076504143171328,0.00363911269133005,0,1.53719134392342,4.82506577267341
"p3","gamma_pw",32,0.0114227536859671,0.0133806659336129,0.011149473669918,0.00593274142791816,0,1.17140457559293,2.25539341233489
"p3","gamma_pw",33,0.0114227536859671,0.0131225408982365,0.0103124902456763,0.011297717160439,0,1.14880713171269,1.16152145711236
"p3","gamma_pw",34,0.0114227536859671,0.0169773581482292,0.0121997056706854,0.00532787413927358,0,1.48627543016058,3.18651636739751
"p3","gamma_pw",35,0.0114227536859671,0.0141029318804829,0.00915605973635153,0.00937309231458374,0,1.23463503356536,1.50461890346902
"p3","gamma_pw",36,0.0114227536859671,0.0192522387580811,0.00677288350352909,0.00169232074256533,0,1.68542886307113,11.3762351744843
"p3","gamma_pw",37,0.0114227536859671,0.0198899599131394,0.0174461948476149,0.00184106335323582,0,1.74125788404019,10.8035173684714
"p3","gamma_pw",38,0.0114227536859671,0.0210278331004702,0.0101609241952946,0.00314673939525077,0,1.84087249699719,6.6824196284594
"p3","gamma_pw",39,0.0114227536859671,0.0204581856570456,0.011570167652344,0.0062491988458472,0,1.7910029594859,3.27372934702514
"p3","gamma_pw",40,0.0114227536859671,0.0212982286163626,0.00727885367492294,0.00836956973858175,0,1.86454415475381,2.54472204445383
"p3","gamma_pw",41,0.0114227536859671,0.0137498863526196,0.00795000769393551,0.00591715882416523,0,1.20372781648188,2.3237311624062
"p3","gamma_pw",42,0.0114227536859671,0.0194862617073434,0.00658881344923064,0.00379424021313186,0,1.70591630031227,5.13574803195157
"p3","gamma_pw",43,0.0114227536859671,0.0144427339439559,0.0104391218136691,0.000535898766236099,0,1.26438285732265,26.950489260117
"p3","gamma_pw",44,0.0114227536859671,0.0125969418643713,0.0117333789788359,0.00894463169387469,0,1.10279379304543,1.40832426593906
"p3","gamma_pw",45,0.0114227536859671,0.0150086506203409,0.0136957570454286,0.00805874437387675,0,1.31392578645717,1.86240559621087
"p3","gamma_pw",46,0.0114227536859671,0.0171622025203753,0.00924519267425034,0.000865495191663604,0,1.5024575502717,19.829344733143
"p3","gamma_pw",47,0.0114227536859671,0.0156802715869745,0.0147657427913513,0.00601407233880445,0,1.37272255167663,2.6072635484946
"p3","gamma_pw",48,0.0114227536859671,0.0143601310289799,0.00920403595342474,0.00687098864741679,0,1.25715142108171,2.08996576269686
"p3","gamma_pw",49,0.0114227536859671,0.0184018116188021,0.0149333979893219,0.000772214324509709,0,1.61097858928786,23.8299278253944
"p3","gamma_pw",50,0.0114227536859671,0.0140614926771143,0.015526455802629,0.0130899016557619,0,1.23100725654172,1.0742244706571
"p3","gamma_pw",51,0.0114227536859671,0.0184359388537112,0.00983912578828531,0.00101738783270925,0,1.61396624321505,18.1208564334972
"p3","gamma_pw",52,0.0114227536859671,0.018526941196681,0.0144476091162311,0.00196885049135164,0,1.62193300372408,9.41002949592279
"p3","gamma_pw",53,0.0114227536859671,0.0159056407471404,0.0107684270543324,0.00547488473614055,0,1.39245239671766,2.90520102499051
"p3","gamma_pw",54,0.0114227536859671,0.0160820774484979,0.0137445439547381,0.00195676870783016,0,1.4078984709488,8.2186910410741
"p3","gamma_pw",55,0.0114227536859671,0.0163756121503265,0.00898366923441488,0.00234862175899842,0,1.43359583866752,6.97243482803719
"p3","gamma_pw",56,0.0114227536859671,0.014190601480228,0.0125544858434179,0.00588143642837113,0,1.24231003051927,2.41277817979545
"p3","gamma_pw",57,0.0114227536859671,0.0169536582732426,0.00726443756285972,0.000311593612541001,0,1.4842006349196,54.4095180096537
"p3","gamma_pw",58,0.0114227536859671,0.0127974170087077,0.0104929370727711,0.00458382551556163,0,1.12034430230508,2.79186390608929
"p3","gamma_pw",59,0.0114227536859671,0.0165131249960154,0.0127991359834818,0.0115664482592451,0,1.44563434089468,1.42767465222666
"p3","gamma_pw",60,0.0114227536859671,0.0124803811196588,0.00890785095278377,0.0207955483591416,0,1.09258953337941,0.600146767188877
"p3","gamma_pw",61,0.0114227536859671,0.0160684733333895,0.0118492113347181,0.00345367567487032,0,1.40670750461245,4.65257159214665
"p3","gamma_pw",62,0.0114227536859671,0.0205769434425281,0.00657465288568907,0.0002973194244821,0,1.80139955812992,69.2082042011586
"p3","gamma_pw",63,0.0114227536859671,0.0125546813426379,0.00950399304255394,0.0434753737382331,0,1.099094114063,0.288776846824368
"p3","gamma_pw",64,0.0114227536859671,0.0192536969782714,0.01339972113218,0.000506206505769827,0,1.68555652232304,38.0352618127474
"p3","gamma_pw",65,0.0114227536859671,0.0180054422765405,0.0149322013190698,0.00690237134607879,0,1.57627860772838,2.60858788578063
"p3","gamma_pw",66,0.0114227536859671,0.0212099915917361,0.0141927509003743,0.000415456103137849,0,1.85681948283562,51.0523047598572
"p3","gamma_pw",67,0.0114227536859671,0.0198526074825613,0.0155082185665288,0.00141527516280809,0,1.73798788176185,14.0273835111832
"p3","gamma_pw",68,0.0114227536859671,0.0182583416782188,0.00949040828572433,0.0108025710291746,0,1.59841857578083,1.6901848299732
"p3","gamma_pw",69,0.0114227536859671,0.0135218534069172,0.0105681580901198,0.00821590984624914,0,1.18376477149541,1.64581326474638
"p3","gamma_pw",70,0.0114227536859671,0.0135251477106393,0.0106990308508804,0.00280589978749989,0,1.18405316988101,4.82025330016882
"p3","gamma_pw",71,0.0114227536859671,0.0196806178128658,0.0150313525710701,0.000114318665295052,0,1.7229311209821,172.1557696818
"p3","gamma_pw",72,0.0114227536859671,0.0200118198150721,0.0149139563912308,0.00210265780587545,0,1.75192605611873,9.51739258720707
"p3","gamma_pw",73,0.0114227536859671,0.0144995370120955,0.00897508465617484,0.0334236059746844,0,1.26935565720096,0.433811271682586
"p3","gamma_pw",74,0.0114227536859671,0.0192329580578925,0.00671558364762507,0.000344797711618598,0,1.68374094256451,55.7804109766461
"p3","gamma_pw",75,0.0114227536859671,0.0177639939111408,0.0119422320492295,0.000113256089151627,0,1.55514111566319,156.848025074911
"p3","gamma_pw",76,0.0114227536859671,0.016290820765866,0.0129035288211661,0.00182720455584587,0,1.42617281381803,8.91570717342288
"p3","gamma_pw",77,0.0114227536859671,0.0183456135779617,0.0126912513857947,0.00364385550106236,0,1.60605875626114,5.03467098863088
"p3","gamma_pw",78,0.0114227536859671,0.00953168073050612,0.0084481908043092,0.0630609543534208,0,0.834446841151429,0.151150277191913
"p3","gamma_pw",79,0.0114227536859671,0.0146681533219212,0.0120937387614096,0.00698422188371502,0,1.28411709865906,2.10018432491709
"p3","gamma_pw",80,0.0114227536859671,0.0141151925102645,0.0120361729932494,0.0215852996370049,0,1.23570838506349,0.653926178817828
"p3","gamma_pw",81,0.0114227536859671,0.0196168487511122,0.0104402839238301,0.00193781888535214,0,1.7173484862246,10.1231590317314
"p3","gamma_pw",82,0.0114227536859671,0.0143165877650204,0.0100508625312058,0.000897277073761403,0,1.25333944498938,15.9555929641722
"p3","gamma_pw",83,0.0114227536859671,0.0153160461494484,0.0129209807612451,0.00402024235515311,0,1.34083659426747,3.8097320500632
"p3","gamma_pw",84,0.0114227536859671,0.0170004824725499,0.0100650321943509,0.00527315080076096,0,1.48829983906901,3.223970471335
"p3","gamma_pw",85,0.0114227536859671,0.0138060911841857,0.0138889471408577,0.0117412403394784,0,1.20864824399973,1.17586309325127
"p3","gamma_pw",86,0.0114227536859671,0.013795134747996,0.00898256146646166,0.00808351563302831,0,1.20768906756199,1.70657612037399
"p3","gamma_pw",87,0.0114227536859671,0.0193930495767467,0.0121331218962073,0.000638076390486344,0,1.69775608490719,30.3929903470731
"p3","gamma_pw",88,0.0114227536859671,0.0169181518705866,0.00840094034358409,0.000601008035838511,0,1.48109224235225,28.1496267300034
"p3","gamma_pw",89,0.0114227536859671,0.0178926355143786,0.00970037404217335,0.000390595453953951,0,1.56640298883094,45.8086117829934
"p3","gamma_pw",90,0.0114227536859671,0.0156046631655498,0.0150361460745914,0.0024492621137393,0,1.36610344532949,6.37116912804652
"p3","gamma_pw",91,0.0114227536859671,0.0171266240954536,0.0151129944602911,0.00167862189047634,0,1.49934285254646,10.2027884853769
"p3","gamma_pw",92,0.0114227536859671,0.0191984369651296,0.0166615579715977,0.0092113859758877,0,1.68071880852293,2.08420719915381
"p3","gamma_pw",93,0.0114227536859671,0.0182344904798445,0.0129210572253645,0.00340572604764752,0,1.59633053299973,5.35406847900755
"p3","gamma_pw",94,0.0114227536859671,0.0176140122824434,0.00752806019185855,0.00544804156309047,0,1.54201103925424,3.23309065807706
"p3","gamma_pw",95,0.0114227536859671,0.0124884640872495,0.0107371574621825,0.00436375874368202,0,1.09329715325925,2.86185942459139
"p3","gamma_pw",96,0.0114227536859671,0.0139028111747068,0.0118548111156932,0.00488269646508915,0,1.2171155534752,2.84736339318053
"p3","gamma_pw",97,0.0114227536859671,0.0163744756194043,0.00808489054380784,0.00166374884825501,0,1.43349634156257,9.84191552503754
"p3","gamma_pw",98,0.0114227536859671,0.0152856588429052,0.0113593767282482,0.00261915351938356,0,1.33817635074139,5.8361064862295
"p3","gamma_pw",99,0.0114227536859671,0.0144665546528132,0.0124870031172301,0.0109426479654153,0,1.26646823091225,1.32203418208603
"p3","gamma_pw",100,0.0114227536859671,0.0159978987662248,0.00897138828737833,0.00210837649188752,0,1.40052908484565,7.58778084833548
"p3","gamma",1,0.0114227536859671,0.0260156800502571,0.0152188885581794,0.000237123114882389,0,2.27753138739369,109.713808639705
"p3","gamma",2,0.0114227536859671,0.0206309389879916,0.0110608741834965,0.000212204468464288,0,1.80612657465745,97.2219818804784
"p3","gamma",3,0.0114227536859671,0.0309392745476926,0.0123470757891457,0.000265086092761777,0,2.70856532481319,116.714061553944
"p3","gamma",4,0.0114227536859671,0.0230105800539522,0.012558981246719,0.0002432929566984,0,2.01445121610393,94.5797213623302
"p3","gamma",5,0.0114227536859671,0.0218250118938005,0.00758998969930973,0.000270699771875403,0,1.91066116750925,80.624419232411
"p3","gamma",6,0.0114227536859671,0.0261085729183766,0.0120199992395093,0.000301637358904056,0,2.28566365310416,86.556164704655
"p3","gamma",7,0.0114227536859671,0.0249558173457234,0.00694634477198872,0.000306697695119626,0,2.18474616820125,81.3694323199578
"p3","gamma",8,0.0114227536859671,0.0236337349265414,0.00974058622379027,0.00028622573000175,0,2.06900503821381,82.5702669232317
"p3","gamma",9,0.0114227536859671,0.0269332569724056,0.0167643866362806,0.000282627264638047,0,2.35786025969317,95.2960324153379
"p3","gamma",10,0.0114227536859671,0.022005175383438,0.0124289697099472,0.000235634894642081,0,1.92643350179838,93.3867431513612
"p3","gamma",11,0.0114227536859671,0.0213161299712303,0.0146128276293701,0.000237281264947513,0,1.86611132107464,89.8348631778639
"p3","gamma",12,0.0114227536859671,0.0258486708053591,0.0120419122504732,0.000238972604154202,0,2.26291063573525,108.165833053732
"p3","gamma",13,0.0114227536859671,0.026587740235764,0.0135371870781682,0.00024143404893166,0,2.3276121473605,110.124236218603
"p3","gamma",14,0.0114227536859671,0.0256831241366383,0.00957479100900617,0.00023129857526491,0,2.2484179246717,111.038834144235
"p3","gamma",15,0.0114227536859671,0.0256244572912617,0.00822071363365995,0.000285596678889366,0,2.24328196122634,89.7225324569971
"p3","gamma",16,0.0114227536859671,0.0541216205058861,0.00913916865084808,0.000399105738223262,0,4.73805371224756,135.607222153268
"p3","gamma",17,0.0114227536859671,0.0192712497876052,0.0104964457272603,0.000207548165895172,0,1.68709317537679,92.8519397147491
"p3","gamma",18,0.0114227536859671,0.0247978772649447,0.0135332866727239,0.000252285160244032,0,2.17091937256854,98.2930476012067
"p3","gamma",19,0.0114227536859671,0.0373091745559903,0.0131849146303224,0.000310357802393898,0,3.2662154487166,120.213425498607
"p3","gamma",20,0.0114227536859671,0.0209577286217478,0.00764087037649361,0.000220126944042333,0,1.83473523091848,95.2074663686667
"p3","gamma",21,0.0114227536859671,0.0292959259396969,0.00689267575625192,0.000328947106647486,0,2.56469908614829,89.0596857296322
"p3","gamma",22,0.0114227536859671,0.0225570931186678,0.0119521526537117,0.000224385297797534,0,1.97475089972213,100.528391744371
"p3","gamma",23,0.0114227536859671,0.0375203165349392,0.0178963430377446,0.000290297693309463,0,3.28469978136996,129.247725351168
"p3","gamma",24,0.0114227536859671,0.0206311655976471,0.0127770520843487,0.00022772723120725,0,1.80614641310112,90.5959532739022
"p3","gamma",25,0.0114227536859671,0.0227513868556809,0.011080274802169,0.000212005626244836,0,1.99176026036796,107.315014505353
"p3","gamma",26,0.0114227536859671,0.0303335003100185,0.00721805493567773,0.00029449839014114,0,2.65553308282251,103.000564096398
"p3","gamma",27,0.0114227536859671,0.0351161760800206,0.0101599889101325,0.000328702924581607,0,3.07423035157983,106.83256355178
"p3","gamma",28,0.0114227536859671,0.0295447172110077,0.00864444662440851,0.000265197283399363,0,2.58647940971567,111.40656055106
"p3","gamma",29,0.0114227536859671,0.0250961983727598,0.0131766563029942,0.000246990705331217,0,2.19703576411619,101.60786552314
"p3","gamma",30,0.0114227536859671,0.0431827842046221,0.00725740098032569,0.00024234523866941,0,3.78041804907972,178.187054310272
"p3","gamma",31,0.0114227536859671,0.025345576492127,0.0076504143171328,0.000271803886550302,0,2.21886746304125,93.2494999016005
"p3","gamma",32,0.0114227536859671,0.0229333786062582,0.011149473669918,0.000270807425722001,0,2.00769264896536,84.6851911284023
"p3","gamma",33,0.0114227536859671,0.0329251799523058,0.0103124902456763,0.000286868616726302,0,2.88242054914958,114.774422967708
"p3","gamma",34,0.0114227536859671,0.0288701858402615,0.0121997056706854,0.000271942863368814,0,2.52742785443483,106.16268977468
"p3","gamma",35,0.0114227536859671,0.0319261742929416,0.00915605973635153,0.000291393783140523,0,2.79496303349016,109.563676852863
"p3","gamma",36,0.0114227536859671,0.0340640703720386,0.00677288350352909,0.000293036169194589,0,2.9821242152745,116.245276020581
"p3","gamma",37,0.0114227536859671,0.0277497125940376,0.0174461948476149,0.000258582861889915,0,2.42933651174919,107.314585317922
"p3","gamma",38,0.0114227536859671,0.0221025076057545,0.0101609241952946,0.000242660392910947,0,1.93495440883991,91.0841169447285
"p3","gamma",39,0.0114227536859671,0.0300149845327162,0.011570167652344,0.000317528430054264,0,2.62764875772377,94.5269200858228
"p3","gamma",40,0.0114227536859671,0.0224930995565615,0.00727885367492294,0.000282331115636136,0,1.96914861117896,79.6692192636332
"p3","gamma",41,0.0114227536859671,0.0343588766376856,0.00795000769393551,0.000241225551540555,0,3.00793290149428,142.434648478394
"p3","gamma",42,0.0114227536859671,0.0271126637215502,0.00658881344923064,0.000248358596390267,0,2.3735663454652,109.167405983185
"p3","gamma",43,0.0114227536859671,0.0318452551716391,0.0104391218136691,0.000270157738772097,0,2.78787900423354,117.876523975882
"p3","gamma",44,0.0114227536859671,0.0250411849244469,0.0117333789788359,0.000248440720600375,0,2.19221963572672,100.793399986657
"p3","gamma",45,0.0114227536859671,0.0237105057064744,0.0136957570454286,0.000261382370101945,0,2.07572590273069,90.7119546633033
"p3","gamma",46,0.0114227536859671,0.0192581080197798,0.00924519267425034,0.000232515897013582,0,1.68594268503211,82.8249090368857
"p3","gamma",47,0.0114227536859671,0.0303096034672267,0.0147657427913513,0.000280713355867603,0,2.65344104412075,107.973499777197
"p3","gamma",48,0.0114227536859671,0.0340367239126765,0.00920403595342474,0.00025993464705326,0,2.97973018139143,130.943390188775
"p3","gamma",49,0.0114227536859671,0.021918017534259,0.0149333979893219,0.000268584954222447,0,1.91880330582505,81.6055299810506
"p3","gamma",50,0.0114227536859671,0.0406958908791319,0.015526455802629,0.000258300414708447,0,3.5627040552513,157.552557261926
"p3","gamma",51,0.0114227536859671,0.0245439403228928,0.00983912578828531,0.0002120204020106,0,2.14868857349564,115.762162934045
"p3","gamma",52,0.0114227536859671,0.0299268403360088,0.0144476091162311,0.000235451255642631,0,2.61993221238535,127.104186615305
"p3","gamma",53,0.0114227536859671,0.0313730589357777,0.0107684270543324,0.000294911939548817,0,2.74654079027542,106.381108149691
"p3","gamma",54,0.0114227536859671,0.0233126884142427,0.0137445439547381,0.000204084119114648,0,2.04089916102125,114.230781480583
"p3","gamma",55,0.0114227536859671,0.0247735736705171,0.00898366923441488,0.000244759494277531,0,2.16879172497184,101.215986508072
"p3","gamma",56,0.0114227536859671,0.0321978102693967,0.0125544858434179,0.000260013721453436,0,2.81874328682686,123.831196636146
"p3","gamma",57,0.0114227536859671,0.0189879837905198,0.00726443756285972,0.00021859846866381,0,1.66229477694565,86.8623824612518
"p3","gamma",58,0.0114227536859671,0.0202218554070023,0.0104929370727711,0.000233943527297576,0,1.77031353060207,86.4390463826774
"p3","gamma",59,0.0114227536859671,0.0416202783754338,0.0127991359834818,0.000300630881944905,0,3.64362915630093,138.443123694329
"p3","gamma",60,0.0114227536859671,0.0464053095889847,0.00890785095278377,0.000251657844413896,0,4.06253263133859,184.398422775421
"p3","gamma",61,0.0114227536859671,0.0270300120005183,0.0118492113347181,0.00038480842668037,0,2.36633063651934,70.2427756941248
"p3","gamma",62,0.0114227536859671,0.0217704427989271,0.00657465288568907,0.000238729094353756,0,1.90588393984825,91.1930858610264
"p3","gamma",63,0.0114227536859671,0.0496613765975074,0.00950399304255394,0.00026585360249814,0,4.3475836004865,186.799712815081
"p3","gamma",64,0.0114227536859671,0.0213011797328372,0.01339972113218,0.000245106529722281,0,1.86480250896119,86.9058027828658
"p3","gamma",65,0.0114227536859671,0.0317753347789799,0.0149322013190698,0.000307794853881481,0,2.78175785388911,103.235432231155
"p3","gamma",66,0.0114227536859671,0.0224030940884616,0.0141927509003743,0.000248697824348068,0,1.96126912164654,90.0815845381386
"p3","gamma",67,0.0114227536859671,0.0228989715144257,0.0155082185665288,0.000283848141562818,0,2.00468049508562,80.6733184453771
"p3","gamma",68,0.0114227536859671,0.0291858686460336,0.00949040828572433,0.000279346563490708,0,2.55506416827393,104.479068155798
"p3","gamma",69,0.0114227536859671,0.0282453625354545,0.0105681580901198,0.000231828276088686,0,2.47272797015259,121.837435070471
"p3","gamma",70,0.0114227536859671,0.0244629548796653,0.0106990308508804,0.000254581451289286,0,2.14159873811496,96.0908768324503
"p3","gamma",71,0.0114227536859671,0.0183586521864628,0.0150313525710701,0.000217768080526814,0,1.60720021556767,84.303687400148
"p3","gamma",72,0.0114227536859671,0.0274124401747663,0.0149139563912308,0.000245006385657121,0,2.39981014459258,111.884594767783
"p3","gamma",73,0.0114227536859671,0.0341411978887508,0.00897508465617484,0.000299247569446592,0,2.98887631015745,114.090142659769
"p3","gamma",74,0.0114227536859671,0.0212000448501151,0.00671558364762507,0.000239505864323855,0,1.85594869966945,88.5157651983373
"p3","gamma",75,0.0114227536859671,0.0175170579140165,0.0119422320492295,0.00016954004867487,0,1.53352321126702,103.321062196987
"p3","gamma",76,0.0114227536859671,0.025461410781182,0.0129035288211661,0.00022945833249173,0,2.22900812546289,110.963112582105
"p3","gamma",77,0.0114227536859671,0.0314238780549415,0.0126912513857947,0.000287862514686303,0,2.750989727945,109.162799780255
"p3","gamma",78,0.0114227536859671,0.0423345721243408,0.0084481908043092,0.000330234946785747,0,3.70616169167237,128.195312265988
"p3","gamma",79,0.0114227536859671,0.0267781127454897,0.0120937387614096,0.000279201662888067,0,2.34427822587006,95.9095747084614
"p3","gamma",80,0.0114227536859671,0.039524010144775,0.0120361729932494,0.000284372155600433,0,3.46011226639074,138.986920366105
"p3","gamma",81,0.0114227536859671,0.0235245532981144,0.0104402839238301,0.000275551866455509,0,2.05944678007145,85.372505730832
"p3","gamma",82,0.0114227536859671,0.020195749834381,0.0100508625312058,0.000189937145546002,0,1.76802812960867,106.328595053513
"p3","gamma",83,0.0114227536859671,0.0319184855965584,0.0129209807612451,0.000252262415610235,0,2.79428992991158,126.528898565194
"p3","gamma",84,0.0114227536859671,0.0257541646469191,0.0100650321943509,0.000244042268842013,0,2.25463713522582,105.531573563561
"p3","gamma",85,0.0114227536859671,0.0368817881069518,0.0138889471408577,0.000257521988922227,0,3.22880008804366,143.218015134584
"p3","gamma",86,0.0114227536859671,0.0295717931199268,0.00898256146646166,0.000260380934259792,0,2.58884975837794,113.571268971721
"p3","gamma",87,0.0114227536859671,0.0220503958037332,0.0121331218962073,0.000229668596376916,0,1.93039230381219,96.0096249621594
"p3","gamma",88,0.0114227536859671,0.0194504215188013,0.00840094034358409,0.000182747488679391,0,1.7027786866048,106.433317685283
"p3","gamma",89,0.0114227536859671,0.0184547600411291,0.00970037404217335,0.000209854798623754,0,1.61561393587615,87.9406149497513
"p3","gamma",90,0.0114227536859671,0.0424903471521236,0.0150361460745914,0.000485217430350679,0,3.71979894868284,87.5697048257619
"p3","gamma",91,0.0114227536859671,0.0289717733641415,0.0151129944602911,0.00024541285566299,0,2.53632128999974,118.053201760247
"p3","gamma",92,0.0114227536859671,0.0346353738534617,0.0166615579715977,0.000262933276279981,0,3.03213872991162,131.726856119119
"p3","gamma",93,0.0114227536859671,0.0225356681415267,0.0129210572253645,0.000257915927710465,0,1.97287525942293,87.3760234258392
"p3","gamma",94,0.0114227536859671,0.03094603477355,0.00752806019185855,0.00027316618863599,0,2.70915714584367,113.286475636219
"p3","gamma",95,0.0114227536859671,0.0201900799014539,0.0107371574621825,0.000251996099006479,0,1.76753175779825,80.1206049659317
"p3","gamma",96,0.0114227536859671,0.031259669761975,0.0118548111156932,0.000265717557760832,0,2.73661418440437,117.642469791594
"p3","gamma",97,0.0114227536859671,0.023677032998217,0.00808489054380784,0.000234306895866136,0,2.07279554905436,101.051370727664
"p3","gamma",98,0.0114227536859671,0.0289518306838973,0.0113593767282482,0.000236279664746306,0,2.53457541673727,122.532045722102
"p3","gamma",99,0.0114227536859671,0.0336800611448367,0.0124870031172301,0.000264213476191774,0,2.94850629460851,127.472911791943
"p3","gamma",100,0.0114227536859671,0.025315519168224,0.00897138828737833,0.000249313883994117,0,2.21623610770178,101.540751612619
"p3","measured",1,0.0114227536859671,0.0121312484775614,0.0152188885581794,0.0118018336345566,0.0136310205775755,1.06202486817734,1.0279121747692
"p3","measured",2,0.0114227536859671,0.0121469417310254,0.0110608741834965,0.0117937719354358,0.0168036178724544,1.06339872722178,1.02994544896433
"p3","measured",3,0.0114227536859671,0.0130884440580475,0.0123470757891457,0.0126798195914538,0.0128141213425382,1.14582213867805,1.03222636281585
"p3","measured",4,0.0114227536859671,0.0117277607162575,0.012558981246719,0.0114077758546272,0.00583068729074127,1.02670170772089,1.02804971501089
"p3","measured",5,0.0114227536859671,0.0117965694402433,0.00758998969930973,0.0117098311006033,0.00898649530907085,1.03272553751512,1.00740730919983
"p3","measured",6,0.0114227536859671,0.0104808723586544,0.0120199992395093,0.0101691345474302,0.00478725723199801,0.917543409128239,1.03065529419148
"p3","measured",7,0.0114227536859671,0.0121567698079571,0.00694634477198872,0.0118344171923368,0.0147258643707528,1.06425912193937,1.02723857122673
"p3","measured",8,0.0114227536859671,0.010806484967787,0.00974058622379027,0.0101618649014851,0.00988341344171111,0.946049023280851,1.06343521317703
"p3","measured",9,0.0114227536859671,0.0124102393919858,0.0167643866362806,0.0120636826023713,0.012634597832931,1.08644900635753,1.02872728013802
"p3","measured",10,0.0114227536859671,0.0107755156656106,0.0124289697099472,0.0104989968239781,0.0130291759585049,0.943337829200356,1.02633764408814
"p3","measured",11,0.0114227536859671,0.0102345867573574,0.0146128276293701,0.00996070612468202,0.00789589095463256,0.895982443351695,1.02749610612412
"p3","measured",12,0.0114227536859671,0.00984658974533081,0.0120419122504732,0.009536999168775,0.0127654776273172,0.862015413798807,1.03246205342761
"p3","measured",13,0.0114227536859671,0.0111419268656745,0.0135371870781682,0.0108197912449368,0.00998352781852706,0.975415138239593,1.02977281293559
"p3","measured",14,0.0114227536859671,0.0114736821032755,0.00957479100900617,0.0111532195816977,0.0119204822521366,1.00445850612808,1.02873273669817
"p3","measured",15,0.0114227536859671,0.00908125560189321,0.00822071363365995,0.00879018445692335,0.00750809913413567,0.795014569302106,1.03311320102511
"p3","measured",16,0.0114227536859671,0.0113222353163959,0.00913916865084808,0.0110066830491585,0.0126876762110607,0.991200163083729,1.02866915180787
"p3","measured",17,0.0114227536859671,0.010150475888975,0.0104964457272603,0.00987888284554574,0.00593743003460653,0.88861899398609,1.0274922830522
"p3","measured",18,0.0114227536859671,0.0103253599023027,0.0135332866727239,0.0100328730201815,0.0034909090338806,0.903929138819429,1.02915285397641
"p3","measured",19,0.0114227536859671,0.00999199961724415,0.0131849146303224,0.00971973325474134,0.00993908138308186,0.87474525774983,1.0280117113677
"p3","measured",20,0.0114227536859671,0.010208031584503,0.00764087037649361,0.00993386892062663,0.0104307107058447,0.893657682301557,1.02759878009937
"p3","measured",21,0.0114227536859671,0.0102577704839489,0.00689267575625192,0.0100119188446447,0.00963837092605656,0.89801205260607,1.0245558961393
"p3","measured",22,0.0114227536859671,0.0119911257344342,0.0119521526537117,0.0117532371051943,0.0103495997007602,1.04975788361482,1.02024026462759
"p3","measured",23,0.0114227536859671,0.0130391794670793,0.0178963430377446,0.0126794066221459,0.0115671929304745,1.1415092915028,1.02837458058211
"p3","measured",24,0.0114227536859671,0.0108916795550922,0.0127770520843487,0.010535116073268,0.00567183634266587,0.953507346347899,1.03384523524415
"p3","measured",25,0.0114227536859671,0.0109437472198374,0.011080274802169,0.0106164243024628,0.00997785704147198,0.958065587397002,1.03083174787001
"p3","measured",26,0.0114227536859671,0.0100825505495314,0.00721805493567773,0.00989207064689127,0.00691331258744883,0.882672499707126,1.01925581705181
"p3","measured",27,0.0114227536859671,0.0120711465944067,0.0101599889101325,0.0115701306071388,0.0127718948077278,1.05676327497424,1.04330253514673
"p3","measured",28,0.0114227536859671,0.0105190353930264,0.00864444662440851,0.0102463568307724,0.0154815129670693,0.920884375362921,1.02661224538219
"p3","measured",29,0.0114227536859671,0.0118499894179317,0.0131766563029942,0.0115416403188719,0.00837663535342139,1.03740216621229,1.02671622841648
"p3","measured",30,0.0114227536859671,0.0118415126112329,0.00725740098032569,0.0115387290432701,0.0138724061001891,1.03666006785914,1.02624063420047
"p3","measured",31,0.0114227536859671,0.0108390799903506,0.0076504143171328,0.0103084078457949,0.0149630552195148,0.948902540345101,1.05147954490103
"p3","measured",32,0.0114227536859671,0.011326787035175,0.011149473669918,0.0109616861872755,0.0139828847246501,0.991598641323234,1.03330699690375
"p3","measured",33,0.0114227536859671,0.0115696049132007,0.0103124902456763,0.0112748440807435,0.0111045068795733,1.01285602677522,1.02614322915211
"p3","measured",34,0.0114227536859671,0.0113613992576052,0.0121997056706854,0.0110809266492849,0.0163819395856896,0.994628753271874,1.02531129545365
"p3","measured",35,0.0114227536859671,0.0100820232279291,0.00915605973635153,0.00981421771074656,0.00686244415322023,0.882626335566954,1.02728750523735
"p3","measured",36,0.0114227536859671,0.0132262623217634,0.00677288350352909,0.0129256230399284,0.0180222581575192,1.15788737859347,1.02325917140755
"p3","measured",37,0.0114227536859671,0.0134030419459134,0.0174461948476149,0.0130822953235519,0.00910289408661641,1.17336347385123,1.02451761058964
"p3","measured",38,0.0114227536859671,0.0117650082107187,0.0101609241952946,0.0114346074388074,0.0214214936744266,1.02996252341255,1.02889480672419
"p3","measured",39,0.0114227536859671,0.0133717276319445,0.011570167652344,0.0130088264811866,0.012575458406046,1.17062207586352,1.02789653250297
"p3","measured",40,0.0114227536859671,0.0109154627005493,0.00727885367492294,0.0108628903460302,0.0067485299011846,0.955589431465981,1.00483962857439
"p3","measured",41,0.0114227536859671,0.0106977627992022,0.00795000769393551,0.0103943288559583,0.00772279784331131,0.936530988350417,1.029192259303
"p3","measured",42,0.0114227536859671,0.0130952477368033,0.00658881344923064,0.0127106041534615,0.0153806613693168,1.14641776377361,1.0302616286919
"p3","measured",43,0.0114227536859671,0.0111420955707724,0.0104391218136691,0.0106763176649152,0.0162867720569732,0.975429907453969,1.04362720560365
"p3","measured",44,0.0114227536859671,0.0113389164088126,0.0117333789788359,0.0109998991839704,0.0149611366376381,0.992660502059361,1.03082003018138
"p3","measured",45,0.0114227536859671,0.0127119184682249,0.0136957570454286,0.0122647961113166,0.00555951338046039,1.1128593697894,1.03645575131052
"p3","measured",46,0.0114227536859671,0.0112541367448725,0.00924519267425034,0.0109681494287217,0.00763538484034232,0.985238503277739,1.02607434535874
"p3","measured",47,0.0114227536859671,0.011399305612815,0.0147657427913513,0.0110828560257312,0.00803528419850369,0.99794724864102,1.02855307209162
"p3","measured",48,0.0114227536859671,0.010901681360793,0.00920403595342474,0.0106116367024662,0.0145262631114578,0.954382950074967,1.02733269772225
"p3","measured",49,0.0114227536859671,0.0120292641610845,0.0149333979893219,0.0117446110603237,0.00965211976101556,1.05309669557722,1.02423691166091
"p3","measured",50,0.0114227536859671,0.0114500313125358,0.015526455802629,0.011099422605633,0.00590830079290705,1.00238800794612,1.03158801312104
"p3","measured",51,0.0114227536859671,0.0119626747835553,0.00983912578828531,0.0116248039530067,0.0165351272047462,1.04726715750261,1.02906464762025
"p3","measured",52,0.0114227536859671,0.0115713152863217,0.0144476091162311,0.011061967057702,0.00936411277177905,1.01300576064571,1.04604499597249
"p3","measured",53,0.0114227536859671,0.0122758175727255,0.0107684270543324,0.0119343758578756,0.0168408779374769,1.07468110669377,1.02860993477297
"p3","measured",54,0.0114227536859671,0.0104579943561524,0.0137445439547381,0.0101595659884467,0.00948434522496649,0.915540564356215,1.02937412563145
"p3","measured",55,0.0114227536859671,0.0109823579194504,0.00898366923441488,0.010651408100942,0.00617538342477225,0.961445744290382,1.03107099224554
"p3","measured",56,0.0114227536859671,0.0109501639670599,0.0125544858434179,0.0106376607150102,0.00672134120486305,0.958627338739889,1.02937706516704
"p3","measured",57,0.0114227536859671,0.0119621036316597,0.00726443756285972,0.0112479275668688,0.0160166483315638,1.04721715625849,1.06349401350116
"p3","measured",58,0.0114227536859671,0.00974369626549611,0.0104929370727711,0.00946350428167613,0.0113761731515951,0.853007648888222,1.02960763534101
"p3","measured",59,0.0114227536859671,0.0131851126368457,0.0127991359834818,0.0128738513514386,0.00788613088988212,1.15428494733662,1.02417779084985
"p3","measured",60,0.0114227536859671,0.0123767731257445,0.00890785095278377,0.0121213352946714,0.0103003766464912,1.0835192166447,1.02107340691957
"p3","measured",61,0.0114227536859671,0.0119841727364352,0.0118492113347181,0.0117656898420697,0.00731552824827814,1.0491491864311,1.01856949293227
"p3","measured",62,0.0114227536859671,0.0110006044088221,0.00657465288568907,0.010331527910631,0.00875721681601372,0.963043125261149,1.06476065340758
"p3","measured",63,0.0114227536859671,0.0122338766599705,0.00950399304255394,0.0118968780071814,0.0132315976385501,1.07100940774026,1.02832664608191
"p3","measured",64,0.0114227536859671,0.0107774656723581,0.01339972113218,0.0104791360677352,0.0150946474930293,0.943508541692378,1.02846891219796
"p3","measured",65,0.0114227536859671,0.0119219137187389,0.0149322013190698,0.0111225076540708,0.00846814144945617,1.04369874782339,1.07187282666202
"p3","measured",66,0.0114227536859671,0.0127541690343642,0.0141927509003743,0.0121839005865325,0.0082022055692123,1.11655817721367,1.04680508050617
"p3","measured",67,0.0114227536859671,0.0120658140009922,0.0155082185665288,0.0115812366569864,0.0116852147712235,1.05629643540463,1.04184158897344
"p3","measured",68,0.0114227536859671,0.0114861758459896,0.00949040828572433,0.0106013275450786,0.00438271833089355,1.00555226539642,1.08346580153744
"p3","measured",69,0.0114227536859671,0.0102913655895176,0.0105681580901198,0.0100148675601827,0.0051251297648395,0.900953121501738,1.02760875545016
"p3","measured",70,0.0114227536859671,0.0111968593640715,0.0106990308508804,0.0112568292309618,0.00554005533948276,0.980224179903906,0.994672579137523
"p3","measured",71,0.0114227536859671,0.012349764855115,0.0150313525710701,0.0119591113934745,0.00703113865430704,1.08115478934705,1.0326657599204
"p3","measured",72,0.0114227536859671,0.0115440598584186,0.0149139563912308,0.0112177068365027,0.00529374394489477,1.0106196960721,1.02909266810699
"p3","measured",73,0.0114227536859671,0.0103523755905667,0.00897508465617484,0.0100881565932035,0.0117830055732807,0.906294215490668,1.02619100872614
"p3","measured",74,0.0114227536859671,0.0117347372674976,0.00671558364762507,0.0113711958716111,0.0178042064744263,1.02731246686285,1.0319703749712
"p3","measured",75,0.0114227536859671,0.010365033866092,0.0119422320492295,0.0100755748660631,0.0101661299958967,0.907402378712364,1.02872878261308
"p3","measured",76,0.0114227536859671,0.0109392454082266,0.0129035288211661,0.0106556406904523,0.0111490082444137,0.957671478258828,1.0266154542944
"p3","measured",77,0.0114227536859671,0.0128980183860465,0.0126912513857947,0.0125695136081034,0.0144716511322246,1.12915140610024,1.02613504294481
"p3","measured",78,0.0114227536859671,0.0100107981005234,0.0084481908043092,0.00972038750551139,0.00834006278700581,0.876390962786991,1.02987644215288
"p3","measured",79,0.0114227536859671,0.0114458361815705,0.0120937387614096,0.0109829483377263,0.0108921220571752,1.00202074703157,1.04214604581669
"p3","measured",80,0.0114227536859671,0.0111942185228632,0.0120361729932494,0.0108889210755951,0.00772644789841192,0.979992988609685,1.028037437791
"p3","measured",81,0.0114227536859671,0.012146158828685,0.0104402839238301,0.0115114316098265,0.0141214644142747,1.06333018837713,1.05513886025406
"p3","measured",82,0.0114227536859671,0.0107624895263286,0.0100508625312058,0.0104739602780348,0.0133009805289638,0.942197461506183,1.02754729258415
"p3","measured",83,0.0114227536859671,0.0115074947766758,0.0129209807612451,0.0111477035612441,0.00896797332198394,1.00741862190487,1.03227491774023
"p3","measured",84,0.0114227536859671,0.0118683233174791,0.0100650321943509,0.0116161219112068,0.0128722105325462,1.03900719946884,1.02171132570751
"p3","measured",85,0.0114227536859671,0.0111565251275197,0.0138889471408577,0.01067789309439,0.00750895618386713,0.976693136719341,1.04482457624352
"p3","measured",86,0.0114227536859671,0.0112165068128689,0.00898256146646166,0.01090717903206,0.0153835845064537,0.981944207257872,1.02836001682008
"p3","measured",87,0.0114227536859671,0.0108121671563438,0.0121331218962073,0.0106307949887805,0.0106966056618217,0.946546468005042,1.01706101639197
"p3","measured",88,0.0114227536859671,0.0107024833917797,0.00840094034358409,0.0102535683330701,0.0110016995336616,0.936944250573105,1.04378134948999
"p3","measured",89,0.0114227536859671,0.0107229571221946,0.00970037404217335,0.0104429876257379,0.00620432013134808,0.938736614391659,1.0268093295224
"p3","measured",90,0.0114227536859671,0.0134590745082116,0.0150361460745914,0.0130803045788902,0.0167776547892021,1.17826882013101,1.02895727137216
"p3","measured",91,0.0114227536859671,0.0124195380839723,0.0151129944602911,0.0121190078272711,0.00599862600818572,1.08726305630049,1.02479825584607
"p3","measured",92,0.0114227536859671,0.0125383181783458,0.0166615579715977,0.0121955369776225,0.0126408380137908,1.09766160796666,1.02810710191378
"p3","measured",93,0.0114227536859671,0.0102006408318472,0.0129210572253645,0.00991797783145582,0.00774503821357599,0.893010662076927,1.02850006374232
"p3","measured",94,0.0114227536859671,0.0107203714640801,0.00752806019185855,0.0104273225944657,0.011906577816726,0.938510254077354,1.02810394201958
"p3","measured",95,0.0114227536859671,0.00930882565207989,0.0107371574621825,0.00905486561985081,0.0157497409729133,0.814937090302121,1.02804680299974
"p3","measured",96,0.0114227536859671,0.0101892321693971,0.0118548111156932,0.00967375852762559,0.00976120041765006,0.89201189568804,1.05328576688155
"p3","measured",97,0.0114227536859671,0.0116171266618963,0.00808489054380784,0.0113184471144682,0.0156836967461013,1.01701629758225,1.02638873905646
"p3","measured",98,0.0114227536859671,0.0111192789873996,0.0113593767282482,0.0108136542980117,0.0119105612393555,0.973432439592882,1.02826285000105
"p3","measured",99,0.0114227536859671,0.0110214615564189,0.0124870031172301,0.0106628443243532,0.0117250029981951,0.964869055170015,1.03363241750108
"p3","measured",100,0.0114227536859671,0.0113218631991052,0.00897138828737833,0.0108761045961708,0.00939089547543881,0.99116758623747,1.04098513387701
"p4","beta_ll",1,0.0114227536859671,0.0179666801182691,0.0108543680185844,0.00297408264063947,0,1.57288519145267,6.041083012544
"p4","beta_ll",2,0.0114227536859671,0.0163096211242434,0.010581568254644,0.00425058832026596,0,1.42781868300984,3.83702675850361
"p4","beta_ll",3,0.0114227536859671,0.0279976040796513,0.0130516368463173,0.001779740184742,0,2.45103806396932,15.7312872517457
"p4","beta_ll",4,0.0114227536859671,0.0160842983709532,0.0132642294393199,0.00323166379780871,0,1.40809290063855,4.97709519841125
"p4","beta_ll",5,0.0114227536859671,0.016591029040935,0.0146313600171703,0.00363868889800393,0,1.45245441660159,4.55961735284276
"p4","beta_ll",6,0.0114227536859671,0.0228414630390948,0.00632991693547563,0.00236245819613893,0,1.99964594064175,9.66851522555006
"p4","beta_ll",7,0.0114227536859671,0.0152600854442354,0.0118375053248422,0.00235558765781659,0,1.33593753868495,6.47824987263691
"p4","beta_ll",8,0.0114227536859671,0.0199514066484475,0.00918184534735103,0.00346343312099172,0,1.74663721173974,5.76058666400192
"p4","beta_ll",9,0.0114227536859671,0.0380031284066518,0.0102107437953991,0.00165874714724689,0,3.32696733654851,22.9107422850599
"p4","beta_ll",10,0.0114227536859671,0.0168961937331205,0.0106937984517321,0.00245069462061508,0,1.47916992676446,6.89445090016145
"p4","beta_ll",11,0.0114227536859671,0.0146208128775744,0.0136696162778771,0.00313798382903104,0,1.27997270006234,4.65930153696461
"p4","beta_ll",12,0.0114227536859671,0.0151708041541838,0.00833486003395923,0.00413661950722576,0,1.3281214470046,3.66744007460288
"p4","beta_ll",13,0.0114227536859671,0.0185677706402054,0.0109433296177164,0.00330074672500613,0,1.62550739958754,5.62532426360915
"p4","beta_ll",14,0.0114227536859671,0.02028300789059,0.01507957370819,0.00277121337467002,0,1.77566709816282,7.31917941649122
"p4","beta_ll",15,0.0114227536859671,0.0273008010479148,0.0113841966517512,0.00263614902455321,0,2.39003674582022,10.3563193103402
"p4","beta_ll",16,0.0114227536859671,0.0153985611964206,0.013942088377213,0.00373868042428894,0,1.34806033814226,4.11871554904275
"p4","beta_ll",17,0.0114227536859671,0.014436230404457,0.00956717016809723,0.00319589113823497,0,1.2638135077877,4.5171220733225
"p4","beta_ll",18,0.0114227536859671,0.0177698167278955,0.0141826766888562,0.00323443613783146,0,1.55565087162177,5.49394576694576
"p4","beta_ll",19,0.0114227536859671,0.0320823416621673,0.00783221100039211,0.00225855970470745,0,2.80863463786149,14.2047790878846
"p4","beta_ll",20,0.0114227536859671,0.0167792292415384,0.0112913210932501,0.00324456968743038,0,1.46893032125447,5.17148061468427
"p4","beta_ll",21,0.0114227536859671,0.0154201200040263,0.0147037058486489,0.00283468889664138,0,1.34994769457123,5.43979271316035
"p4","beta_ll",22,0.0114227536859671,0.0138570649925657,0.0105630225566827,0.00469748252062357,0,1.21311072386942,2.94989176260441
"p4","beta_ll",23,0.0114227536859671,0.0443183658050525,0.00813258898120792,0.00139884723959566,0,3.87983204605888,31.6820625945281
"p4","beta_ll",24,0.0114227536859671,0.0138058202847292,0.0139217066845692,0.00329894471748218,0,1.20862452822472,4.18492016903699
"p4","beta_ll",25,0.0114227536859671,0.0225479094378599,0.00999804742770217,0.00198103733500976,0,1.97394691838274,11.3818700129388
"p4","beta_ll",26,0.0114227536859671,0.0183547163968298,0.00970425344307761,0.00319397025715121,0,1.60685565857719,5.7466773072586
"p4","beta_ll",27,0.0114227536859671,0.014252805117155,0.0107666748089749,0.00314800380226655,0,1.24775562084163,4.52756921922806
"p4","beta_ll",28,0.0114227536859671,0.0252832762182935,0.00728163228769258,0.00182016014511521,0,2.21341341268297,13.8906877431344
"p4","beta_ll",29,0.0114227536859671,0.0143363367662468,0.00927693342270997,0.00363956052492026,0,1.25506836270654,3.93902963505764
"p4","beta_ll",30,0.0114227536859671,0.0184310437405094,0.0137560697405536,0.00324642752841965,0,1.61353770266025,5.67733102900392
"p4","beta_ll",31,0.0114227536859671,0.0150638296024217,0.00927636060946711,0.00207460793647842,0,1.31875640642831,7.26104886496872
"p4","beta_ll",32,0.0114227536859671,0.0183462612840409,0.0158636858658167,0.00320140499292084,0,1.60611545940795,5.73069053262846
"p4","beta_ll",33,0.0114227536859671,0.0147023547315866,0.00883397805843397,0.00491498479859636,0,1.287111246183,2.99133269665155
"p4","beta_ll",34,0.0114227536859671,0.0275050871263841,0.0161750110124804,0.00182835449672615,0,2.40792088164994,15.0436292172195
"p4","beta_ll",35,0.0114227536859671,0.0200038251693448,0.0101563293232105,0.00322981434496008,0,1.75122616833798,6.19349071891997
"p4","beta_ll",36,0.0114227536859671,0.0142419293811744,0.0127639576392813,0.00339110504541419,0,1.24680350926858,4.19979009510009
"p4","beta_ll",37,0.0114227536859671,0.0147432378522468,0.0142924196409999,0.00420984036233181,0,1.29069034118794,3.50208952913373
"p4","beta_ll",38,0.0114227536859671,0.0263407538412318,0.00846367007842428,0.00272502065103598,0,2.30598983094518,9.66625843045179
"p4","beta_ll",39,0.0114227536859671,0.026727813465479,0.0148213850004321,0.00247317953549069,0,2.33987479729289,10.8070655938758
"p4","beta_ll",40,0.0114227536859671,0.0191134371871696,0.0104518780889668,0.00300637152598574,0,1.67327753995523,6.35764309965071
"p4","beta_ll",41,0.0114227536859671,0.0187231455452573,0.0105690561596935,0.00284983861723698,0,1.63910962802767,6.5698967766147
"p4","beta_ll",42,0.0114227536859671,0.0443676081477214,0.010388000117105,0.00134888692681503,0,3.88414294551646,32.892014345844
"p4","beta_ll",43,0.0114227536859671,0.0169374589755672,0.0144637084868822,0.00311757339285591,0,1.4827824744549,5.43289823244588
"p4","beta_ll",44,0.0114227536859671,0.0174999607502229,0.0131164804088661,0.00417920670051578,0,1.53202644750378,4.18738818256181
"p4","beta_ll",45,0.0114227536859671,0.0144991091055096,0.00983494760593717,0.00342858359792064,0,1.26931819630513,4.2288918124391
"p4","beta_ll",46,0.0114227536859671,0.0259671310104493,0.0108749581204459,0.00302061804940885,0,2.27328118283334,8.59662843355225
"p4","beta_ll",47,0.0114227536859671,0.0155118507389778,0.0067563753814352,0.00294102533927513,0,1.35797822183928,5.27430026930708
"p4","beta_ll",48,0.0114227536859671,0.0180440858260109,0.0104047332958083,0.0033725342615632,0,1.57966164044823,5.35030467493229
"p4","beta_ll",49,0.0114227536859671,0.0127734320120716,0.0120903522547858,0.00402803204438914,0,1.11824454621338,3.17113465615657
"p4","beta_ll",50,0.0114227536859671,0.0156504169191336,0.00714626711532327,0.0028046503179026,0,1.37010893777392,5.58016691750629
"p4","beta_ll",51,0.0114227536859671,0.0227860351966769,0.0161369047589265,0.00220705399827559,0,1.99479353430071,10.324185640442
"p4","beta_ll",52,0.0114227536859671,0.0149563610972979,0.00608925953930687,0.00347386534661814,0,1.30934812291994,4.30539459793918
"p4","beta_ll",53,0.0114227536859671,0.0165758569864988,0.013249728217001,0.00351099694660136,0,1.45112618569918,4.72112543491221
"p4","beta_ll",54,0.0114227536859671,0.0138443859242112,0.013453966569799,0.00318993714435369,0,1.21200074034854,4.34001840717027
"p4","beta_ll",55,0.0114227536859671,0.0143314130489786,0.0139600355554646,0.00416877641050411,0,1.2546373180212,3.43779844197632
"p4","beta_ll",56,0.0114227536859671,0.0162417657612412,0.0115722450704764,0.0032609089382038,0,1.42187831478799,4.98074802732382
"p4","beta_ll",57,0.0114227536859671,0.0168664885342397,0.0144172521567831,0.00316102491851827,0,1.47656939805681,5.33576576237362
"p4","beta_ll",58,0.0114227536859671,0.0242564217649529,0.00834256358283789,0.00311031969120414,0,2.12351788647531,7.79869086562038
"p4","beta_ll",59,0.0114227536859671,0.0231103892815084,0.0121951473333698,0.00273891359291767,0,2.02318897149113,8.43779421930931
"p4","beta_ll",60,0.0114227536859671,0.0173616199473127,0.0116453528959811,0.00158444314199546,0,1.51991546212201,10.9575531536255
"p4","beta_ll",61,0.0114227536859671,0.0559153701299432,0.0137902118014053,0.000810374800237947,0,4.89508674240566,68.9993940008067
"p4","beta_ll",62,0.0114227536859671,0.0248525911349022,0.00965485078286227,0.00282915494742348,0,2.17570927450126,8.78445740751512
"p4","beta_ll",63,0.0114227536859671,0.0257574411633876,0.0131085570337803,0.00238037529777276,0,2.25492397643404,10.8207479667127
"p4","beta_ll",64,0.0114227536859671,0.0161881801381226,0.0136687774088331,0.00358368264822431,0,1.41718718473373,4.51719131607363
"p4","beta_ll",65,0.0114227536859671,0.017293031548487,0.0158530245103644,0.00310977601371644,0,1.51391092059802,5.56086080547657
"p4","beta_ll",66,0.0114227536859671,0.0210972370103222,0.0129207129100129,0.00248935842934899,0,1.84694843207905,8.47496959923106
"p4","beta_ll",67,0.0114227536859671,0.0166188255553427,0.00658324881615708,0.00312057202835819,0,1.45488785035774,5.32557024940273
"p4","beta_ll",68,0.0114227536859671,0.017531036751882,0.0111101539104546,0.00338241470914826,0,1.53474698254405,5.18299447565272
"p4","beta_ll",69,0.0114227536859671,0.0182753498077196,0.0109096058643254,0.00276877496727111,0,1.59990754507566,6.60051828832144
"p4","beta_ll",70,0.0114227536859671,0.0177948168014995,0.0110862302752489,0.00414666746881509,0,1.55783949218484,4.2913537039864
"p4","beta_ll",71,0.0114227536859671,0.0151437004997335,0.0104617378479289,0.00385963076122348,0,1.32574866937187,3.92361379536033
"p4","beta_ll",72,0.0114227536859671,0.0149987100776576,0.0115325932697268,0.00442903860759105,0,1.3130555459743,3.38644825808266
"p4","beta_ll",73,0.0114227536859671,0.0190896326200904,0.0113124743134289,0.00260375517557229,0,1.67119357949056,7.33157740757812
"p4","beta_ll",74,0.0114227536859671,0.0216075990317675,0.013418777060358,0.00217626939386338,0,1.8916278531255,9.9287335900125
"p4","beta_ll",75,0.0114227536859671,0.0321399346772419,0.0110712963773855,0.00207189577404398,0,2.81367659330042,15.5123317880563
"p4","beta_ll",76,0.0114227536859671,0.0198876312258573,0.0102083691897089,0.00235308935110064,0,1.74105402012558,8.45171103109835
"p4","beta_ll",77,0.0114227536859671,0.0147131235499667,0.0140652070570005,0.00264815975717079,0,1.28805399770126,5.55598034073511
"p4","beta_ll",78,0.0114227536859671,0.0133994475153835,0.0107951089905179,0.00418411874601654,0,1.17304880099487,3.20245392847426
"p4","beta_ll",79,0.0114227536859671,0.0235789811709642,0.0134492491131735,0.0035947875530234,0,2.06421164451187,6.55921409072788
"p4","beta_ll",80,0.0114227536859671,0.0130242886441152,0.00558054381556061,0.00404044773343159,0,1.14020568088722,3.22347658066437
"p4","beta_ll",81,0.0114227536859671,0.0309350405028914,0.0107134303044147,0.00251761684833756,0,2.70819465720381,12.2874298856549
"p4","beta_ll",82,0.0114227536859671,0.0173899461546386,0.0070895843150461,0.0032385301422873,0,1.52239526761416,5.36970335016133
"p4","beta_ll",83,0.0114227536859671,0.0160295205548642,0.00985147239034435,0.00359297009095337,0,1.40329740056957,4.46135652373629
"p4","beta_ll",84,0.0114227536859671,0.0141282974572135,0.0103189729069486,0.00231905662202656,0,1.23685565194058,6.09226067316424
"p4","beta_ll",85,0.0114227536859671,0.0153211315875114,0.0117910715863404,0.0025619708346404,0,1.3412817967294,5.98021311576012
"p4","beta_ll",86,0.0114227536859671,0.0184421316488745,0.0107879576960282,0.00246413840346831,0,1.61450838877237,7.48421096108761
"p4","beta_ll",87,0.0114227536859671,0.0168647175626073,0.00918894463763672,0.00285938156088911,0,1.47641435911602,5.898029767445
"p4","beta_ll",88,0.0114227536859671,0.0112838780001137,0.0100865323052802,0.00406550883728858,0,0.98784218852377,2.77551432101653
"p4","beta_ll",89,0.0114227536859671,0.0155661840161321,0.00804702283337309,0.00357387812429489,0,1.3627348049407,4.3555441665217
"p4","beta_ll",90,0.0114227536859671,0.0165912430345498,0.0140481798989306,0.00373849320427538,0,1.45247315057946,4.43794922927127
"p4","beta_ll",91,0.0114227536859671,0.0153016183724192,0.0151019764216026,0.00397406957084121,0,1.33957352080674,3.85036499730432
"p4","beta_ll",92,0.0114227536859671,0.0178103653697373,0.00813589928742175,0.00343693495208053,0,1.55920068482413,5.18204901112717
"p4","beta_ll",93,0.0114227536859671,0.0173082510981483,0.00529650562148139,0.0035898398987202,0,1.51524330944924,4.82145488001256
"p4","beta_ll",94,0.0114227536859671,0.0181119892135559,0.014072934640832,0.00352709496516362,0,1.58560621295779,5.13510109380219
"p4","beta_ll",95,0.0114227536859671,0.0193572368688639,0.0096411472361096,0.00356509302694375,0,1.69462087698208,5.42965827891966
"p4","beta_ll",96,0.0114227536859671,0.0180049466795464,0.0130618000545368,0.00274659186844045,0,1.57623522090522,6.55537755224252
"p4","beta_ll",97,0.0114227536859671,0.0149565066855148,0.00838893971482687,0.00459241702502765,0,1.30936086837703,3.25678321546262
"p4","beta_ll",98,0.0114227536859671,0.0198153232376648,0.00882354767842095,0.00399615109811796,0,1.73472384876931,4.9586021026575
"p4","beta_ll",99,0.0114227536859671,0.0176231065933225,0.0113177960536207,0.00331779563587102,0,1.5428071967421,5.31169141425911
"p4","beta_ll",100,0.0114227536859671,0.0201997170806113,0.00911077380344393,0.00288227477407233,0,1.76837544045327,7.00825516786915
"p4","beta_pw",1,0.0114227536859671,0.0354363920663495,0.0108543680185844,0.000602777408540372,0,3.10226352073784,58.7885205455176
"p4","beta_pw",2,0.0114227536859671,0.0159795386776789,0.010581568254644,0.00374094094210027,0,1.39892175888461,4.27152925560687
"p4","beta_pw",3,0.0114227536859671,0.0407297573236032,0.0130516368463173,0.000115402047881043,0,3.56566887839311,352.937907701495
"p4","beta_pw",4,0.0114227536859671,0.0380163462914667,0.0132642294393199,0.000837509856450226,0,3.32812449052192,45.3921180732111
"p4","beta_pw",5,0.0114227536859671,0.0309319498343451,0.0146313600171703,0.00113706815777659,0,2.70792408597106,27.2032504144949
"p4","beta_pw",6,0.0114227536859671,0.0382184426494752,0.00632991693547563,0.000245576869337104,0,3.34581692822692,155.627208509661
"p4","beta_pw",7,0.0114227536859671,0.0323311063961326,0.0118375053248422,0.000627444291453251,0,2.8304126382285,51.5282501355604
"p4","beta_pw",8,0.0114227536859671,0.0398184333571596,0.00918184534735103,0.000726138780956446,0,3.48588741837939,54.8358446090871
"p4","beta_pw",9,0.0114227536859671,0.0461021388745965,0.0102107437953991,0.000262731648881028,0,4.03599168309416,175.472346293053
"p4","beta_pw",10,0.0114227536859671,0.0359835504071431,0.0106937984517321,0.000519368222403442,0,3.15016425954706,69.2833116370206
"p4","beta_pw",11,0.0114227536859671,0.0300291973857345,0.0136696162778771,0.00123002176268057,0,2.62889301575551,24.4135496597167
"p4","beta_pw",12,0.0114227536859671,0.0139954471304139,0.00833486003395923,0.00369551985014704,0,1.22522532790034,3.78713894064376
"p4","beta_pw",13,0.0114227536859671,0.0426255204677958,0.0109433296177164,0.000642088754907151,0,3.73163263777291,66.3857140341285
"p4","beta_pw",14,0.0114227536859671,0.0368719478153628,0.01507957370819,0.00063533608613266,0,3.22793862399922,58.0353432146523
"p4","beta_pw",15,0.0114227536859671,0.0434191992781595,0.0113841966517512,0.000240989385104299,0,3.80111490379942,180.170588257934
"p4","beta_pw",16,0.0114227536859671,0.0133428303164607,0.013942088377213,0.00386152408278599,0,1.16809227295625,3.45532748997754
"p4","beta_pw",17,0.0114227536859671,0.0305719511818034,0.00956717016809723,0.0012690914238895,0,2.67640816061376,24.0896365748865
"p4","beta_pw",18,0.0114227536859671,0.0257701786293612,0.0141826766888562,0.00124838881480884,0,2.25603907234907,20.6427503384091
"p4","beta_pw",19,0.0114227536859671,0.0491563766708115,0.00783221100039211,0.000256894988871423,0,4.30337360169117,191.34813367424
"p4","beta_pw",20,0.0114227536859671,0.0373907498730023,0.0112913210932501,0.000846197068877567,0,3.27335692434101,44.1868109075337
"p4","beta_pw",21,0.0114227536859671,0.0277253998084309,0.0147037058486489,0.00095759876065011,0,2.42720805951472,28.953044790501
"p4","beta_pw",22,0.0114227536859671,0.0138865495034645,0.0105630225566827,0.00366794303200038,0,1.21569193254374,3.78592289528859
"p4","beta_pw",23,0.0114227536859671,0.0460933598710105,0.00813258898120792,5.97565270363642e-05,0,4.03522312904604,771.352723409794
"p4","beta_pw",24,0.0114227536859671,0.0234950651469839,0.0139217066845692,0.00154952761318866,0,2.05686525271464,15.1627276255085
"p4","beta_pw",25,0.0114227536859671,0.0413822151491362,0.00999804742770217,0.000204625133645995,0,3.62278801476515,202.234273042568
"p4","beta_pw",26,0.0114227536859671,0.0175930567949649,0.00970425344307761,0.00214026559797053,0,1.54017650022323,8.2200343787459
"p4","beta_pw",27,0.0114227536859671,0.023324381538506,0.0107666748089749,0.00123127717145559,0,2.04192283049577,18.9432420897827
"p4","beta_pw",28,0.0114227536859671,0.0194893367471509,0.00728163228769258,0.00170999611664897,0,1.70618550333389,11.3972988344229
"p4","beta_pw",29,0.0114227536859671,0.013908204069686,0.00927693342270997,0.00310435619931919,0,1.21758767211905,4.48022171963907
"p4","beta_pw",30,0.0114227536859671,0.0167879174986499,0.0137560697405536,0.00258046077068992,0,1.46969093094197,6.50578287774607
"p4","beta_pw",31,0.0114227536859671,0.0296649894676308,0.00927636060946711,0.000714539320032408,0,2.59700859207655,41.5162449930472
"p4","beta_pw",32,0.0114227536859671,0.0171768605664795,0.0158636858658167,0.00229720367792743,0,1.50374078253839,7.47729107850669
"p4","beta_pw",33,0.0114227536859671,0.0317211176508932,0.00883397805843397,0.00206707695855149,0,2.77701143900727,15.3458813033849
"p4","beta_pw",34,0.0114227536859671,0.0447553283475494,0.0161750110124804,0.000138804053739642,0,3.9180857416659,322.435311806512
"p4","beta_pw",35,0.0114227536859671,0.0404076801394443,0.0101563293232105,0.000601426118127302,0,3.53747277148111,67.1864405644107
"p4","beta_pw",36,0.0114227536859671,0.0123706668458043,0.0127639576392813,0.00508407196259597,0,1.08298464502493,2.43322024881169
"p4","beta_pw",37,0.0114227536859671,0.0256931137788869,0.0142924196409999,0.00179041962933921,0,2.24929246355464,14.3503307034058
"p4","beta_pw",38,0.0114227536859671,0.042372198333049,0.00846367007842428,0.000456529248959584,0,3.70945566173796,92.8137647907859
"p4","beta_pw",39,0.0114227536859671,0.0430192031084206,0.0148213850004321,0.000244853802582077,0,3.76609741320692,175.693424626315
"p4","beta_pw",40,0.0114227536859671,0.0360514558781065,0.0104518780889668,0.000630497394493234,0,3.15610901444857,57.1793891505025
"p4","beta_pw",41,0.0114227536859671,0.0404439323608464,0.0105690561596935,0.000466572916138755,0,3.54064645642598,86.6829834349379
"p4","beta_pw",42,0.0114227536859671,0.0473524979974348,0.010388000117105,5.7100311088869e-05,0,4.14545382831877,829.28616489912
"p4","beta_pw",43,0.0114227536859671,0.0264006653515571,0.0144637084868822,0.00109377721707469,0,2.31123475804178,24.1371505453055
"p4","beta_pw",44,0.0114227536859671,0.0320495858398804,0.0131164804088661,0.00162951285205053,0,2.80576704365545,19.6682007138207
"p4","beta_pw",45,0.0114227536859671,0.03198132375768,0.00983494760593717,0.00100387485102969,0,2.7997910693784,31.8578792215747
"p4","beta_pw",46,0.0114227536859671,0.0471871042888242,0.0108749581204459,0.000246022543542632,0,4.1309745080815,191.799920484309
"p4","beta_pw",47,0.0114227536859671,0.0347151074127878,0.0067563753814352,0.000701210261038829,0,3.039118969661,49.5074150246434
"p4","beta_pw",48,0.0114227536859671,0.0354041188273081,0.0104047332958083,0.000955875115063988,0,3.09943817407199,37.0384355334306
"p4","beta_pw",49,0.0114227536859671,0.0314356640677434,0.0120903522547858,0.00140170401888785,0,2.75202152930621,22.4267489028713
"p4","beta_pw",50,0.0114227536859671,0.031262999798686,0.00714626711532327,0.000515217397088968,0,2.73690571101893,60.679239434315
"p4","beta_pw",51,0.0114227536859671,0.0190455300738331,0.0161369047589265,0.00161780244574361,0,1.66733264127288,11.7724695768271
"p4","beta_pw",52,0.0114227536859671,0.0116362653053322,0.00608925953930687,0.00422131465738429,0,1.01869178179228,2.75655009156379
"p4","beta_pw",53,0.0114227536859671,0.0285911243086307,0.013249728217001,0.00127485076896152,0,2.50299753410204,22.427036171395
"p4","beta_pw",54,0.0114227536859671,0.0212670831862632,0.013453966569799,0.00174576422272056,0,1.86181754163095,12.182105068645
"p4","beta_pw",55,0.0114227536859671,0.0275393863829416,0.0139600355554646,0.00164648195186089,0,2.41092359513746,16.7261999755393
"p4","beta_pw",56,0.0114227536859671,0.0349370381595915,0.0115722450704764,0.00104562728799854,0,3.0585478003007,33.412515683734
"p4","beta_pw",57,0.0114227536859671,0.029259397263618,0.0144172521567831,0.00112362453925059,0,2.56150119909906,26.0401906878367
"p4","beta_pw",58,0.0114227536859671,0.0461879583694052,0.00834256358283789,0.000457198967022878,0,4.04350471341662,101.023759240239
"p4","beta_pw",59,0.0114227536859671,0.046070239514126,0.0121951473333698,0.000253148196637811,0,4.03319906746508,181.989206820385
"p4","beta_pw",60,0.0114227536859671,0.0351084626333536,0.0116453528959811,0.000145919985940243,0,3.07355508124843,240.600781360624
"p4","beta_pw",61,0.0114227536859671,0.0510134154064798,0.0137902118014053,4.59923811489123e-05,0,4.46594724958044,1109.17100032961
"p4","beta_pw",62,0.0114227536859671,0.0452836020512155,0.00965485078286227,0.00043422094121043,0,3.9643332331368,104.287006345165
"p4","beta_pw",63,0.0114227536859671,0.0450870718244284,0.0131085570337803,0.00022163553062442,0,3.94712807996709,203.428898324214
"p4","beta_pw",64,0.0114227536859671,0.0315070102549617,0.0136687774088331,0.00112325998537189,0,2.75826750021477,28.0496151071653
"p4","beta_pw",65,0.0114227536859671,0.0345265063819397,0.0158530245103644,0.000751332003101398,0,3.02260797449878,45.953727831929
"p4","beta_pw",66,0.0114227536859671,0.0413069917851902,0.0129207129100129,0.000420762504055075,0,3.61620261810739,98.1717510165387
"p4","beta_pw",67,0.0114227536859671,0.0400114509469531,0.00658324881615708,0.000885753061866228,0,3.50278505927228,45.1722411917509
"p4","beta_pw",68,0.0114227536859671,0.0156058321109059,0.0111101539104546,0.00285577107720472,0,1.36620578014194,5.46466495002856
"p4","beta_pw",69,0.0114227536859671,0.0371574021744296,0.0109096058643254,0.000406544718819894,0,3.2529286016276,91.3980687838942
"p4","beta_pw",70,0.0114227536859671,0.0304470506339496,0.0110862302752489,0.00123846863425462,0,2.66547379651142,24.5844341889808
"p4","beta_pw",71,0.0114227536859671,0.0142232587071101,0.0104617378479289,0.00326855257350285,0,1.24516899323351,4.35154655990962
"p4","beta_pw",72,0.0114227536859671,0.0314661479527636,0.0115325932697268,0.00149790160685349,0,2.75469022775303,21.006819011872
"p4","beta_pw",73,0.0114227536859671,0.0388034511818957,0.0113124743134289,0.000436338907026074,0,3.39703124558886,88.9296153908571
"p4","beta_pw",74,0.0114227536859671,0.0362364959350229,0.013418777060358,0.000399299307940537,0,3.17230826569774,90.7502097159134
"p4","beta_pw",75,0.0114227536859671,0.0445943628264128,0.0110712963773855,8.90746843488829e-05,0,3.90399408517379,500.640144305738
"p4","beta_pw",76,0.0114227536859671,0.039900563308238,0.0102083691897089,0.000377456792538141,0,3.49307744920175,105.708955560009
"p4","beta_pw",77,0.0114227536859671,0.0138053007969716,0.0140652070570005,0.00201215881735888,0,1.20857904989508,6.86093994066143
"p4","beta_pw",78,0.0114227536859671,0.0351147642027364,0.0107951089905179,0.00174240537068207,0,3.07410674939747,20.1530394669243
"p4","beta_pw",79,0.0114227536859671,0.0328851589042782,0.0134492491131735,0.000925550959023447,0,2.87891692391806,35.530360142434
"p4","beta_pw",80,0.0114227536859671,0.0232863261239613,0.00558054381556061,0.00238587662395005,0,2.03859128579202,9.76007136756659
"p4","beta_pw",81,0.0114227536859671,0.0504216284687893,0.0107134303044147,0.000329947401361932,0,4.41413951967925,152.817171041998
"p4","beta_pw",82,0.0114227536859671,0.0408320678258454,0.0070895843150461,0.000658698085410675,0,3.57462560678408,61.9890488984617
"p4","beta_pw",83,0.0114227536859671,0.0373680502292856,0.00985147239034435,0.000730546502075955,0,3.27136969391122,51.1508167147455
"p4","beta_pw",84,0.0114227536859671,0.0251951429222661,0.0103189729069486,0.000755091226172722,0,2.20569782163984,33.3670185124134
"p4","beta_pw",85,0.0114227536859671,0.0327346052511043,0.0117910715863404,0.0007245245458281,0,2.86573676987527,45.1808091797498
"p4","beta_pw",86,0.0114227536859671,0.032899803698283,0.0107879576960282,0.000614576061633412,0,2.88019899603547,53.5325173760304
"p4","beta_pw",87,0.0114227536859671,0.0338650758461328,0.00918894463763672,0.000953026402886849,0,2.96470332611094,35.5342472606748
"p4","beta_pw",88,0.0114227536859671,0.0314056745288122,0.0100865323052802,0.0014990807270095,0,2.74939610817259,20.9499555047066
"p4","beta_pw",89,0.0114227536859671,0.0272333776500588,0.00804702283337309,0.0011989144665573,0,2.38413419379909,22.7150296453255
"p4","beta_pw",90,0.0114227536859671,0.0349094581225177,0.0140481798989306,0.0010783512291796,0,3.05613331795852,32.3729942322007
"p4","beta_pw",91,0.0114227536859671,0.0289512235775996,0.0151019764216026,0.00137051472643802,0,2.53452226788066,21.1243432989911
"p4","beta_pw",92,0.0114227536859671,0.0377503077431555,0.00813589928742175,0.000846270628988407,0,3.30483426159594,44.6078434605257
"p4","beta_pw",93,0.0114227536859671,0.0426182883694706,0.00529650562148139,0.000677850203264605,0,3.7309995068726,62.8727234486558
"p4","beta_pw",94,0.0114227536859671,0.0342651828430672,0.014072934640832,0.0010353700953911,0,2.99973051902204,33.0946228750445
"p4","beta_pw",95,0.0114227536859671,0.0410686822610983,0.0096411472361096,0.00073907503629783,0,3.59533991453841,55.5676761412742
"p4","beta_pw",96,0.0114227536859671,0.0403973363430458,0.0130618000545368,0.000439932278020734,0,3.53656722832726,91.8262613618495
"p4","beta_pw",97,0.0114227536859671,0.0337254107010212,0.00838893971482687,0.00155349543456049,0,2.95247640176755,21.7093722651092
"p4","beta_pw",98,0.0114227536859671,0.0392058092081604,0.00882354767842095,0.000631149790429608,0,3.43225550388299,62.1180737166592
"p4","beta_pw",99,0.0114227536859671,0.0383052813243528,0.0113177960536207,0.000885711994782225,0,3.35341918222493,43.2480101319742
"p4","beta_pw",100,0.0114227536859671,0.0387014233524981,0.00911077380344393,0.000641253558475464,0,3.38809926366904,60.3527619316579
"p4","beta",1,0.0114227536859671,0.0135367955298663,0.0108543680185844,0.00774071278336017,0,1.18507287314584,1.74877894435841
"p4","beta",2,0.0114227536859671,0.0151256480779883,0.010581568254644,0.00743476055729706,0,1.324168277967,2.03444992766348
"p4","beta",3,0.0114227536859671,0.0141032923876328,0.0130516368463173,0.00712243401115749,0,1.2346665940069,1.98012257685219
"p4","beta",4,0.0114227536859671,0.0120754810131533,0.0132642294393199,0.00727385170980363,0,1.05714272977698,1.66012196768846
"p4","beta",5,0.0114227536859671,0.0122518392439814,0.0146313600171703,0.00700365527832401,0,1.07258193433977,1.74934926935942
"p4","beta",6,0.0114227536859671,0.0155463927801485,0.00632991693547563,0.00768673146435222,0,1.36100218980011,2.02249718911687
"p4","beta",7,0.0114227536859671,0.0116926710913425,0.0118375053248422,0.00650683543908702,0,1.02362980177949,1.79698275771718
"p4","beta",8,0.0114227536859671,0.0148124393090191,0.00918184534735103,0.00777530710267694,0,1.29674855260305,1.90506164109188
"p4","beta",9,0.0114227536859671,0.0104860943833592,0.0102107437953991,0.0072122786846588,0,0.918000569008275,1.45392251767311
"p4","beta",10,0.0114227536859671,0.012928262865769,0.0106937984517321,0.00754262035017933,0,1.13179914591448,1.71402805199677
"p4","beta",11,0.0114227536859671,0.0112809776372104,0.0136696162778771,0.00690354578882497,0,0.987588277515703,1.63408456788559
"p4","beta",12,0.0114227536859671,0.0109495626428991,0.00833486003395923,0.00770432471160865,0,0.958574696077942,1.42122289139769
"p4","beta",13,0.0114227536859671,0.0129551695259392,0.0109433296177164,0.00776188309295767,0,1.13415467776869,1.66907558008615
"p4","beta",14,0.0114227536859671,0.0151360366344055,0.01507957370819,0.0083661566545678,0,1.32507773961721,1.80919832837954
"p4","beta",15,0.0114227536859671,0.0150394605691235,0.0113841966517512,0.00844288276425172,0,1.31662303001416,1.78131818113151
"p4","beta",16,0.0114227536859671,0.0124437467873292,0.013942088377213,0.00701929630598695,0,1.0893823966997,1.77279120938598
"p4","beta",17,0.0114227536859671,0.00977516362780105,0.00956717016809723,0.0062246599896452,0,0.855762445425908,1.57039318517994
"p4","beta",18,0.0114227536859671,0.0147641623268735,0.0141826766888562,0.00806860520778558,0,1.29252216521234,1.82982832183029
"p4","beta",19,0.0114227536859671,0.0143730194591764,0.00783221100039211,0.00975455365618372,0,1.25827973309393,1.4734676711799
"p4","beta",20,0.0114227536859671,0.0117572062532246,0.0112913210932501,0.00663554192949366,0,1.02927950443932,1.77185320779396
"p4","beta",21,0.0114227536859671,0.0129874516175015,0.0147037058486489,0.00707404431795921,0,1.13698079942463,1.83593020254759
"p4","beta",22,0.0114227536859671,0.0103633706935178,0.0105630225566827,0.00803860678169972,0,0.907256776993201,1.28919985452087
"p4","beta",23,0.0114227536859671,0.0117009952335256,0.00813258898120792,0.00740027529296666,0,1.02435853518406,1.58115675029636
"p4","beta",24,0.0114227536859671,0.012228060069279,0.0139217066845692,0.00638713961841107,0,1.07050019683968,1.91448141105782
"p4","beta",25,0.0114227536859671,0.0105240054944648,0.00999804742770217,0.00671619905165103,0,0.921319480730248,1.56695854508328
"p4","beta",26,0.0114227536859671,0.0142731667800256,0.00970425344307761,0.00808150416276031,0,1.24953817375579,1.76615225242307
"p4","beta",27,0.0114227536859671,0.0112997424507477,0.0107666748089749,0.00659030087459323,0,0.989231034949954,1.71460190752598
"p4","beta",28,0.0114227536859671,0.0168167091172465,0.00728163228769258,0.00789787257832812,0,1.47221148066126,2.12927075620235
"p4","beta",29,0.0114227536859671,0.010879335988598,0.00927693342270997,0.00646518060889621,0,0.952426734191356,1.68275824709797
"p4","beta",30,0.0114227536859671,0.0134985043614371,0.0137560697405536,0.00793205017236231,0,1.18172068947088,1.70176739532864
"p4","beta",31,0.0114227536859671,0.0117448935001565,0.00927636060946711,0.00625343453817037,0,1.02820158983075,1.8781508670902
"p4","beta",32,0.0114227536859671,0.0142095423071361,0.0158636858658167,0.00789732674447798,0,1.24396819696747,1.79928509569036
"p4","beta",33,0.0114227536859671,0.0120631563404723,0.00883397805843397,0.00697798895032726,0,1.05606377167109,1.72874397284716
"p4","beta",34,0.0114227536859671,0.0135799557711424,0.0161750110124804,0.00949612353997476,0,1.18885131768406,1.43005255923393
"p4","beta",35,0.0114227536859671,0.0104151727999264,0.0101563293232105,0.00675074835633752,0,0.911791769853314,1.54281751446842
"p4","beta",36,0.0114227536859671,0.0117403999776486,0.0127639576392813,0.00665116194502378,0,1.02780820635848,1.76516525603958
"p4","beta",37,0.0114227536859671,0.0117591615070358,0.0142924196409999,0.00641292865443406,0,1.02945067628324,1.83366479508629
"p4","beta",38,0.0114227536859671,0.01270186645944,0.00846367007842428,0.00697615654827973,0,1.11197937105518,1.82075421781814
"p4","beta",39,0.0114227536859671,0.0135091024911365,0.0148213850004321,0.00798764773257605,0,1.18264849812287,1.69124915662496
"p4","beta",40,0.0114227536859671,0.0135577438204706,0.0104518780889668,0.00806123069724814,0,1.18690678212963,1.68184540669439
"p4","beta",41,0.0114227536859671,0.012138093082024,0.0105690561596935,0.00742029615294219,0,1.06262407609609,1.63579631214735
"p4","beta",42,0.0114227536859671,0.00992667851868013,0.010388000117105,0.00707274976483908,0,0.869026750605247,1.40351049432412
"p4","beta",43,0.0114227536859671,0.0148123920154791,0.0144637084868822,0.00697102970836524,0,1.29674441231068,2.12484993396373
"p4","beta",44,0.0114227536859671,0.0139401224219408,0.0131164804088661,0.0081150134366512,0,1.22038195037562,1.71781877266903
"p4","beta",45,0.0114227536859671,0.0111135463660451,0.00983494760593717,0.00611216477461636,0,0.97293057975137,1.8182668131264
"p4","beta",46,0.0114227536859671,0.0128017416267056,0.0108749581204459,0.00907448224003666,0,1.12072289910554,1.41074072195813
"p4","beta",47,0.0114227536859671,0.0111625392848947,0.0067563753814352,0.00614714374918306,0,0.97721964350924,1.81589039403514
"p4","beta",48,0.0114227536859671,0.0142937152987731,0.0104047332958083,0.00779255955868652,0,1.25133708488636,1.83427732455886
"p4","beta",49,0.0114227536859671,0.0106332734285827,0.0120903522547858,0.00594605942788208,0,0.930885294466755,1.78828912787543
"p4","beta",50,0.0114227536859671,0.0122269401241188,0.00714626711532327,0.00615666301898119,0,1.07040215172805,1.98596871169053
"p4","beta",51,0.0114227536859671,0.0142829814531066,0.0161369047589265,0.00847750961988009,0,1.2503973950391,1.68480863998224
"p4","beta",52,0.0114227536859671,0.0108304831770804,0.00608925953930687,0.00703279972006454,0,0.948149936068892,1.5399959629422
"p4","beta",53,0.0114227536859671,0.0133993729436107,0.013249728217001,0.0072865390704173,0,1.17304227264148,1.83892144324196
"p4","beta",54,0.0114227536859671,0.011393833701631,0.013453966569799,0.00612208883820933,0,0.997468212557916,1.86110231372657
"p4","beta",55,0.0114227536859671,0.0123496568058324,0.0139600355554646,0.00652746845071763,0,1.08114533021963,1.89195197174407
"p4","beta",56,0.0114227536859671,0.0113513289434164,0.0115722450704764,0.00680948830609045,0,0.993747151999045,1.66698706762793
"p4","beta",57,0.0114227536859671,0.014339822429364,0.0144172521567831,0.00725941595954494,0,1.25537351356709,1.97534106177089
"p4","beta",58,0.0114227536859671,0.010269801481972,0.00834256358283789,0.00822806232957753,0,0.89906530109184,1.24814337454093
"p4","beta",59,0.0114227536859671,0.0125935040242985,0.0121951473333698,0.00820108198756194,0,1.10249282883248,1.53559055297805
"p4","beta",60,0.0114227536859671,0.0123815660131042,0.0116453528959811,0.00676769279683478,0,1.08393880788264,1.82951064488255
"p4","beta",61,0.0114227536859671,0.0133332639848181,0.0137902118014053,0.00807774575862661,0,1.16725479261608,1.65061693982865
"p4","beta",62,0.0114227536859671,0.0135347191889498,0.00965485078286227,0.00835348554111228,0,1.18489110078398,1.62024811347763
"p4","beta",63,0.0114227536859671,0.0118806946441806,0.0131085570337803,0.00745572636948402,0,1.04009024188065,1.59349928570445
"p4","beta",64,0.0114227536859671,0.0126290702720947,0.0136687774088331,0.00679814028751811,0,1.10560646051657,1.85772428016565
"p4","beta",65,0.0114227536859671,0.0136320228529674,0.0158530245103644,0.0081772394781649,0,1.19340950770167,1.66706905054793
"p4","beta",66,0.0114227536859671,0.0121233089938785,0.0129207129100129,0.00753515264936692,0,1.06132980953376,1.60890025166207
"p4","beta",67,0.0114227536859671,0.0108961975553659,0.00658324881615708,0.0076343866859061,0,0.953902872715529,1.42725250942312
"p4","beta",68,0.0114227536859671,0.0130913179533474,0.0111101539104546,0.00724025256496155,0,1.1460737325913,1.80813001147246
"p4","beta",69,0.0114227536859671,0.0116426780028876,0.0109096058643254,0.00667422387950532,0,1.01925317860882,1.74442425262944
"p4","beta",70,0.0114227536859671,0.0129901609203207,0.0110862302752489,0.00806489421175722,0,1.13721798416078,1.61070444065879
"p4","beta",71,0.0114227536859671,0.0123376807990663,0.0104617378479289,0.0066543945703962,0,1.08009689591952,1.85406510968762
"p4","beta",72,0.0114227536859671,0.0114817498153785,0.0115325932697268,0.00702592014547752,0,1.00516479047288,1.63419873520326
"p4","beta",73,0.0114227536859671,0.0131228697855537,0.0113124743134289,0.00765882628476405,0,1.14883592400974,1.71343092239336
"p4","beta",74,0.0114227536859671,0.0134260330757518,0.013418777060358,0.00758845790531845,0,1.17537622230669,1.76927028432774
"p4","beta",75,0.0114227536859671,0.0158021781852694,0.0110712963773855,0.00862846195601183,0,1.38339481176788,1.83140150189331
"p4","beta",76,0.0114227536859671,0.0133680506903032,0.0102083691897089,0.00703873471383581,0,1.17030017960782,1.89921217857893
"p4","beta",77,0.0114227536859671,0.0118645727109461,0.0140652070570005,0.00642511732848422,0,1.03867885425225,1.84659238179937
"p4","beta",78,0.0114227536859671,0.0104050656427616,0.0107951089905179,0.00680413923292623,0,0.910906943178182,1.52922585599219
"p4","beta",79,0.0114227536859671,0.018648037921665,0.0134492491131735,0.00759573723322743,0,1.6325343638088,2.45506622320866
"p4","beta",80,0.0114227536859671,0.0108756851753425,0.00558054381556061,0.00642028525600849,0,0.952107125333821,1.69395669221463
"p4","beta",81,0.0114227536859671,0.0137558288524408,0.0107134303044147,0.00978866514964344,0,1.20424805004242,1.40528137822161
"p4","beta",82,0.0114227536859671,0.0105249828735392,0.0070895843150461,0.00680716602375278,0,0.92140504495594,1.54616221153025
"p4","beta",83,0.0114227536859671,0.011795171863997,0.00985147239034435,0.00699003984023313,0,1.0326031873109,1.68742555601852
"p4","beta",84,0.0114227536859671,0.0113853839957317,0.0103189729069486,0.00602017133567845,0,0.996728486732466,1.89120597419818
"p4","beta",85,0.0114227536859671,0.00960691509205536,0.0117910715863404,0.00610102393846629,0,0.84103320058958,1.57463979636022
"p4","beta",86,0.0114227536859671,0.0143204753476507,0.0107879576960282,0.00703189130985266,0,1.25367978171878,2.03650408071378
"p4","beta",87,0.0114227536859671,0.0118357927316816,0.00918894463763672,0.00724808281041195,0,1.03615932349324,1.63295495391959
"p4","beta",88,0.0114227536859671,0.00938027305958637,0.0100865323052802,0.00565147852574934,0,0.821191922496765,1.65979097626362
"p4","beta",89,0.0114227536859671,0.0118536319692696,0.00804702283337309,0.0069371595266416,0,1.03772105178384,1.70871549425189
"p4","beta",90,0.0114227536859671,0.0128024582901713,0.0140481798989306,0.00715607978987005,0,1.12078563909674,1.78903235655563
"p4","beta",91,0.0114227536859671,0.0120488328639337,0.0151019764216026,0.00725497786742743,0,1.05480982915142,1.66076769414131
"p4","beta",92,0.0114227536859671,0.0122448843517429,0.00813589928742175,0.00727743227674977,0,1.07197307132568,1.6825830713483
"p4","beta",93,0.0114227536859671,0.00913266143833884,0.00529650562148139,0.00615577386917777,0,0.799514870880768,1.4835927427527
"p4","beta",94,0.0114227536859671,0.0146730658476935,0.014072934640832,0.00701735708779168,0,1.28454716358976,2.09096753437569
"p4","beta",95,0.0114227536859671,0.0127199238781453,0.0096411472361096,0.00804108059588927,0,1.11356019991674,1.58186747744425
"p4","beta",96,0.0114227536859671,0.0122453438526223,0.0130618000545368,0.00769768789006086,0,1.07201329813018,1.59078206696758
"p4","beta",97,0.0114227536859671,0.0109018160020706,0.00838893971482687,0.00737944558043439,0,0.954394737187013,1.47732182360356
"p4","beta",98,0.0114227536859671,0.012187361378542,0.00882354767842095,0.00693792793158518,0,1.06693724767209,1.75662841971283
"p4","beta",99,0.0114227536859671,0.0108833809862833,0.0113177960536207,0.00734402037612742,0,0.952780851753246,1.48193774375422
"p4","beta",100,0.0114227536859671,0.0136876661210348,0.00911077380344393,0.00699266340146418,0,1.19828077338742,1.95743243099171
"p4","floored_ll",1,0.0114227536859671,0.0178085048742085,0.0108543680185844,0.00938037024218532,0,1.55903780855279,1.89848635122314
"p4","floored_ll",2,0.0114227536859671,0.0178829811800662,0.010581568254644,0.0123332991394297,0,1.56555780433535,1.44997546705845
"p4","floored_ll",3,0.0114227536859671,0.0187768145562815,0.0130516368463173,0.012691166389246,0,1.64380805823983,1.47951842883348
"p4","floored_ll",4,0.0114227536859671,0.0158476690192668,0.0133589714840288,0.00882864593368164,0,1.38737728703156,1.79502826801642
"p4","floored_ll",5,0.0114227536859671,0.0167740259843766,0.0146313600171703,0.0145927653673129,0,1.46847480437081,1.14947548063437
"p4","floored_ll",6,0.0114227536859671,0.0193693923482235,0.00632991693547563,0.00738280909353444,0,1.69568502313228,2.62358027992169
"p4","floored_ll",7,0.0114227536859671,0.0159885574195905,0.0119960098239544,0.00624523909440582,0,1.39971130072011,2.56011934497629
"p4","floored_ll",8,0.0114227536859671,0.0174687706220762,0.00918184534735104,0.0103096967954254,0,1.52929592130982,1.69440197599482
"p4","floored_ll",9,0.0114227536859671,0.0230501135070819,0.0102107437953991,0.00573844498073255,0,2.01791215505233,4.01678740224488
"p4","floored_ll",10,0.0114227536859671,0.0182703097559624,0.010693798451732,0.00734038860477233,0,1.59946631593812,2.48901124173236
"p4","floored_ll",11,0.0114227536859671,0.0157110730993291,0.0136696162778771,0.00986045275617074,0,1.37541905667022,1.59334195780179
"p4","floored_ll",12,0.0114227536859671,0.0237102938872564,0.00833486003395924,0.00913595602243556,0,2.07570735910943,2.59527233154691
"p4","floored_ll",13,0.0114227536859671,0.0166135400847958,0.0109433296177164,0.0120748624957589,0,1.45442513613907,1.3758782007357
"p4","floored_ll",14,0.0114227536859671,0.0180169986931147,0.01507957370819,0.00865237946611506,0,1.57729030918775,2.0823172127013
"p4","floored_ll",15,0.0114227536859671,0.0214893719778612,0.0113841966517512,0.00559546981142085,0,1.88127771714634,3.84049466838324
"p4","floored_ll",16,0.0114227536859671,0.0141391099945126,0.013942088377213,0.00656708132244186,0,1.23780223081256,2.15302800441874
"p4","floored_ll",17,0.0114227536859671,0.0131802471108578,0.00956717016809723,0.00785553029652249,0,1.15385899698159,1.67783034541824
"p4","floored_ll",18,0.0114227536859671,0.0171676466199203,0.0141826766888562,0.0111137391149765,0,1.50293415159698,1.54472283740994
"p4","floored_ll",19,0.0114227536859671,0.02215004938579,0.0078322110003921,0.00749233381230612,0,1.93911643328188,2.95636178801973
"p4","floored_ll",20,0.0114227536859671,0.0157928323212835,0.0112913210932501,0.00756498916157137,0,1.38257663217277,2.08762127532289
"p4","floored_ll",21,0.0114227536859671,0.0147125651346599,0.0148065898308482,0.00948045402128394,0,1.28800511147625,1.5518840238695
"p4","floored_ll",22,0.0114227536859671,0.0150290395314242,0.0105630225566827,0.0107607145445141,0,1.31571072480424,1.39665813726898
"p4","floored_ll",23,0.0114227536859671,0.0223441919319362,0.00813258898120791,0.00381785102776375,0,1.95611255798906,5.85255730761815
"p4","floored_ll",24,0.0114227536859671,0.0130780933277637,0.0139217066845692,0.00942018685776843,0,1.14491598850023,1.38830508621799
"p4","floored_ll",25,0.0114227536859671,0.0193782823252219,0.00999804742770218,0.0104640537937254,0,1.69646329229949,1.85189054903768
"p4","floored_ll",26,0.0114227536859671,0.0222229668517585,0.00970425344307762,0.0104891167674396,0,1.94549996110478,2.11866903043193
"p4","floored_ll",27,0.0114227536859671,0.014082163825589,0.0108642584171604,0.00959417576991703,0,1.2328169032384,1.46778255509392
"p4","floored_ll",28,0.0114227536859671,0.0199216600428661,0.00728163228769258,0.00507522222984735,0,1.7440330581005,3.92527837021735
"p4","floored_ll",29,0.0114227536859671,0.0150648377644319,0.00927693342270997,0.014980566268479,0,1.31884466553272,1.00562538788205
"p4","floored_ll",30,0.0114227536859671,0.0198197960206735,0.0137560697405536,0.00707520607819407,0,1.73511541661115,2.80130300116042
"p4","floored_ll",31,0.0114227536859671,0.0168768579820624,0.00927636060946711,0.00788764274724416,0,1.47747718685344,2.13965800973415
"p4","floored_ll",32,0.0114227536859671,0.0182788302262768,0.0159720590521617,0.0139097479040439,0,1.60021223680349,1.31410219310752
"p4","floored_ll",33,0.0114227536859671,0.0165905336237645,0.00883397805843397,0.0139060526923221,0,1.45241104552101,1.19304406439683
"p4","floored_ll",34,0.0114227536859671,0.0234775400382192,0.0162595913470885,0.00663840870912534,0,2.05533102469515,3.5366216614452
"p4","floored_ll",35,0.0114227536859671,0.0175790706536942,0.0101563293232105,0.00980612923839369,0,1.53895208957277,1.79266153100117
"p4","floored_ll",36,0.0114227536859671,0.0137131493105532,0.0128816079236945,0.00840765481115494,0,1.20051168812297,1.63103143725158
"p4","floored_ll",37,0.0114227536859671,0.0150266541297193,0.0142924196409999,0.0137468402407987,0,1.31550189585017,1.09309876789885
"p4","floored_ll",38,0.0114227536859671,0.0194739357203403,0.00846367007842427,0.00896874763232226,0,1.70483722714463,2.17131047930913
"p4","floored_ll",39,0.0114227536859671,0.0194668385609369,0.0148213850004321,0.00961235467662264,0,1.7042159094135,2.02518937511539
"p4","floored_ll",40,0.0114227536859671,0.0162771906390166,0.0104518780889668,0.0108915028352677,0,1.42497957029513,1.49448527767073
"p4","floored_ll",41,0.0114227536859671,0.0189360664294362,0.0105690561596935,0.0125665630193293,0,1.65774969416518,1.50686121577632
"p4","floored_ll",42,0.0114227536859671,0.023489690956777,0.010388000117105,0.00440961703668707,0,2.05639477157194,5.32692312310746
"p4","floored_ll",43,0.0114227536859671,0.0168843516076394,0.0146102433416088,0.0180683633513277,0,1.47813321304318,0.934470448669537
"p4","floored_ll",44,0.0114227536859671,0.013978339090648,0.0131164804088661,0.020398673238313,0,1.22372761200483,0.68525726783023
"p4","floored_ll",45,0.0114227536859671,0.0140357172044604,0.00983494760593717,0.0177066511860701,0,1.2287507540063,0.792680505024145
"p4","floored_ll",46,0.0114227536859671,0.0154296887663472,0.0109789468370224,0.00539993289694827,0,1.35078538770407,2.8573852788184
"p4","floored_ll",47,0.0114227536859671,0.01731583299885,0.00675637538143519,0.0189217632603,0,1.51590706364635,0.915127874746247
"p4","floored_ll",48,0.0114227536859671,0.0147255598940759,0.0104047332958083,0.0131669045648047,0,1.28914273203372,1.11837674691115
"p4","floored_ll",49,0.0114227536859671,0.0132761359742828,0.0120903522547858,0.0152302487355172,0,1.16225354579715,0.871695282515159
"p4","floored_ll",50,0.0114227536859671,0.0152748671218049,0.00714626711532327,0.0131911321544217,0,1.33723159421446,1.15796483144813
"p4","floored_ll",51,0.0114227536859671,0.021862566972368,0.0162497386268593,0.00934666214370094,0,1.91394891051763,2.33907748415856
"p4","floored_ll",52,0.0114227536859671,0.0159795187306576,0.00608925953930687,0.00874133096065879,0,1.39892001263132,1.82804183968951
"p4","floored_ll",53,0.0114227536859671,0.0158675328047374,0.013249728217001,0.0103124182524653,0,1.38911625348542,1.53868204491649
"p4","floored_ll",54,0.0114227536859671,0.0135223510791649,0.0135687901296849,0.0124983462952244,0,1.18380833999573,1.08193122191947
"p4","floored_ll",55,0.0114227536859671,0.0129975253024828,0.0140799340369921,0.00896261251668736,0,1.13786269579202,1.45019382220116
"p4","floored_ll",56,0.0114227536859671,0.0171820563784344,0.0115722450704764,0.00940681744844336,0,1.50419564763464,1.82655361099599
"p4","floored_ll",57,0.0114227536859671,0.0179012161583772,0.0145691844817182,0.0132632690620847,0,1.56715417757531,1.34968355648842
"p4","floored_ll",58,0.0114227536859671,0.0149367078774504,0.00834256358283788,0.0129958823403124,0,1.30762759034191,1.14934157499393
"p4","floored_ll",59,0.0114227536859671,0.0172473435727042,0.0121951473333698,0.0101259105663003,0,1.50991118664255,1.70328815959569
"p4","floored_ll",60,0.0114227536859671,0.0194012510342169,0.0117983856447686,0.0049899334514743,0,1.69847407793196,3.8880781122411
"p4","floored_ll",61,0.0114227536859671,0.0272875234423067,0.0137902118014053,0.00349080262068328,0,2.38887436361597,7.81697689827147
"p4","floored_ll",62,0.0114227536859671,0.0178428588739134,0.00965485078286226,0.00492854755746524,0,1.56204531450533,3.62030774094631
"p4","floored_ll",63,0.0114227536859671,0.0195715427095544,0.0132026848499108,0.0127729012405309,0,1.71338218853463,1.53227073011807
"p4","floored_ll",64,0.0114227536859671,0.0141279285075493,0.0137904045907184,0.0134664450195985,0,1.2368233524028,1.04912086946392
"p4","floored_ll",65,0.0114227536859671,0.0155597697406451,0.01594031579096,0.010698211021027,0,1.36217326998483,1.45442725985335
"p4","floored_ll",66,0.0114227536859671,0.0184826529929617,0.0130502133838997,0.00742500229725076,0,1.61805581220469,2.48924542418057
"p4","floored_ll",67,0.0114227536859671,0.0138302871427144,0.00658324881615707,0.00688080979950713,0,1.21076646865851,2.009979573001
"p4","floored_ll",68,0.0114227536859671,0.0211189990122338,0.0111101539104546,0.00640534710302211,0,1.84885357706509,3.29708892782244
"p4","floored_ll",69,0.0114227536859671,0.0160352109952484,0.0109096058643254,0.00611775047629791,0,1.4037955676964,2.62109594978969
"p4","floored_ll",70,0.0114227536859671,0.0146290149742513,0.0110862302752489,0.0105259456530668,0,1.28069074904618,1.38980529221991
"p4","floored_ll",71,0.0114227536859671,0.0171721582091709,0.0104617378479289,0.0104290329858529,0,1.50332911671438,1.64657243221545
"p4","floored_ll",72,0.0114227536859671,0.0162094872890076,0.0115325932697268,0.0157498967174233,0,1.4190525099846,1.02918054510642
"p4","floored_ll",73,0.0114227536859671,0.0201074894156927,0.0113124743134289,0.00676903372691205,0,1.76030140966751,2.97051103996575
"p4","floored_ll",74,0.0114227536859671,0.0192967235013901,0.013418777060358,0.00769074496131891,0,1.68932326056335,2.50908378816931
"p4","floored_ll",75,0.0114227536859671,0.0253104045763521,0.0110712963773855,0.00576274508387838,0,2.21578835298234,4.39207429930562
"p4","floored_ll",76,0.0114227536859671,0.0186295268492164,0.0102083691897089,0.00777892642909312,0,1.63091382002772,2.39487119707703
"p4","floored_ll",77,0.0114227536859671,0.0175725450635885,0.0141830104616112,0.00945176262882284,0,1.53838080962705,1.85918180065182
"p4","floored_ll",78,0.0114227536859671,0.0144214577778861,0.0107951089905179,0.0155038039905695,0,1.26252024462392,0.930188345173751
"p4","floored_ll",79,0.0114227536859671,0.0188091523581185,0.0134492491131735,0.0155139754141604,0,1.64663905702752,1.21240055214671
"p4","floored_ll",80,0.0114227536859671,0.012108003912207,0.00558054381556061,0.0122866394841272,0,1.05998993281994,0.985460990195819
"p4","floored_ll",81,0.0114227536859671,0.0167421380098476,0.0107134303044147,0.00608787265939991,0,1.46568318551904,2.75008019164086
"p4","floored_ll",82,0.0114227536859671,0.0152346554005412,0.00708958431504611,0.00776865631183779,0,1.33371127657747,1.96104123918145
"p4","floored_ll",83,0.0114227536859671,0.0159665469125857,0.00985147239034434,0.0121221241841373,0,1.39778440046384,1.31714101176088
"p4","floored_ll",84,0.0114227536859671,0.013393919380708,0.0103189729069486,0.00708761452916504,0,1.17256484285067,1.88976408431821
"p4","floored_ll",85,0.0114227536859671,0.0165563657510961,0.0118890830183688,0.0101954669730487,0,1.44941983397888,1.62389479509494
"p4","floored_ll",86,0.0114227536859671,0.0154829759046432,0.0107879576960282,0.00892213291320692,0,1.35545038703444,1.73534468218072
"p4","floored_ll",87,0.0114227536859671,0.0151670714150523,0.00918894463763671,0.0093192651063959,0,1.32779466598191,1.62749650770671
"p4","floored_ll",88,0.0114227536859671,0.0129102593543026,0.0100865323052802,0.00929473683941705,0,1.13022303633868,1.38898600114776
"p4","floored_ll",89,0.0114227536859671,0.0132008599750826,0.0080470228333731,0.030977471283108,0,1.15566354120897,0.426143885484965
"p4","floored_ll",90,0.0114227536859671,0.0152583146487221,0.0140481798989306,0.00694278719834511,0,1.33578251516243,2.19772178129831
"p4","floored_ll",91,0.0114227536859671,0.0143770503498112,0.0151019764216026,0.00945667414897603,0,1.25863261566022,1.52030725848453
"p4","floored_ll",92,0.0114227536859671,0.0160152669807296,0.00813589928742174,0.0109957722491406,0,1.40204957762543,1.45649315190038
"p4","floored_ll",93,0.0114227536859671,0.0180366373043798,0.00529650562148138,0.00644866200900468,0,1.5790095628638,2.79695807893081
"p4","floored_ll",94,0.0114227536859671,0.0153756976346406,0.014072934640832,0.00741499799885582,0,1.34605875757696,2.07359430670287
"p4","floored_ll",95,0.0114227536859671,0.0180640917383518,0.0096411472361096,0.012105123403499,0,1.58141304933709,1.49226828477687
"p4","floored_ll",96,0.0114227536859671,0.0182804713251488,0.0130618000545368,0.00817243389110986,0,1.60035590609,2.23684542068119
"p4","floored_ll",97,0.0114227536859671,0.0141680788928684,0.00838893971482686,0.0185749078623427,0,1.24033830041121,0.762753656592378
"p4","floored_ll",98,0.0114227536859671,0.0148008544772745,0.00882354767842095,0.00782901900801375,0,1.29573436354995,1.89051201205724
"p4","floored_ll",99,0.0114227536859671,0.0192176258890468,0.0113177960536207,0.0110247884124375,0,1.68239869451581,1.74312877219182
"p4","floored_ll",100,0.0114227536859671,0.014633723364389,0.00911077380344393,0.00622761489204757,0,1.28110294301159,2.34981186506503
"p4","floored",1,0.0114227536859671,0.0148055859897836,0.0108543680185844,0.0140237228199677,0,1.2961485817533,1.05575289670604
"p4","floored",2,0.0114227536859671,0.013220092361717,0.010581568254644,0.0126383290486248,0,1.15734723212652,1.04603166374715
"p4","floored",3,0.0114227536859671,0.0137754974070049,0.0130516368463173,0.0131084379484437,0,1.20596992509154,1.050887791603
"p4","floored",4,0.0114227536859671,0.0125391382229611,0.0133589714840288,0.0117800543641095,0,1.09773339841561,1.06443806075839
"p4","floored",5,0.0114227536859671,0.0132149411994336,0.0146313600171703,0.0125873174788386,0,1.15689627586631,1.04986159454945
"p4","floored",6,0.0114227536859671,0.0128872777038568,0.00632991693547563,0.0121586997968411,0,1.12821111775252,1.05992235347442
"p4","floored",7,0.0114227536859671,0.0111580106504116,0.0119960098239544,0.0105066689727143,0,0.976823186174386,1.06199316637736
"p4","floored",8,0.0114227536859671,0.0130711289470283,0.00918184534735104,0.0125576823309711,0,1.1443062948198,1.04088705244525
"p4","floored",9,0.0114227536859671,0.0120788223667347,0.0102107437953991,0.0113897124998557,0,1.05743524712203,1.06050283243653
"p4","floored",10,0.0114227536859671,0.0128742365791112,0.010693798451732,0.0122969557343098,0,1.12706943816247,1.04694502096895
"p4","floored",11,0.0114227536859671,0.0122816954156775,0.0136696162778771,0.011875229101948,0,1.07519567989683,1.03422808185341
"p4","floored",12,0.0114227536859671,0.0125600237872814,0.00833486003395924,0.0118330059575001,0,1.09956181605416,1.0614398262278
"p4","floored",13,0.0114227536859671,0.0134656511141609,0.0109433296177164,0.0127279677669524,0,1.17884456623655,1.0579576693401
"p4","floored",14,0.0114227536859671,0.0137402010796326,0.01507957370819,0.0130117653428087,0,1.20287992347349,1.05598285225967
"p4","floored",15,0.0114227536859671,0.0130114663939206,0.0113841966517512,0.0123506253565803,0,1.13908316257447,1.0535066863629
"p4","floored",16,0.0114227536859671,0.0120548140646484,0.013942088377213,0.0114817919817622,0,1.05533345076483,1.04990702529678
"p4","floored",17,0.0114227536859671,0.0115419641474261,0.00956717016809723,0.0109494957592565,0,1.01043622796537,1.05410919381094
"p4","floored",18,0.0114227536859671,0.0150781971632038,0.0141826766888562,0.0145238000610058,0,1.32001420828389,1.03817162862814
"p4","floored",19,0.0114227536859671,0.0147430505962662,0.0078322110003921,0.0139713472196291,0,1.29067394794463,1.05523471462744
"p4","floored",20,0.0114227536859671,0.0115476128187472,0.0112913210932501,0.0109749960592582,0,1.01093073843774,1.05217466652354
"p4","floored",21,0.0114227536859671,0.011920405783415,0.0148065898308482,0.0113698970324294,0,1.04356673628174,1.04841809467715
"p4","floored",22,0.0114227536859671,0.0132030261605515,0.0105630225566827,0.0124603879267824,0,1.15585317897308,1.05959992884114
"p4","floored",23,0.0114227536859671,0.0118201611805409,0.00813258898120791,0.0112022172838328,0,1.03479086615182,1.05516264156025
"p4","floored",24,0.0114227536859671,0.0120048984423148,0.0139217066845692,0.0114313952617722,0,1.05096360933203,1.05016913223712
"p4","floored",25,0.0114227536859671,0.0126521101491975,0.00999804742770218,0.0119682383868292,0,1.10762347653006,1.05714055320964
"p4","floored",26,0.0114227536859671,0.0131334093172799,0.00970425344307762,0.0124934713183814,0,1.14975860272767,1.05122179277403
"p4","floored",27,0.0114227536859671,0.0126241857989547,0.0108642584171604,0.0119564579052289,0,1.10517885144136,1.05584663108576
"p4","floored",28,0.0114227536859671,0.0130609384813122,0.00728163228769258,0.012317449102327,0,1.1434141749338,1.06036066175786
"p4","floored",29,0.0114227536859671,0.0126138203451214,0.00927693342270997,0.0119038619041833,0,1.1042714122968,1.05964101790265
"p4","floored",30,0.0114227536859671,0.013401560856339,0.0137560697405536,0.0127685736093068,0,1.17323381250905,1.04957384171486
"p4","floored",31,0.0114227536859671,0.0120808293381219,0.00927636060946711,0.0113482399274913,0,1.05761094655864,1.06455533327735
"p4","floored",32,0.0114227536859671,0.0143068914193582,0.0159720590521617,0.0134448374925586,0,1.25249058262844,1.06411783907962
"p4","floored",33,0.0114227536859671,0.014047738940699,0.00883397805843397,0.0134750315664028,0,1.22980319167319,1.04250137533808
"p4","floored",34,0.0114227536859671,0.0149113573268212,0.0162595913470885,0.0142501324251057,0,1.3054082874202,1.04640131628184
"p4","floored",35,0.0114227536859671,0.0113795607028327,0.0101563293232105,0.0107875866626648,0,0.996218689090049,1.05487548407993
"p4","floored",36,0.0114227536859671,0.0118957214182653,0.0128816079236945,0.011304136958988,0,1.0414057542779,1.05233344760627
"p4","floored",37,0.0114227536859671,0.0128757483814785,0.0142924196409999,0.0122866423096283,0,1.12720178824274,1.0479468724656
"p4","floored",38,0.0114227536859671,0.0137755051397135,0.00846367007842427,0.0130920546375726,0,1.20597060204815,1.05220345629933
"p4","floored",39,0.0114227536859671,0.0133159536334547,0.0148213850004321,0.0125727857489701,0,1.16573936543982,1.05910924590006
"p4","floored",40,0.0114227536859671,0.0123296613978878,0.0104518780889668,0.0117645969013276,0,1.07939484093357,1.0480309271367
"p4","floored",41,0.0114227536859671,0.0133402904390117,0.0105690561596935,0.0127131756509369,0,1.16786992049038,1.04932794175848
"p4","floored",42,0.0114227536859671,0.0116531221558856,0.010388000117105,0.0110859828664714,0,1.0201675074375,1.0511582325397
"p4","floored",43,0.0114227536859671,0.0142177648484889,0.0146102433416088,0.0136032471267529,0,1.24468803577157,1.04517434080335
"p4","floored",44,0.0114227536859671,0.0133796153336244,0.0131164804088661,0.0127008009285704,0,1.17131260127418,1.05344658253221
"p4","floored",45,0.0114227536859671,0.0112169275721178,0.00983494760593717,0.0106722249412109,0,0.981981042443188,1.05103927568126
"p4","floored",46,0.0114227536859671,0.0126131666923114,0.0109789468370224,0.0121014358267634,0,1.10421418854603,1.04228678917722
"p4","floored",47,0.0114227536859671,0.012071822334781,0.00675637538143519,0.0114612572047553,0,1.05682243237121,1.05327209041015
"p4","floored",48,0.0114227536859671,0.0128672880525536,0.0104047332958083,0.0123209121634042,0,1.12646113242914,1.04434540900083
"p4","floored",49,0.0114227536859671,0.012198519835186,0.0120903522547858,0.0116374616850631,0,1.06791410990258,1.04821138537822
"p4","floored",50,0.0114227536859671,0.0109139953017114,0.00714626711532327,0.0103641649495308,0,0.955460968673361,1.05305110009905
"p4","floored",51,0.0114227536859671,0.0151086054264663,0.0162497386268593,0.0143579508534238,0,1.32267628645685,1.0522814558084
"p4","floored",52,0.0114227536859671,0.0115585380036039,0.00608925953930687,0.010843848550923,0,1.01188717899114,1.06590736207028
"p4","floored",53,0.0114227536859671,0.0142089392319996,0.013249728217001,0.0135149189521872,0,1.24391540101712,1.05135215995506
"p4","floored",54,0.0114227536859671,0.0113280979680435,0.0135687901296849,0.010788773532091,0,0.991713406370663,1.04998941115487
"p4","floored",55,0.0114227536859671,0.0119413499063198,0.0140799340369921,0.0113596006074801,0,1.04540028040609,1.05121212610737
"p4","floored",56,0.0114227536859671,0.0123638189479478,0.0115722450704764,0.0118827030688199,0,1.08238514878744,1.04048875717431
"p4","floored",57,0.0114227536859671,0.0142229318000088,0.0145691844817182,0.013476623546399,0,1.2451403742936,1.05537798477789
"p4","floored",58,0.0114227536859671,0.0120487320851921,0.00834256358283788,0.0115950276520223,0,1.05480100652034,1.03912922390407
"p4","floored",59,0.0114227536859671,0.0130372416644269,0.0121951473333698,0.0123663610723875,0,1.14133964741297,1.05425044506726
"p4","floored",60,0.0114227536859671,0.0133353080234532,0.0117983856447686,0.0129335410359571,0,1.16743373708878,1.03106395892503
"p4","floored",61,0.0114227536859671,0.0134194564205385,0.0137902118014053,0.0126455267321298,0,1.17480047188834,1.06120185460067
"p4","floored",62,0.0114227536859671,0.0134462928387062,0.00965485078286226,0.0129548533832134,0,1.17714985443703,1.03793477555907
"p4","floored",63,0.0114227536859671,0.0127921726754539,0.0132026848499108,0.0122617557565613,0,1.11988518943283,1.04325782778774
"p4","floored",64,0.0114227536859671,0.0123312142348527,0.0137904045907184,0.0117021347398829,0,1.07953078336983,1.05375766977164
"p4","floored",65,0.0114227536859671,0.0131533393304051,0.01594031579096,0.012574829353448,0,1.15150336705272,1.04600539384643
"p4","floored",66,0.0114227536859671,0.0134128274955582,0.0130502133838997,0.0127222095025906,0,1.174220145536,1.05428443800009
"p4","floored",67,0.0114227536859671,0.0117959584362772,0.00658324881615707,0.0112075153297236,0,1.03267204743883,1.05250433207019
"p4","floored",68,0.0114227536859671,0.0122319140123386,0.0111101539104546,0.0115877038423806,0,1.07083758860751,1.05559429018214
"p4","floored",69,0.0114227536859671,0.0106430235812528,0.0109096058643254,0.0100982015055898,0,0.931738867338771,1.05395238700292
"p4","floored",70,0.0114227536859671,0.0133888171110559,0.0110862302752489,0.0126360281102385,0,1.1721181668746,1.05957481213638
"p4","floored",71,0.0114227536859671,0.0123169681706246,0.0104617378479289,0.0116886494753923,0,1.07828361787718,1.05375460155213
"p4","floored",72,0.0114227536859671,0.0140410192579505,0.0115325932697268,0.0133300017778769,0,1.22921491997153,1.05333963880287
"p4","floored",73,0.0114227536859671,0.0135915639144773,0.0113124743134289,0.0129239045162745,0,1.18986754754018,1.05166081174324
"p4","floored",74,0.0114227536859671,0.0140497302585452,0.013418777060358,0.0132384671378197,0,1.22997752072736,1.06128074438526
"p4","floored",75,0.0114227536859671,0.0150266545385148,0.0110712963773855,0.0141424682193174,0,1.31550193163799,1.06251994386593
"p4","floored",76,0.0114227536859671,0.0126830719802708,0.0102083691897089,0.0120532624604316,0,1.11033401655609,1.05225220324428
"p4","floored",77,0.0114227536859671,0.0125770813839928,0.0141830104616112,0.011957746069136,0,1.10105511593441,1.05179365001364
"p4","floored",78,0.0114227536859671,0.0123196227842927,0.0107951089905179,0.0117087364133559,0,1.07851601487541,1.05217355224087
"p4","floored",79,0.0114227536859671,0.0147516617470852,0.0134492491131735,0.013980209793142,0,1.2914278073953,1.05518171510714
"p4","floored",80,0.0114227536859671,0.0113118479569768,0.00558054381556061,0.0108185484883568,0,0.9902908062242,1.04559756506624
"p4","floored",81,0.0114227536859671,0.0132831304893966,0.0107134303044147,0.0125766173402929,0,1.16286587757862,1.05617672303984
"p4","floored",82,0.0114227536859671,0.0123094920437165,0.00708958431504611,0.0116695148638475,0,1.07762912360079,1.05484179825262
"p4","floored",83,0.0114227536859671,0.0122822551976142,0.00985147239034434,0.0116731887039281,0,1.07524468576286,1.05217653112051
"p4","floored",84,0.0114227536859671,0.01142640721329,0.0103189729069486,0.0108093453154388,0,1.00031984645938,1.05708596402872
"p4","floored",85,0.0114227536859671,0.0114727019101459,0.0118890830183688,0.0109036183178039,0,1.00437269554715,1.05219217839025
"p4","floored",86,0.0114227536859671,0.0130395393317933,0.0107879576960282,0.0123226193425255,0,1.14154079570257,1.0581791881531
"p4","floored",87,0.0114227536859671,0.0112180843310238,0.00918894463763671,0.010653372236953,0,0.982082310398172,1.05300782526983
"p4","floored",88,0.0114227536859671,0.0113859887296412,0.0100865323052802,0.0107516157143558,0,0.99678142789938,1.05900257525373
"p4","floored",89,0.0114227536859671,0.0131120824102221,0.0080470228333731,0.0126137875252203,0,1.14789154793124,1.03950398593647
"p4","floored",90,0.0114227536859671,0.0130897696927711,0.0140481798989306,0.012503215767706,0,1.14593819079299,1.04691224529453
"p4","floored",91,0.0114227536859671,0.0129135013467968,0.0151019764216026,0.0123497647271599,0,1.13050685516059,1.04564755945488
"p4","floored",92,0.0114227536859671,0.0125415956301735,0.00813589928742174,0.0119742083014865,0,1.09794853106049,1.0473841204697
"p4","floored",93,0.0114227536859671,0.011133656775428,0.00529650562148138,0.0105672727899327,0,0.974691136788297,1.05359793361585
"p4","floored",94,0.0114227536859671,0.0134067880419845,0.014072934640832,0.012694482028302,0,1.17369142420139,1.05611146733632
"p4","floored",95,0.0114227536859671,0.0134038539758339,0.0096411472361096,0.0127437391584872,0,1.17343456265721,1.05179914694872
"p4","floored",96,0.0114227536859671,0.0125573256216411,0.0130618000545368,0.0118777842398384,0,1.09932560631748,1.05721112356322
"p4","floored",97,0.0114227536859671,0.0133823704950059,0.00838893971482686,0.0127178684012785,0,1.17155380067822,1.05224948653036
"p4","floored",98,0.0114227536859671,0.0121650729287384,0.00882354767842095,0.0115266376402639,0,1.06498601503446,1.05538781632593
"p4","floored",99,0.0114227536859671,0.0129229821964844,0.0113177960536207,0.0122256271937658,0,1.13133685202022,1.05704042759248
"p4","floored",100,0.0114227536859671,0.0121467039619951,0.00911077380344393,0.0115741021646897,0,1.0633779118355,1.04947267521555
"p4","gamma_ll",1,0.0114227536859671,0.0152491016454594,0.0108543680185844,0.00230155417196294,0,1.3349759668015,6.62556711947987
"p4","gamma_ll",2,0.0114227536859671,0.0205998449790676,0.010581568254644,0.00108035101447027,0,1.80340446317901,19.0677332673847
"p4","gamma_ll",3,0.0114227536859671,0.0217270135343265,0.0130516368463173,0.000481292166932393,0,1.90208194378017,45.1430856911879
"p4","gamma_ll",4,0.0114227536859671,0.0194128124378422,0.0133589714840288,0.00108580578951983,0,1.69948621598055,17.878715167311
"p4","gamma_ll",5,0.0114227536859671,0.0186066902630158,0.0146313600171703,0.00144879835047988,0,1.62891460102778,12.8428433514248
"p4","gamma_ll",6,0.0114227536859671,0.0194456358978119,0.00632991693547563,0.000623353573505404,0,1.70235973149809,31.1951943877696
"p4","gamma_ll",7,0.0114227536859671,0.0174222908485554,0.0119960098239544,0.000919407309003787,0,1.52522686976597,18.9494804728419
"p4","gamma_ll",8,0.0114227536859671,0.0216535672421664,0.00918184534735104,0.000718277230570302,0,1.89565212009849,30.1465316184028
"p4","gamma_ll",9,0.0114227536859671,0.0219622729938673,0.0102107437953991,0.000336830855655476,0,1.92267763077549,65.2026755420861
"p4","gamma_ll",10,0.0114227536859671,0.0185506148732909,0.010693798451732,0.000590486778855304,0,1.62400550543958,31.4158005523043
"p4","gamma_ll",11,0.0114227536859671,0.0181131365179182,0.0136696162778771,0.00147901467662605,0,1.58570665321885,12.2467591459188
"p4","gamma_ll",12,0.0114227536859671,0.0233932150233121,0.00833486003395924,0.000507565705914069,0,2.04794882796525,46.0890378343894
"p4","gamma_ll",13,0.0114227536859671,0.0223139154207313,0.0109433296177164,0.000785853763124155,0,1.95346201399265,28.3944882213486
"p4","gamma_ll",14,0.0114227536859671,0.0190516249676516,0.01507957370819,0.000900583775290055,0,1.66786621609958,21.1547503856768
"p4","gamma_ll",15,0.0114227536859671,0.0218238322200698,0.0113841966517512,0.000513986817762982,0,1.91055789348591,42.4599064914805
"p4","gamma_ll",16,0.0114227536859671,0.0131304848392976,0.013942088377213,0.00235035357171844,0,1.14950258057551,5.58659981940394
"p4","gamma_ll",17,0.0114227536859671,0.0171632778442106,0.00956717016809723,0.000785446660862612,0,1.50255168902886,21.8516147555597
"p4","gamma_ll",18,0.0114227536859671,0.0191565062239181,0.0141826766888562,0.00118479193000491,0,1.67704800003277,16.1686670366152
"p4","gamma_ll",19,0.0114227536859671,0.0223291204241035,0.0078322110003921,0.000591286345284712,0,1.95479312939531,37.7636328018901
"p4","gamma_ll",20,0.0114227536859671,0.0184544981926182,0.0112913210932501,0.000780485060572748,0,1.61559101246222,23.6449089481298
"p4","gamma_ll",21,0.0114227536859671,0.0161302121534303,0.0148065898308482,0.000920083434502525,0,1.4121124027428,17.5312493938679
"p4","gamma_ll",22,0.0114227536859671,0.0205186493292349,0.0105630225566827,0.00142534219637203,0,1.79629622535257,14.3955952342264
"p4","gamma_ll",23,0.0114227536859671,0.013351281547456,0.00813258898120791,0.00234923112742709,0,1.16883213229556,5.68325584978881
"p4","gamma_ll",24,0.0114227536859671,0.0132195742449481,0.0139217066845692,0.00213154896405832,0,1.15730187381948,6.20186280862107
"p4","gamma_ll",25,0.0114227536859671,0.0192699908684162,0.00999804742770218,0.000338363969505401,0,1.68698296384429,56.9504811537228
"p4","gamma_ll",26,0.0114227536859671,0.0233644556149179,0.00970425344307762,0.000763891847068195,0,2.04543109807411,30.5860779959758
"p4","gamma_ll",27,0.0114227536859671,0.016193240259739,0.0108642584171604,0.00100109947197608,0,1.41763017087836,16.1754557993873
"p4","gamma_ll",28,0.0114227536859671,0.0213036614623183,0.00728163228769258,0.000474296173872911,0,1.86501977088851,44.9163679486622
"p4","gamma_ll",29,0.0114227536859671,0.0167138031564769,0.00927693342270997,0.00137910398969259,0,1.46320262311266,12.1193204293481
"p4","gamma_ll",30,0.0114227536859671,0.0152895766350854,0.0137560697405536,0.00239585049210409,0,1.33851933215269,6.38169062947569
"p4","gamma_ll",31,0.0114227536859671,0.0110829484210573,0.00927636060946711,0.00986063002449044,0,0.970251895974325,1.1239594623803
"p4","gamma_ll",32,0.0114227536859671,0.0159913820792518,0.0159720590521617,0.00222013709409573,0,1.39995858432081,7.20288045354479
"p4","gamma_ll",33,0.0114227536859671,0.0188500870158056,0.00883397805843397,0.0018655602572503,0,1.65022266381905,10.1042498855488
"p4","gamma_ll",34,0.0114227536859671,0.0219332354467615,0.0162595913470885,0.000429739677880008,0,1.92013555135191,51.0384229703028
"p4","gamma_ll",35,0.0114227536859671,0.0194663868336321,0.0101563293232105,0.00231610338744404,0,1.7041763631432,8.40480046752766
"p4","gamma_ll",36,0.0114227536859671,0.0121761009434484,0.0128816079236945,0.00272771576046438,0,1.06595145778261,4.46384521434719
"p4","gamma_ll",37,0.0114227536859671,0.016297356154604,0.0142924196409999,0.00165903277357218,0,1.42674495158075,9.82340820158303
"p4","gamma_ll",38,0.0114227536859671,0.0219639338627071,0.00846367007842427,0.000626958529023828,0,1.92282303081522,35.0325146655311
"p4","gamma_ll",39,0.0114227536859671,0.0211891897692164,0.0148213850004321,0.000544185770136446,0,1.85499839633655,38.9374197783665
"p4","gamma_ll",40,0.0114227536859671,0.0171629759403582,0.0104518780889668,0.00100061500464936,0,1.5025252589875,17.152427117933
"p4","gamma_ll",41,0.0114227536859671,0.0211814514847649,0.0105690561596935,0.000945541933211447,0,1.85432095159211,22.4013877552992
"p4","gamma_ll",42,0.0114227536859671,0.0209894128754585,0.010388000117105,0.000205340747560213,0,1.83750901511988,102.217475707317
"p4","gamma_ll",43,0.0114227536859671,0.0174143560160044,0.0146102433416088,0.00126025558760541,0,1.52453221830371,13.8181145057195
"p4","gamma_ll",44,0.0114227536859671,0.0179083512091784,0.0131164804088661,0.00159166844862786,0,1.56777881249237,11.2513075349434
"p4","gamma_ll",45,0.0114227536859671,0.0124418050554738,0.00983494760593717,0.00253720283961766,0,1.0892124086295,4.90374867204102
"p4","gamma_ll",46,0.0114227536859671,0.0217355437195041,0.0109789468370224,0.000546192728186108,0,1.90282871512902,39.794641337843
"p4","gamma_ll",47,0.0114227536859671,0.0185997488267625,0.00675637538143519,0.00105061262579347,0,1.62830691601205,17.7037172123409
"p4","gamma_ll",48,0.0114227536859671,0.0165398966594198,0.0104047332958083,0.0014786786739689,0,1.4479780545158,11.1855922118802
"p4","gamma_ll",49,0.0114227536859671,0.0153588244330303,0.0120903522547858,0.00189280450303439,0,1.34458160048558,8.11432158387634
"p4","gamma_ll",50,0.0114227536859671,0.0170889819591984,0.00714626711532327,0.000895541202045149,0,1.4960474881107,19.0822956221023
"p4","gamma_ll",51,0.0114227536859671,0.0205937757587579,0.0162497386268593,0.000724895111852686,0,1.80287313592845,28.4093180130906
"p4","gamma_ll",52,0.0114227536859671,0.0197992130930642,0.00608925953930687,0.000831440596199854,0,1.73331349317176,23.8131421337347
"p4","gamma_ll",53,0.0114227536859671,0.0146674253773958,0.013249728217001,0.00252239298998239,0,1.2840533710724,5.81488508557036
"p4","gamma_ll",54,0.0114227536859671,0.0150010016580048,0.0135687901296849,0.00162148584981578,0,1.31325616137846,9.25139227068129
"p4","gamma_ll",55,0.0114227536859671,0.016605893449278,0.0140799340369921,0.00132218430389514,0,1.45375571476065,12.5594392554481
"p4","gamma_ll",56,0.0114227536859671,0.0180791775681652,0.0115722450704764,0.000762264372551294,0,1.58273373174242,23.7177260530416
"p4","gamma_ll",57,0.0114227536859671,0.019478852662682,0.0145691844817182,0.00155466983654725,0,1.70526767872197,12.5292536104916
"p4","gamma_ll",58,0.0114227536859671,0.0127361034777221,0.00834256358283788,0.00568358966771273,0,1.11497663591997,2.24085555473387
"p4","gamma_ll",59,0.0114227536859671,0.0203554340549504,0.0121951473333698,0.000650895070472693,0,1.78200761520027,31.2729885020758
"p4","gamma_ll",60,0.0114227536859671,0.0187107099299479,0.0117983856447686,0.000297939210326984,0,1.63802095749767,62.8004280115168
"p4","gamma_ll",61,0.0114227536859671,0.0253954534093011,0.0137902118014053,0.000144117335260646,0,2.22323391604771,176.213731424965
"p4","gamma_ll",62,0.0114227536859671,0.021835952769471,0.00965485078286226,0.000873312503442948,0,1.9116189817081,25.0035957156057
"p4","gamma_ll",63,0.0114227536859671,0.0212963977784724,0.0132026848499108,0.000802095405428968,0,1.86438387484754,26.5509534580652
"p4","gamma_ll",64,0.0114227536859671,0.015995475091468,0.0137904045907184,0.00137122874992158,0,1.4003169052939,11.6650668915619
"p4","gamma_ll",65,0.0114227536859671,0.0138517820409103,0.01594031579096,0.00205099815865425,0,1.21264823016601,6.75367843820937
"p4","gamma_ll",66,0.0114227536859671,0.0213767188325329,0.0130502133838997,0.00112788629550788,0,1.87141554656775,18.9529023605231
"p4","gamma_ll",67,0.0114227536859671,0.0178534096742895,0.00658324881615707,0.000987222662800634,0,1.5629689797323,18.0844811885107
"p4","gamma_ll",68,0.0114227536859671,0.0150968136648243,0.0111101539104546,0.00225253137835911,0,1.32164398181594,6.70215465580852
"p4","gamma_ll",69,0.0114227536859671,0.0182336800212589,0.0109096058643254,0.000425531406132662,0,1.59625958175558,42.8491992799574
"p4","gamma_ll",70,0.0114227536859671,0.0141242927031854,0.0110862302752489,0.00275838923337564,0,1.23650505749215,5.12048572851357
"p4","gamma_ll",71,0.0114227536859671,0.0188457807148247,0.0104617378479289,0.000766580737058053,0,1.64984567057387,24.5842085559704
"p4","gamma_ll",72,0.0114227536859671,0.0165179396879089,0.0115325932697268,0.00153822903598688,0,1.44605584100103,10.7382836375283
"p4","gamma_ll",73,0.0114227536859671,0.0191749532487065,0.0113124743134289,0.000556835633885528,0,1.67866293678931,34.4355714358761
"p4","gamma_ll",74,0.0114227536859671,0.0201697032456174,0.013418777060358,0.000752744951802369,0,1.76574789233141,26.7948701579773
"p4","gamma_ll",75,0.0114227536859671,0.023816879453445,0.0110712963773855,0.000425409989891383,0,2.08503834611299,55.9857079508781
"p4","gamma_ll",76,0.0114227536859671,0.0202887276641254,0.0102083691897089,0.00065698699754051,0,1.77616783324761,30.8814751891257
"p4","gamma_ll",77,0.0114227536859671,0.0186428430653458,0.0141830104616112,0.000736389293666218,0,1.63207958237325,25.3165590886442
"p4","gamma_ll",78,0.0114227536859671,0.0164759728441186,0.0107951089905179,0.00153124730226657,0,1.44238187192632,10.7598379567629
"p4","gamma_ll",79,0.0114227536859671,0.0133734924435708,0.0134492491131735,0.00988376625302586,0,1.17077657552926,1.3530765602107
"p4","gamma_ll",80,0.0114227536859671,0.0144938366828617,0.00558054381556061,0.00359315540773907,0,1.2688566243591,4.0337349872606
"p4","gamma_ll",81,0.0114227536859671,0.022296687723936,0.0107134303044147,0.000707579396499045,0,1.95195382277458,31.511216740136
"p4","gamma_ll",82,0.0114227536859671,0.0128496993404071,0.00708958431504611,0.00279394243912519,0,1.12492133627927,4.59912815685297
"p4","gamma_ll",83,0.0114227536859671,0.0178613867608679,0.00985147239034434,0.00127447967234446,0,1.563667330305,14.014650173283
"p4","gamma_ll",84,0.0114227536859671,0.0167605240269752,0.0103189729069486,0.000822099570499595,0,1.46729278138647,20.3874623323179
"p4","gamma_ll",85,0.0114227536859671,0.0162564835081258,0.0118890830183688,0.000943605067854631,0,1.42316677353351,17.2280587100771
"p4","gamma_ll",86,0.0114227536859671,0.0206685646169837,0.0107879576960282,0.000819738820427297,0,1.80942049397205,25.2135974312038
"p4","gamma_ll",87,0.0114227536859671,0.0171106059873725,0.00918894463763671,0.00109714098134847,0,1.49794055424595,15.5956310795557
"p4","gamma_ll",88,0.0114227536859671,0.0155746875484277,0.0100865323052802,0.00242423360106513,0,1.36347924297459,6.42458199638214
"p4","gamma_ll",89,0.0114227536859671,0.0151218067997394,0.0080470228333731,0.00198043669208013,0,1.32383199493451,7.63559211976445
"p4","gamma_ll",90,0.0114227536859671,0.0147448511047678,0.0140481798989306,0.0023876247287218,0,1.29083157267777,6.1755312413192
"p4","gamma_ll",91,0.0114227536859671,0.0185800678634787,0.0151019764216026,0.00150875876658565,0,1.62658395464697,12.3148035822358
"p4","gamma_ll",92,0.0114227536859671,0.018458791648724,0.00813589928742174,0.00140497499210531,0,1.61596688120839,13.1381638480726
"p4","gamma_ll",93,0.0114227536859671,0.018526325279569,0.00529650562148138,0.000379984695803169,0,1.62187908352857,48.7554511647112
"p4","gamma_ll",94,0.0114227536859671,0.0196479627236132,0.014072934640832,0.00111990093760168,0,1.72007234540571,17.5443756353042
"p4","gamma_ll",95,0.0114227536859671,0.0207490185443221,0.0096411472361096,0.00121498681620211,0,1.81646379802554,17.0775668242893
"p4","gamma_ll",96,0.0114227536859671,0.0192942309371214,0.0130618000545368,0.000676286937159583,0,1.68910505010927,28.5296519524057
"p4","gamma_ll",97,0.0114227536859671,0.0168503694911258,0.00838893971482686,0.00268083127968476,0,1.47515826344277,6.28550167211837
"p4","gamma_ll",98,0.0114227536859671,0.0182620137823402,0.00882354767842095,0.0005802536138804,0,1.59874004853796,31.4724688403308
"p4","gamma_ll",99,0.0114227536859671,0.0120941506953363,0.0113177960536207,0.0034761168926045,0,1.05877715897823,3.4792128886882
"p4","gamma_ll",100,0.0114227536859671,0.0197765313192493,0.00911077380344393,0.00109930066961183,0,1.73132782715474,17.9901021312326
"p4","gamma_pw",1,0.0114227536859671,0.0235043095345451,0.0108543680185844,0.00370626833362262,0,2.05767454860032,6.34177221366249
"p4","gamma_pw",2,0.0114227536859671,0.0257221541533332,0.010581568254644,0.00311559494439956,0,2.25183479049652,8.25593654257594
"p4","gamma_pw",3,0.0114227536859671,0.0264908290787315,0.0130516368463173,0.000723959431209391,0,2.31912810229599,36.5915933085891
"p4","gamma_pw",4,0.0114227536859671,0.0222966209311092,0.0133589714840288,0.00336401693580426,0,1.95194797542563,6.62797523216944
"p4","gamma_pw",5,0.0114227536859671,0.0147849314825965,0.0146313600171703,0.0353834597379304,0,1.29434039191091,0.417848666922397
"p4","gamma_pw",6,0.0114227536859671,0.0226920625797364,0.00632991693547563,0.00100235751204757,0,1.98656674244964,22.6386915915681
"p4","gamma_pw",7,0.0114227536859671,0.0187160922340312,0.0119960098239544,0.00348343143101464,0,1.63849214896614,5.37288952134755
"p4","gamma_pw",8,0.0114227536859671,0.022999107237625,0.00918184534735104,0.00391360818346623,0,2.0134468333918,5.876701539717
"p4","gamma_pw",9,0.0114227536859671,0.0169639618019738,0.0102107437953991,0.0103961170504535,0,1.48510265285805,1.63175940782947
"p4","gamma_pw",10,0.0114227536859671,0.0217235635807943,0.010693798451732,0.00140030544224351,0,1.90177991909969,15.5134465134904
"p4","gamma_pw",11,0.0114227536859671,0.0211282969437997,0.0136696162778771,0.00588211042082316,0,1.84966756043736,3.59195857136646
"p4","gamma_pw",12,0.0114227536859671,0.02456921669228,0.00833486003395924,0.000187196096782947,0,2.1509013822528,131.248552264249
"p4","gamma_pw",13,0.0114227536859671,0.0253207536322143,0.0109433296177164,0.00425204309619832,0,2.21669435657365,5.95496166415931
"p4","gamma_pw",14,0.0114227536859671,0.0211789999076052,0.01507957370819,0.00289161949997109,0,1.85410632933665,7.32426929193727
"p4","gamma_pw",15,0.0114227536859671,0.0242829279699573,0.0113841966517512,0.000690145819270434,0,2.12583836065632,35.1852134605803
"p4","gamma_pw",16,0.0114227536859671,0.0157897910147629,0.013942088377213,0.00837605800787802,0,1.38231038231707,1.88511003623805
"p4","gamma_pw",17,0.0114227536859671,0.0190847232581233,0.00956717016809723,0.00430315505611368,0,1.67076379153381,4.43505358492923
"p4","gamma_pw",18,0.0114227536859671,0.0212016998967532,0.0141826766888562,0.0101902166122884,0,1.85609359000706,2.08059364225742
"p4","gamma_pw",19,0.0114227536859671,0.0255134735552328,0.0078322110003921,0.000996164337510897,0,2.23356593835828,25.6117114360698
"p4","gamma_pw",20,0.0114227536859671,0.0205286657919522,0.0112913210932501,0.00213899782494339,0,1.79717311222176,9.59732896993264
"p4","gamma_pw",21,0.0114227536859671,0.015066802960053,0.0148065898308482,0.00555132977908126,0,1.31901670772806,2.71408897681206
"p4","gamma_pw",22,0.0114227536859671,0.0240799097175322,0.0105630225566827,0.0100332835953132,0,2.10806521610585,2.40000289922837
"p4","gamma_pw",23,0.0114227536859671,0.0231353257348077,0.00813258898120791,0.000191098853198787,0,2.02537202244232,121.064702103375
"p4","gamma_pw",24,0.0114227536859671,0.0166166019469164,0.0139217066845692,0.00957923543527208,0,1.45469318552583,1.73464803732997
"p4","gamma_pw",25,0.0114227536859671,0.0221634402950886,0.00999804742770218,0.001948446663929,0,1.9402887346084,11.3749278876315
"p4","gamma_pw",26,0.0114227536859671,0.0251414149082719,0.00970425344307762,0.00139661047816153,0,2.20099422603834,18.0017372785056
"p4","gamma_pw",27,0.0114227536859671,0.0164875355353799,0.0108642584171604,0.0094861666159422,0,1.44339412270046,1.73806092628306
"p4","gamma_pw",28,0.0114227536859671,0.0233793747542005,0.00728163228769258,0.000931964021317486,0,2.04673718762947,25.0861344638068
"p4","gamma_pw",29,0.0114227536859671,0.022349324100527,0.00927693342270997,0.00570974350837475,0,1.95656185145471,3.91424309476357
"p4","gamma_pw",30,0.0114227536859671,0.0233322245628153,0.0137560697405536,0.00215629076668716,0,2.04260944464547,10.8205372500213
"p4","gamma_pw",31,0.0114227536859671,0.0206929979331243,0.00927636060946711,0.00660939643838013,0,1.81155949799965,3.13084532393336
"p4","gamma_pw",32,0.0114227536859671,0.0188107065534852,0.0159720590521617,0.00774630808678402,0,1.64677511838448,2.42834474729687
"p4","gamma_pw",33,0.0114227536859671,0.0180129015570407,0.00883397805843397,0.0160777791722418,0,1.57693162719332,1.12036005495957
"p4","gamma_pw",34,0.0114227536859671,0.0199262709976858,0.0162595913470885,0.00597068636021787,0,1.7444367221334,3.33735014628346
"p4","gamma_pw",35,0.0114227536859671,0.021628518285995,0.0101563293232105,0.00439592080574018,0,1.89345922013233,4.92013374257165
"p4","gamma_pw",36,0.0114227536859671,0.0198651892753266,0.0128816079236945,0.00679183027155113,0,1.7390893493336,2.92486538695404
"p4","gamma_pw",37,0.0114227536859671,0.0179376861147837,0.0142924196409999,0.0125338342739313,0,1.57034692403638,1.43114115942091
"p4","gamma_pw",38,0.0114227536859671,0.0246445386171145,0.00846367007842427,0.00162924384053279,0,2.15749540738065,15.1263659889334
"p4","gamma_pw",39,0.0114227536859671,0.0246807875931994,0.0148213850004321,0.00109357612234268,0,2.16066880821564,22.56887937561
"p4","gamma_pw",40,0.0114227536859671,0.019746507756438,0.0104518780889668,0.00463655229345835,0,1.72869942741535,4.25887739566705
"p4","gamma_pw",41,0.0114227536859671,0.0260529668370974,0.0105690561596935,0.00245941022105683,0,2.28079564291958,10.5931766136607
"p4","gamma_pw",42,0.0114227536859671,0.0221799333701501,0.010388000117105,0.000217899941290829,0,1.9417326136865,101.789533483842
"p4","gamma_pw",43,0.0114227536859671,0.020165229068179,0.0146102433416088,0.0140813124134325,0,1.76535620241484,1.43205608086239
"p4","gamma_pw",44,0.0114227536859671,0.0178189991995888,0.0131164804088661,0.00141551134392517,0,1.55995652970084,12.5883831846781
"p4","gamma_pw",45,0.0114227536859671,0.0182445673304252,0.00983494760593717,0.00304918124724712,0,1.59721270649814,5.98343156770259
"p4","gamma_pw",46,0.0114227536859671,0.0236237146927719,0.0109789468370224,0.00147286145752392,0,2.06812782120949,16.039332533344
"p4","gamma_pw",47,0.0114227536859671,0.0217644699897903,0.00675637538143519,0.00467746915888061,0,1.90536105287186,4.65304403952475
"p4","gamma_pw",48,0.0114227536859671,0.0200470995569843,0.0104047332958083,0.00441704876459903,0,1.7550146057699,4.53857329302185
"p4","gamma_pw",49,0.0114227536859671,0.0193248807715575,0.0120903522547858,0.0198875888493331,0,1.69178827652549,0.971705565614884
"p4","gamma_pw",50,0.0114227536859671,0.0198006359134288,0.00714626711532327,0.00471633351820765,0,1.73343805336133,4.19831121717483
"p4","gamma_pw",51,0.0114227536859671,0.0244642636400161,0.0162497386268593,0.00718658948946192,0,2.14171331297028,3.40415487428207
"p4","gamma_pw",52,0.0114227536859671,0.0221543166310485,0.00608925953930687,0.00212133571743007,0,1.93949000741083,10.4435693271067
"p4","gamma_pw",53,0.0114227536859671,0.0183974910026104,0.013249728217001,0.0201812544756138,0,1.61060034282379,0.911612854634043
"p4","gamma_pw",54,0.0114227536859671,0.0170711227073001,0.0135687901296849,0.0075742411676204,0,1.49448400767601,2.25383933908502
"p4","gamma_pw",55,0.0114227536859671,0.0176133378183691,0.0140799340369921,0.00514460903258976,0,1.5419519935904,3.4236494370696
"p4","gamma_pw",56,0.0114227536859671,0.0214553742480621,0.0115722450704764,0.00199802706226315,0,1.87830140068765,10.7382801030532
"p4","gamma_pw",57,0.0114227536859671,0.021528827439527,0.0145691844817182,0.0148841701440257,0,1.88473182836597,1.44642443825922
"p4","gamma_pw",58,0.0114227536859671,0.0237705981654649,0.00834256358283788,0.00519924450329205,0,2.08098667089943,4.57193312420947
"p4","gamma_pw",59,0.0114227536859671,0.0243585759061623,0.0121951473333698,0.00107169182620696,0,2.13246092630771,22.7290862079025
"p4","gamma_pw",60,0.0114227536859671,0.0228110614981722,0.0117983856447686,0.000321383323090445,0,1.99698445097311,70.9777386045404
"p4","gamma_pw",61,0.0114227536859671,0.0260893805063204,0.0137902118014053,5.22844040623017e-05,0,2.28398346174366,498.989726940992
"p4","gamma_pw",62,0.0114227536859671,0.025286224549071,0.00965485078286226,0.00221861689402795,0,2.2136715230177,11.3972919872449
"p4","gamma_pw",63,0.0114227536859671,0.0252960546136892,0.0132026848499108,0.00396733720187882,0,2.21453209174644,6.37607879706057
"p4","gamma_pw",64,0.0114227536859671,0.0193520988070714,0.0137904045907184,0.00723593309969201,0,1.69417106759865,2.67444413048749
"p4","gamma_pw",65,0.0114227536859671,0.0207932745913543,0.01594031579096,0.00344322005923161,0,1.82033817440175,6.03890376846682
"p4","gamma_pw",66,0.0114227536859671,0.0238158549483713,0.0130502133838997,0.00232256226571965,0,2.0849486562622,10.254129803057
"p4","gamma_pw",67,0.0114227536859671,0.0203350072508766,0.00658324881615707,0.00199908263305535,0,1.78021935952783,10.1721694314342
"p4","gamma_pw",68,0.0114227536859671,0.0164975288904307,0.0111101539104546,0.00579221014694026,0,1.44426898661904,2.8482269240776
"p4","gamma_pw",69,0.0114227536859671,0.0192700444364816,0.0109096058643254,0.000998030489148613,0,1.68698765343726,19.3080718935954
"p4","gamma_pw",70,0.0114227536859671,0.0188165302281138,0.0110862302752489,0.0126946239251357,0,1.64728494944524,1.48224400652442
"p4","gamma_pw",71,0.0114227536859671,0.0138742532387404,0.0104617378479289,0.0274539995598005,0,1.21461546140007,0.505363643228716
"p4","gamma_pw",72,0.0114227536859671,0.0192590112564273,0.0115325932697268,0.0205650401377217,0,1.6860217584913,0.93649276283693
"p4","gamma_pw",73,0.0114227536859671,0.0219772777554116,0.0113124743134289,0.00130112949258461,0,1.92399121609448,16.8909227564699
"p4","gamma_pw",74,0.0114227536859671,0.0184869022698078,0.013418777060358,0.0148855253558042,0,1.6184278132968,1.24193818007232
"p4","gamma_pw",75,0.0114227536859671,0.0277451057393974,0.0110712963773855,0.000333027714293719,0,2.42893320666472,83.3117021453872
"p4","gamma_pw",76,0.0114227536859671,0.0173477679196903,0.0102083691897089,0.00534872345161247,0,1.51870279239252,3.24334732887722
"p4","gamma_pw",77,0.0114227536859671,0.0224670631070438,0.0141830104616112,0.0013278953390941,0,1.96686926153757,16.9193026329703
"p4","gamma_pw",78,0.0114227536859671,0.0152362934574924,0.0107951089905179,0.0155236993532304,0,1.33385467956034,0.981485991889025
"p4","gamma_pw",79,0.0114227536859671,0.0157187629199542,0.0134492491131735,0.0695714580194346,0,1.37609225867005,0.225936948390002
"p4","gamma_pw",80,0.0114227536859671,0.0161703054196338,0.00558054381556061,0.0246469955854466,0,1.41562235028311,0.656076127557791
"p4","gamma_pw",81,0.0114227536859671,0.0258665911377766,0.0107134303044147,0.001485370167082,0,2.26447946343741,17.4142390301209
"p4","gamma_pw",82,0.0114227536859671,0.0163916392235977,0.00708958431504611,0.00869615204912168,0,1.4349989218217,1.88493015428051
"p4","gamma_pw",83,0.0114227536859671,0.0212778395872891,0.00985147239034434,0.00930707876140267,0,1.86275920607733,2.28619958343216
"p4","gamma_pw",84,0.0114227536859671,0.0190435128589443,0.0103189729069486,0.00373225049643449,0,1.66715604507338,5.10242087907472
"p4","gamma_pw",85,0.0114227536859671,0.0201172072348149,0.0118890830183688,0.0073874486828651,0,1.76115215191315,2.72316033564822
"p4","gamma_pw",86,0.0114227536859671,0.0226851302485872,0.0107879576960282,0.00565893093944448,0,1.98595985453629,4.00873071103675
"p4","gamma_pw",87,0.0114227536859671,0.0183431083716876,0.00918894463763671,0.00284939661584351,0,1.6058394390682,6.4375412919684
"p4","gamma_pw",88,0.0114227536859671,0.0188337314815525,0.0100865323052802,0.0216062047132304,0,1.64879082569116,0.871681617920605
"p4","gamma_pw",89,0.0114227536859671,0.0174388253068517,0.0080470228333731,0.0358330359698375,0,1.52667437172136,0.486668930914223
"p4","gamma_pw",90,0.0114227536859671,0.0167593695628852,0.0140481798989306,0.00671127365597435,0,1.46719171433015,2.49719657131938
"p4","gamma_pw",91,0.0114227536859671,0.0196211524819771,0.0151019764216026,0.00937814474451708,0,1.71772525447009,2.0922211179827
"p4","gamma_pw",92,0.0114227536859671,0.0218578727947114,0.00813589928742174,0.00660872744643265,0,1.91353796077769,3.30742536621179
"p4","gamma_pw",93,0.0114227536859671,0.0207392393499377,0.00529650562148138,0.000554510654946052,0,1.81560768270928,37.4009753734226
"p4","gamma_pw",94,0.0114227536859671,0.0174988048050195,0.014072934640832,0.0077178018519753,0,1.53192525078404,2.26733014667134
"p4","gamma_pw",95,0.0114227536859671,0.0241656496358973,0.0096411472361096,0.00412442110343108,0,2.11557127994319,5.85916157198257
"p4","gamma_pw",96,0.0114227536859671,0.0226431737140336,0.0130618000545368,0.0013315646760714,0,1.98228678797922,17.0049372147955
"p4","gamma_pw",97,0.0114227536859671,0.0199745619655685,0.00838893971482686,0.0346307594672517,0,1.74866433389939,0.576786714263581
"p4","gamma_pw",98,0.0114227536859671,0.0209752050361478,0.00882354767842095,0.00138527061251476,0,1.836265196011,15.1415938854505
"p4","gamma_pw",99,0.0114227536859671,0.017383683947334,0.0113177960536207,0.0103512118063964,0,1.52184704540113,1.67938636291761
"p4","gamma_pw",100,0.0114227536859671,0.0235103807653129,0.00911077380344393,0.00131520240818343,0,2.05820605185555,17.8758650524262
"p4","gamma",1,0.0114227536859671,0.0336006695049628,0.0108543680185844,0.00033522631490187,0,2.94155598804877,100.232792031254
"p4","gamma",2,0.0114227536859671,0.0288102048613776,0.010581568254644,0.000324141251811314,0,2.5221768457435,88.8816363248585
"p4","gamma",3,0.0114227536859671,0.0253347513138472,0.0130516368463173,0.000277707630189568,0,2.21791977752011,91.2281426929222
"p4","gamma",4,0.0114227536859671,0.02898719248779,0.0133589714840288,0.000341949382688585,0,2.5376711504688,84.7704191184013
"p4","gamma",5,0.0114227536859671,0.0335450742074841,0.0146313600171703,0.000323518087708408,0,2.93668892192732,103.688404086138
"p4","gamma",6,0.0114227536859671,0.0266778888384693,0.00632991693547563,0.000312290784410487,0,2.33550416754965,85.4264364183187
"p4","gamma",7,0.0114227536859671,0.0247463226643039,0.0119960098239544,0.000269032164740259,0,2.16640604749315,91.9827660316957
"p4","gamma",8,0.0114227536859671,0.0307987868104473,0.00918184534735104,0.000332683127215632,0,2.69626638699945,92.5769427148757
"p4","gamma",9,0.0114227536859671,0.0226410309413579,0.0102107437953991,0.000273641297790276,0,1.98209919987791,82.7398171408704
"p4","gamma",10,0.0114227536859671,0.0288693937755588,0.010693798451732,0.000302923759086594,0,2.52735851347516,95.3025073457712
"p4","gamma",11,0.0114227536859671,0.0310798649496974,0.0136696162778771,0.000325690955358312,0,2.72087325036861,95.4274733097962
"p4","gamma",12,0.0114227536859671,0.0244161608810049,0.00833486003395924,0.000323379604881576,0,2.13750217786804,75.5030945440926
"p4","gamma",13,0.0114227536859671,0.0298648996566029,0.0109433296177164,0.000330934033476798,0,2.61450964256473,90.2442681486755
"p4","gamma",14,0.0114227536859671,0.0337545890117901,0.01507957370819,0.000321438484804441,0,2.95503080428476,105.011038215682
"p4","gamma",15,0.0114227536859671,0.0260032929299512,0.0113841966517512,0.000335847876317175,0,2.27644696233766,77.4258072288469
"p4","gamma",16,0.0114227536859671,0.0672309921203266,0.013942088377213,0.000659978161598826,0,5.8857079447419,101.868510251092
"p4","gamma",17,0.0114227536859671,0.0281219228980498,0.00956717016809723,0.000284753449186651,0,2.46192150081968,98.7588490266761
"p4","gamma",18,0.0114227536859671,0.0434969301380729,0.0141826766888562,0.000396200428862161,0,3.80791981810034,109.785166722284
"p4","gamma",19,0.0114227536859671,0.027907045949615,0.0078322110003921,0.000341439698838421,0,2.44311019188822,81.7334540902974
"p4","gamma",20,0.0114227536859671,0.027343822387309,0.0112913210932501,0.000336575790906375,0,2.39380303025363,81.2412036934504
"p4","gamma",21,0.0114227536859671,0.0325820874900831,0.0148065898308482,0.000324868639537242,0,2.85238466886581,100.293113969063
"p4","gamma",22,0.0114227536859671,0.0278649487033368,0.0105630225566827,0.000345735371732132,0,2.43942480678445,80.596175519252
"p4","gamma",23,0.0114227536859671,0.0224392426168738,0.00813258898120791,0.000293482139608308,0,1.96443372883374,76.4586309981998
"p4","gamma",24,0.0114227536859671,0.0371972254306187,0.0139217066845692,0.000345204945581,0,3.25641491125871,107.754033963835
"p4","gamma",25,0.0114227536859671,0.0232683959172541,0.00999804742770218,0.000262637998025657,0,2.03702159364947,88.5949333004778
"p4","gamma",26,0.0114227536859671,0.0250605987537688,0.00970425344307762,0.000314931534752637,0,2.19391921096537,79.5747519328374
"p4","gamma",27,0.0114227536859671,0.0347742422665742,0.0108642584171604,0.000325978836893081,0,3.04429590469892,106.676379969967
"p4","gamma",28,0.0114227536859671,0.0257072304197559,0.00728163228769258,0.000309021259690952,0,2.25052829873564,83.1891969033633
"p4","gamma",29,0.0114227536859671,0.0279889859110838,0.00927693342270997,0.000331553471805086,0,2.4502835901529,84.4177132536196
"p4","gamma",30,0.0114227536859671,0.0283468345803753,0.0137560697405536,0.000340015342346177,0,2.48161129616228,83.369280882375
"p4","gamma",31,0.0114227536859671,0.0294767841931777,0.00927636060946711,0.000270534777754621,0,2.58053224323571,108.957467272151
"p4","gamma",32,0.0114227536859671,0.0350435225458686,0.0159720590521617,0.000364407965638721,0,3.06786992955294,96.1656326157568
"p4","gamma",33,0.0114227536859671,0.0372361582636368,0.00883397805843397,0.000420979311925562,0,3.25982326918083,88.4512782666645
"p4","gamma",34,0.0114227536859671,0.026157923136168,0.0162595913470885,0.0002881530960613,0,2.28998399644239,90.7778659806709
"p4","gamma",35,0.0114227536859671,0.024314392253436,0.0101563293232105,0.000302080689656855,0,2.1285928876595,80.4897270363613
"p4","gamma",36,0.0114227536859671,0.0285912876736364,0.0128816079236945,0.000350143187945167,0,2.50301183582036,81.6559872017668
"p4","gamma",37,0.0114227536859671,0.0381365926214807,0.0142924196409999,0.000372838711045024,0,3.3386514031491,102.287105635003
"p4","gamma",38,0.0114227536859671,0.0258324071872421,0.00846367007842427,0.000314184363711874,0,2.26148684436549,82.2205372732423
"p4","gamma",39,0.0114227536859671,0.0264471150587255,0.0148213850004321,0.000339860649430634,0,2.31530117743988,77.8175263980463
"p4","gamma",40,0.0114227536859671,0.0304088457391921,0.0104518780889668,0.00032855694924957,0,2.6621291656275,92.5527395133369
"p4","gamma",41,0.0114227536859671,0.0273968975788425,0.0105690561596935,0.0003252423102519,0,2.39844947479693,84.2353430512274
"p4","gamma",42,0.0114227536859671,0.021473643483393,0.010388000117105,0.00025535030770562,0,1.87990077294351,84.0948408339057
"p4","gamma",43,0.0114227536859671,0.0458191767622888,0.0146102433416088,0.000339656570160191,0,4.01121988812362,134.898543963625
"p4","gamma",44,0.0114227536859671,0.0357647789570374,0.0131164804088661,0.000408464592770746,0,3.13101200816178,87.559067762602
"p4","gamma",45,0.0114227536859671,0.0324750291556542,0.00983494760593717,0.000323418316840543,0,2.84301229357242,100.411842696175
"p4","gamma",46,0.0114227536859671,0.0264910819532176,0.0109789468370224,0.000339851546153739,0,2.31915024008282,77.9489817040108
"p4","gamma",47,0.0114227536859671,0.0259509600757761,0.00675637538143519,0.00026737282594363,0,2.27186550539533,97.0590784018091
"p4","gamma",48,0.0114227536859671,0.0364700980209669,0.0104047332958083,0.000350126927251139,0,3.19275885864286,104.162505601312
"p4","gamma",49,0.0114227536859671,0.031688259621475,0.0120903522547858,0.000324468782464963,0,2.77413489712241,97.661967295411
"p4","gamma",50,0.0114227536859671,0.0262326958897201,0.00714626711532327,0.000295536925992559,0,2.29652994460933,88.7628366628562
"p4","gamma",51,0.0114227536859671,0.0318659170255473,0.0162497386268593,0.000286737244541928,0,2.78968783724143,111.132814561478
"p4","gamma",52,0.0114227536859671,0.0251264727399508,0.00608925953930687,0.000315342534142643,0,2.19968612041584,79.6799353701682
"p4","gamma",53,0.0114227536859671,0.0354681873963542,0.013249728217001,0.000350302282201785,0,3.10504702906506,101.250232152137
"p4","gamma",54,0.0114227536859671,0.036251438816505,0.0135687901296849,0.000342939635766906,0,3.17361643375362,105.707929430312
"p4","gamma",55,0.0114227536859671,0.0355911756279905,0.0140799340369921,0.000353652248842043,0,3.11581398027642,100.638906565775
"p4","gamma",56,0.0114227536859671,0.0272604007796693,0.0115722450704764,0.000315124276543992,0,2.38649992191976,86.506825429756
"p4","gamma",57,0.0114227536859671,0.0358572390689185,0.0145691844817182,0.000343780879768996,0,3.13910638841571,104.302598483699
"p4","gamma",58,0.0114227536859671,0.0275170146268899,0.00834256358283788,0.000331863673873472,0,2.4089650694906,82.9166214720481
"p4","gamma",59,0.0114227536859671,0.0265735806670459,0.0121951473333698,0.000319107447609105,0,2.32637255407963,83.2747115936874
"p4","gamma",60,0.0114227536859671,0.0231718789066976,0.0117983856447686,0.000233410716454732,0,2.02857205396666,99.2751286601344
"p4","gamma",61,0.0114227536859671,0.0233166376347743,0.0137902118014053,0.000261290518855308,0,2.0412448938139,89.2364473725361
"p4","gamma",62,0.0114227536859671,0.0263301278112766,0.00965485078286226,0.000318498004917863,0,2.30505957977744,82.6696789452946
"p4","gamma",63,0.0114227536859671,0.0257848227912294,0.0132026848499108,0.000295879951881704,0,2.25732108912635,87.1462315281789
"p4","gamma",64,0.0114227536859671,0.0299905369958533,0.0137904045907184,0.000362717361610316,0,2.62550850874922,82.6829376534601
"p4","gamma",65,0.0114227536859671,0.0304237933698751,0.01594031579096,0.000359115682957607,0,2.6634377494501,84.718643082671
"p4","gamma",66,0.0114227536859671,0.0264619621435997,0.0130502133838997,0.000305481906746329,0,2.31660095902341,86.623664312707
"p4","gamma",67,0.0114227536859671,0.0299040600971432,0.00658324881615707,0.000314841572605018,0,2.61793792628833,94.9812944005939
"p4","gamma",68,0.0114227536859671,0.0608319061611717,0.0111101539104546,0.000806476721413289,0,5.32550274947307,75.4292151849943
"p4","gamma",69,0.0114227536859671,0.0238959249230224,0.0109096058643254,0.000303286119198756,0,2.09195834734479,78.7900382191987
"p4","gamma",70,0.0114227536859671,0.0377491137123586,0.0110862302752489,0.000389802697698848,0,3.30472973068949,96.841591746814
"p4","gamma",71,0.0114227536859671,0.0271062723881174,0.0104617378479289,0.000313708999576089,0,2.37300681896148,86.4057850579542
"p4","gamma",72,0.0114227536859671,0.0378001391886312,0.0115325932697268,0.000352091380878632,0,3.30919673380235,107.358888179263
"p4","gamma",73,0.0114227536859671,0.0263287893953712,0.0113124743134289,0.000312643049916499,0,2.30494240873951,84.2135764809202
"p4","gamma",74,0.0114227536859671,0.0269168796628058,0.013418777060358,0.000313075836829298,0,2.35642651525202,85.9755896060478
"p4","gamma",75,0.0114227536859671,0.0274637618635697,0.0110712963773855,0.000346407790408011,0,2.40430307950253,79.2815941905402
"p4","gamma",76,0.0114227536859671,0.0261250700000332,0.0102083691897089,0.000285985680007158,0,2.28710788293789,91.3509725360352
"p4","gamma",77,0.0114227536859671,0.0285921602366789,0.0141830104616112,0.000301143940679055,0,2.50308822397216,94.9451620119134
"p4","gamma",78,0.0114227536859671,0.0344729455235769,0.0107951089905179,0.00034755575842191,0,3.0179190124643,99.1868058239132
"p4","gamma",79,0.0114227536859671,0.036874636708946,0.0134492491131735,0.000369800514067726,0,3.2281740220177,99.7149417217758
"p4","gamma",80,0.0114227536859671,0.034962444894536,0.00558054381556061,0.000410916735223752,0,3.06077202185383,85.0840131285922
"p4","gamma",81,0.0114227536859671,0.0273428243211049,0.0107134303044147,0.000321419214052361,0,2.39371565498217,85.0690410706143
"p4","gamma",82,0.0114227536859671,0.0258401186820197,0.00708958431504611,0.000315901903421144,0,2.26216194381958,81.7979201840104
"p4","gamma",83,0.0114227536859671,0.0296199925098554,0.00985147239034434,0.000320829987802818,0,2.59306935299179,92.323017286214
"p4","gamma",84,0.0114227536859671,0.0279379504558974,0.0103189729069486,0.000270322861635413,0,2.44581571344038,103.350305952212
"p4","gamma",85,0.0114227536859671,0.0248274729002612,0.0118890830183688,0.000262576414285738,0,2.17351030958163,94.5533244781222
"p4","gamma",86,0.0114227536859671,0.0308116299648354,0.0107879576960282,0.000313596141842611,0,2.69739073536073,98.2525798429602
"p4","gamma",87,0.0114227536859671,0.0288359303699776,0.00918894463763671,0.000334900896839118,0,2.52442897419757,86.1028759317713
"p4","gamma",88,0.0114227536859671,0.0309072368967332,0.0100865323052802,0.000322245424053411,0,2.70576060260345,95.9121048422102
"p4","gamma",89,0.0114227536859671,0.0366105112999083,0.0080470228333731,0.000330655425554828,0,3.20505127803678,110.721036070941
"p4","gamma",90,0.0114227536859671,0.0674529371734824,0.0140481798989306,0.000711531727367407,0,5.90513802782497,94.7996197204743
"p4","gamma",91,0.0114227536859671,0.0359308296369593,0.0151019764216026,0.000379708297049788,0,3.14554884266658,94.6274545911436
"p4","gamma",92,0.0114227536859671,0.0312927486914905,0.00813589928742174,0.000308932911069814,0,2.73951006489211,101.293023728439
"p4","gamma",93,0.0114227536859671,0.0230930483733733,0.00529650562148138,0.000289507399802,0,2.0216708692356,79.7666946999184
"p4","gamma",94,0.0114227536859671,0.0344393435893313,0.014072934640832,0.000349918168771729,0,3.01497734575508,98.4211357478781
"p4","gamma",95,0.0114227536859671,0.0298248611014471,0.0096411472361096,0.00034185104292518,0,2.61100448467929,87.2451955864729
"p4","gamma",96,0.0114227536859671,0.0266504259158262,0.0130618000545368,0.000296544009653879,0,2.33309993793933,89.8700531733288
"p4","gamma",97,0.0114227536859671,0.0355148268877783,0.00838893971482686,0.000339262691943643,0,3.10913006304323,104.682382505171
"p4","gamma",98,0.0114227536859671,0.0263818795256697,0.00882354767842095,0.000349520452325144,0,2.30959016109048,75.4802168232712
"p4","gamma",99,0.0114227536859671,0.0287089393550283,0.0113177960536207,0.000290705955408222,0,2.51331160106317,98.7559381599665
"p4","gamma",100,0.0114227536859671,0.0276981293756293,0.00911077380344393,0.000310915029483194,0,2.4248206813438,89.0858490233467
"p4","measured",1,0.0114227536859671,0.0123741350466624,0.0108543680185844,0.0120217809261189,0.00709583366602424,1.08328826715961,1.02930964411254
"p4","measured",2,0.0114227536859671,0.0125261576902611,0.010581568254644,0.0122550525999816,0.0122395189082546,1.0965970233298,1.02212190344087
"p4","measured",3,0.0114227536859671,0.0115811181636728,0.0130516368463173,0.0112485911079387,0.00479149683410468,1.01386394927697,1.02956166266008
"p4","measured",4,0.0114227536859671,0.0117817439533674,0.0133589714840288,0.0114848038332314,0.0138919706390526,1.03142764671896,1.02585504501843
"p4","measured",5,0.0114227536859671,0.0109916806655704,0.0146313600171703,0.010705071952858,0.00713702648056847,0.962261900041989,1.02677317013604
"p4","measured",6,0.0114227536859671,0.0120316134105333,0.00632991693547563,0.0116790177249557,0.00966337685232159,1.05330235959776,1.03019052576863
"p4","measured",7,0.0114227536859671,0.0100629711206447,0.0119960098239544,0.0097323205298469,0.0179115168116154,0.880958427126645,1.03397448632973
"p4","measured",8,0.0114227536859671,0.0117428422640841,0.00918184534735104,0.0116048784120852,0.0111261058744647,1.02802201526154,1.01188843580258
"p4","measured",9,0.0114227536859671,0.00925171117604301,0.0102107437953991,0.00886294115874048,0.009376857066136,0.80993702835497,1.04386467317558
"p4","measured",10,0.0114227536859671,0.0115133379081224,0.010693798451732,0.0112250624652859,0.00289550111217689,1.0079301563043,1.02568141101468
"p4","measured",11,0.0114227536859671,0.0107347805253908,0.0136696162778771,0.0104253571025038,0.0116263160004056,0.93977168907866,1.02967988720623
"p4","measured",12,0.0114227536859671,0.0105219776020752,0.00833486003395924,0.0100289436799713,0.0150920079469955,0.921141949773584,1.04916110189037
"p4","measured",13,0.0114227536859671,0.012460835146794,0.0109433296177164,0.0121452388890993,0.0179355620809524,1.09087838969181,1.02598518321265
"p4","measured",14,0.0114227536859671,0.0124033552815589,0.01507957370819,0.0120874582513596,0.0137679006452044,1.08584633990633,1.02613428097373
"p4","measured",15,0.0114227536859671,0.0109799828991236,0.0113841966517512,0.0106644193418608,0.0119607588561702,0.961237824169534,1.02959031777981
"p4","measured",16,0.0114227536859671,0.0106381741028739,0.013942088377213,0.0103436679198805,0.00718804640674545,0.931314321864694,1.02847212277836
"p4","measured",17,0.0114227536859671,0.00972442238658693,0.00956717016809723,0.0094311709127479,0.0108742358375875,0.851320325547542,1.03109385637818
"p4","measured",18,0.0114227536859671,0.0135474262260426,0.0141826766888562,0.0131689621012009,0.00614214557150771,1.18600353281588,1.02873910046466
"p4","measured",19,0.0114227536859671,0.0131294833007496,0.0078322110003921,0.0127525262678138,0.0128396047537515,1.14941490131921,1.02955940062536
"p4","measured",20,0.0114227536859671,0.0110201541510241,0.0112913210932501,0.0106960720456918,0.00953585052585545,0.964754598933739,1.0302991700082
"p4","measured",21,0.0114227536859671,0.0121683912086373,0.0148065898308482,0.0118057039606559,0.00976597120205735,1.06527651240403,1.03072135716685
"p4","measured",22,0.0114227536859671,0.0107019139354273,0.0105630225566827,0.0104269560165724,0.0118669555499785,0.936894397764578,1.02636991260133
"p4","measured",23,0.0114227536859671,0.0106855203105012,0.00813258898120791,0.0103893725436933,0.0113243155505189,0.935459225005296,1.02850487510794
"p4","measured",24,0.0114227536859671,0.0117044699013778,0.0139217066845692,0.0114004592807405,0.0107124935827562,1.02466272346892,1.02666652396635
"p4","measured",25,0.0114227536859671,0.00983673096703309,0.00999804742770218,0.00955229409790218,0.00545558983964931,0.861152331343493,1.02977681237781
"p4","measured",26,0.0114227536859671,0.0103027655872992,0.00970425344307762,0.0102411174168438,0.0149883858237244,0.901951129345996,1.00601967226291
"p4","measured",27,0.0114227536859671,0.0123594613579223,0.0108642584171604,0.01177992499578,0.0137964735942035,1.08200366546518,1.04919694839737
"p4","measured",28,0.0114227536859671,0.0113758033411018,0.00728163228769258,0.0110654211022303,0.00594937002347909,0.995889752492603,1.02804974487676
"p4","measured",29,0.0114227536859671,0.0114147143361418,0.00927693342270997,0.0111434097623759,0.0151938039603731,0.999296198618449,1.02434663891495
"p4","measured",30,0.0114227536859671,0.011758783496648,0.0137560697405536,0.0114637515835167,0.00296474203775838,1.02941758352836,1.02573606999261
"p4","measured",31,0.0114227536859671,0.0105527334757732,0.00927636060946711,0.0100106866788037,0.0107460414758541,0.923834459350834,1.05414681473521
"p4","measured",32,0.0114227536859671,0.0129747427232966,0.0159720590521617,0.0123924082317615,0.0165519074179948,1.13586820481265,1.04699122887532
"p4","measured",33,0.0114227536859671,0.012306494366243,0.00883397805843397,0.0119829344393255,0.00969596611948727,1.07736669323103,1.02700172721096
"p4","measured",34,0.0114227536859671,0.0125101307821619,0.0162595913470885,0.0121281596142033,0.00547478279597481,1.09519395463553,1.03149456967167
"p4","measured",35,0.0114227536859671,0.00947508791644703,0.0101563293232105,0.00922344958971534,0.00854636341203278,0.829492447875085,1.02728245265332
"p4","measured",36,0.0114227536859671,0.010546310411914,0.0128816079236945,0.0100265080352049,0.00822116099340187,0.923272155020741,1.05184281256086
"p4","measured",37,0.0114227536859671,0.0114776250257565,0.0142924196409999,0.0111367051721728,0.0138081041919759,1.00480368756062,1.03061227250907
"p4","measured",38,0.0114227536859671,0.0114267552395917,0.00846367007842427,0.0110956217003144,0.0115445479267076,1.00035031427049,1.02984362194575
"p4","measured",39,0.0114227536859671,0.0127826123501467,0.0148213850004321,0.0124134761340093,0.00590583432885255,1.11904823491468,1.02973673225392
"p4","measured",40,0.0114227536859671,0.0110754799387744,0.0104518780889668,0.0107922860357048,0.0154346405020689,0.969598070943313,1.02624040005358
"p4","measured",41,0.0114227536859671,0.0113638546311483,0.0105690561596935,0.0110675583092879,0.0101210783371014,0.994843707880073,1.02677160703203
"p4","measured",42,0.0114227536859671,0.00967662127976351,0.010388000117105,0.00940798098894771,0.0146544307752046,0.847135598454797,1.02855451038128
"p4","measured",43,0.0114227536859671,0.0122867178117439,0.0146102433416088,0.011718674957047,0.0124511160661748,1.07563536337461,1.04847330067427
"p4","measured",44,0.0114227536859671,0.0104030986211924,0.0131164804088661,0.0100776393117406,0.00230579588192618,0.910734741130998,1.03229519328725
"p4","measured",45,0.0114227536859671,0.00940983821389762,0.00983494760593717,0.00890144125698974,0.00556894418242703,0.823780191063527,1.05711400460107
"p4","measured",46,0.0114227536859671,0.0109288722747221,0.0109789468370224,0.0106336261080931,0.00898714033549662,0.956763366800797,1.02776533269346
"p4","measured",47,0.0114227536859671,0.0090458918547907,0.00675637538143519,0.00882093867546766,0.00705221821492268,0.791918665453111,1.02550218152504
"p4","measured",48,0.0114227536859671,0.0131242546791257,0.0104047332958083,0.0127496933880951,0.0120817631555704,1.14895716391476,1.02937806264269
"p4","measured",49,0.0114227536859671,0.00996547539225673,0.0120903522547858,0.00967463230991038,0.00550917525816989,0.872423206017243,1.03006244299832
"p4","measured",50,0.0114227536859671,0.0087770464801797,0.00714626711532327,0.00853475862695483,0.00508898879445707,0.768382714140314,1.02838836618761
"p4","measured",51,0.0114227536859671,0.0122756290378386,0.0162497386268593,0.0119122057029437,0.0181834742898121,1.07466460148915,1.03050848381547
"p4","measured",52,0.0114227536859671,0.00989666803505464,0.00608925953930687,0.00972674578810027,0.00775463235717854,0.866399495877487,1.01746958856088
"p4","measured",53,0.0114227536859671,0.0118098999219004,0.013249728217001,0.0114573958177166,0.0111291054956209,1.03389254873007,1.03076651184894
"p4","measured",54,0.0114227536859671,0.00982831281875253,0.0135687901296849,0.00955481427699795,0.00986622242771926,0.860415368216038,1.02862416095444
"p4","measured",55,0.0114227536859671,0.0121140037556072,0.0140799340369921,0.0117332690776303,0.0148481753759554,1.06051518649914,1.03244915593922
"p4","measured",56,0.0114227536859671,0.0109756356579807,0.0115722450704764,0.0106620040557932,0.00695587743144975,0.960857246835696,1.02941582094194
"p4","measured",57,0.0114227536859671,0.0119276182713777,0.0145691844817182,0.0112955984617957,0.00161297399172962,1.0441981504014,1.05595275112864
"p4","measured",58,0.0114227536859671,0.0106727637221851,0.00834256358283788,0.0104118188607045,0.0153860090600402,0.934342455033114,1.02506237046299
"p4","measured",59,0.0114227536859671,0.0117471162669986,0.0121951473333698,0.0114827394815716,0.0124975216236864,1.02839618098654,1.02302384251173
"p4","measured",60,0.0114227536859671,0.0123596614574331,0.0117983856447686,0.0120191777112769,0.00932894591617337,1.08202118308976,1.02832837273358
"p4","measured",61,0.0114227536859671,0.0113914937590455,0.0137902118014053,0.0110577902979423,0.00850675828163541,0.997263363302663,1.03017813253027
"p4","measured",62,0.0114227536859671,0.0110611451980723,0.00965485078286226,0.0103901657142799,0.0122298151922637,0.968343142307355,1.06457832360366
"p4","measured",63,0.0114227536859671,0.0105375339195856,0.0132026848499108,0.0102269782080162,0.00904141356241258,0.922503820819573,1.03036632182573
"p4","measured",64,0.0114227536859671,0.0112679727997823,0.0137904045907184,0.010979007159945,0.0144682447229851,0.986449774683053,1.02631983344464
"p4","measured",65,0.0114227536859671,0.0135276188778612,0.01594031579096,0.012841610956245,0.00796165524235865,1.18426950713994,1.05342070585643
"p4","measured",66,0.0114227536859671,0.0104668997101439,0.0130502133838997,0.00994104031821772,0.0146309561247351,0.916320179695594,1.05289782307416
"p4","measured",67,0.0114227536859671,0.0114314066214423,0.00658324881615707,0.0107943998826313,0.0149423545182034,1.00075751747022,1.05901270526729
"p4","measured",68,0.0114227536859671,0.0108549003213315,0.0111101539104546,0.0100419537500302,0.0119723210604976,0.950287524335462,1.08095502046092
"p4","measured",69,0.0114227536859671,0.0102677473888391,0.0109096058643254,0.00998242325964862,0.0109020928376036,0.898885476402512,1.02858265190416
"p4","measured",70,0.0114227536859671,0.011713002388895,0.0110862302752489,0.0117127384196471,0.0122273194830748,1.02540969637509,1.00002253693701
"p4","measured",71,0.0114227536859671,0.0111032705337995,0.0104617378479289,0.0107881486888301,0.0190643907674931,0.972030986489699,1.02921000201783
"p4","measured",72,0.0114227536859671,0.011756453681572,0.0115325932697268,0.0114286859136967,0.00850589515702214,1.02921362088152,1.02867939239475
"p4","measured",73,0.0114227536859671,0.0116903463964426,0.0113124743134289,0.0113727614569728,0.0110354753035844,1.02342628737624,1.02792505062832
"p4","measured",74,0.0114227536859671,0.0118343569624792,0.013418777060358,0.0115364903221254,0.0113821535066674,1.03603362970329,1.02581951980513
"p4","measured",75,0.0114227536859671,0.0130862548271058,0.0110712963773855,0.0126688592755047,0.00952292198232384,1.14563048340807,1.03294657731404
"p4","measured",76,0.0114227536859671,0.0118362600790653,0.0102083691897089,0.0114963145625318,0.00930125270703619,1.03620023721654,1.02956995606587
"p4","measured",77,0.0114227536859671,0.0124492185362657,0.0141830104616112,0.0121427941027129,0.0188389645534356,1.08986141857892,1.02523508436039
"p4","measured",78,0.0114227536859671,0.0108742194859719,0.0107951089905179,0.0105419453092069,0.00907084772631938,0.951978812195777,1.03151924687702
"p4","measured",79,0.0114227536859671,0.0120666189556858,0.0134492491131735,0.012044352088904,0.00802638410181805,1.05636690481295,1.00184873927775
"p4","measured",80,0.0114227536859671,0.0105163946881051,0.00558054381556061,0.0102058496528544,0.0151668533540456,0.920653195999888,1.03042814129287
"p4","measured",81,0.0114227536859671,0.0115413045606081,0.0107134303044147,0.0110056317704464,0.0163192742143723,1.01037848472445,1.04867260701927
"p4","measured",82,0.0114227536859671,0.0108998390133121,0.00708958431504611,0.0103862197562398,0.0124327042936554,0.954221662566576,1.04945199207476
"p4","measured",83,0.0114227536859671,0.00974248686772277,0.00985147239034434,0.00948495876388056,0.0034327103259909,0.852901772686513,1.02715120964183
"p4","measured",84,0.0114227536859671,0.0105091228461321,0.0103189729069486,0.010018962546591,0.01083837871729,0.92001658575923,1.0489232589963
"p4","measured",85,0.0114227536859671,0.0103442613369576,0.0118890830183688,0.0100850674336612,0.0109419263437648,0.905583856689966,1.02570076055528
"p4","measured",86,0.0114227536859671,0.0110248939888443,0.0107879576960282,0.010708659705799,0.014511629142035,0.965169545972822,1.02953070615122
"p4","measured",87,0.0114227536859671,0.0102560246151189,0.00918894463763671,0.0099678769050081,0.00660090795657499,0.897859211279185,1.0289076312696
"p4","measured",88,0.0114227536859671,0.00927803356033491,0.0100865323052802,0.00887467606968246,0.0132655801011774,0.812241410031714,1.04545039024358
"p4","measured",89,0.0114227536859671,0.0102832513004762,0.0080470228333731,0.0100317362810409,0.00996689577513215,0.900242759599134,1.02507193295249
"p4","measured",90,0.0114227536859671,0.0120618478262305,0.0140481798989306,0.0117370336205306,0.0120644822755349,1.05594921836129,1.02767430137814
"p4","measured",91,0.0114227536859671,0.0111143934665774,0.0151019764216026,0.0108022320869799,0.00816596113380501,0.973004738798792,1.02889785898728
"p4","measured",92,0.0114227536859671,0.0113188629771086,0.00813589928742174,0.0109936189346945,0.0230123789517481,0.990904933108537,1.02958480226995
"p4","measured",93,0.0114227536859671,0.00997906421117498,0.00529650562148138,0.00970109223385947,0.0071224775512656,0.873612833255283,1.02865367843276
"p4","measured",94,0.0114227536859671,0.0116427511739689,0.014072934640832,0.0113541181864246,0.00782879934047115,1.01925958433929,1.02542099551944
"p4","measured",95,0.0114227536859671,0.0110995470605599,0.0096411472361096,0.0107802790615055,0.00900097736202022,0.971705016645478,1.02961593083378
"p4","measured",96,0.0114227536859671,0.0109294381004589,0.0130618000545368,0.0103970195977438,0.00644156346846485,0.956812901768661,1.0512087620601
"p4","measured",97,0.0114227536859671,0.0101899177375959,0.00838893971482686,0.00989611092429976,0.00938947758496118,0.892071913457631,1.02968911884109
"p4","measured",98,0.0114227536859671,0.0106775110730235,0.00882354767842095,0.0103927323573582,0.00976333653578593,0.934758059796112,1.02740171745727
"p4","measured",99,0.0114227536859671,0.00987716642381856,0.0113177960536207,0.00959973413745521,0.00757358389604563,0.864692235809362,1.02889999685313
"p4","measured",100,0.0114227536859671,0.0100668164159329,0.00911077380344393,0.00976057202143296,0.00688853799265211,0.881295061829095,1.03137566054812
