"cell","arm","iteration","n_models","top_model","top_weight","w_nec4param","w_zero_asymptote"
"ctl","beta",1,11,"ecxsigm",0.344198065529573,0.00283859685675112,0.806804061089701
"ctl","beta",2,9,"ecxsigm",0.372771795384802,0.00143964116281659,0.934800281498561
"ctl","beta",3,11,"ecxsigm",0.39796761065081,0.0238773481021756,0.811897747705752
"ctl","beta",4,11,"nec3param",0.358303842783821,0.0932990213464442,0.839985912431708
"ctl","beta",5,12,"ecxsigm",0.26523193327235,0.0158082359006814,0.780709465377992
"ctl","beta",6,11,"ecxsigm",0.303535249652938,0.00266441412340577,0.801662130685146
"ctl","beta",7,11,"ecxwb1p3",0.316014832586062,0.016307433350835,0.78247653337954
"ctl","beta",8,11,"ecxwb1p3",0.438888058700074,0.00329419807554717,0.866509724624441
"ctl","beta",9,11,"ecxsigm",0.352900611803823,0.00991417418213958,0.86499421451655
"ctl","beta",10,11,"ecxwb1p3",0.25370794633051,0.00317031846031619,0.776057102840646
"ctl","beta",11,10,"ecxwb1p3",0.327751978556763,0.00458772494059742,0.811986511920207
"ctl","beta",12,9,"ecxwb1p3",0.400454487003083,0.000811014232973892,0.909944980789374
"ctl","beta",13,11,"ecxll3",0.257410472662109,0.00184395250292107,0.762238464649378
"ctl","beta",14,9,"ecxwb1p3",0.298600046177005,0.012150421877062,0.90449089399675
"ctl","beta",15,11,"ecxwb1p3",0.646674579678928,0.000518367701807793,0.801516988875032
"ctl","beta",16,11,"ecxll3",0.304125353310863,0.00119073461974799,0.75050331356311
"ctl","beta",17,11,"ecxsigm",0.400087797710686,0.0257942437911569,0.851095657394566
"ctl","beta",18,11,"ecxwb2p3",0.264464938345479,0.0542278746637241,0.830955519981461
"ctl","beta",19,12,"ecxll3",0.202547153725645,0.0548906539768845,0.760237228517136
"ctl","beta",20,11,"ecxwb1p3",0.399826965130563,0.0138232212569666,0.820986594723326
"ctl","beta",21,11,"ecxll3",0.326940231486018,0.000662399990666352,0.741717857508309
"ctl","beta",22,11,"ecxwb1p3",0.493286970129683,0.00102261406908315,0.782845552566619
"ctl","beta",23,11,"ecxsigm",0.287347830730396,0.0170504942016337,0.754494637260603
"ctl","beta",24,11,"ecxwb1p3",0.377839062467031,0.00672439695154335,0.786881370962584
"ctl","beta",25,11,"ecxwb1p3",0.204604721568106,0.00476928902913147,0.679403532309865
"ctl","beta",26,9,"ecxwb2p3",0.230215725568284,0.0199401929837208,0.736479059191705
"ctl","beta",27,11,"nec3param",0.285972583699416,0.110020400291804,0.726997927965047
"ctl","beta",28,10,"ecxwb1p3",0.55339908687314,0.000945298793073354,0.817276841924814
"ctl","beta",29,11,"ecxwb1p3",0.33484911371583,0.000937690993062709,0.764187366805046
"ctl","beta",30,12,"ecxll3",0.258381297810144,0.00481564033794183,0.790592305954891
"ctl","beta",31,11,"ecxwb1p3",0.395212570485865,0.00272893967605106,0.7806030973573
"ctl","beta",32,11,"ecxwb1p3",0.71984226400379,0.000580605703150991,0.832472596507992
"ctl","beta",33,11,"ecxwb1p3",0.273845866115119,0.00196341991606561,0.738138971243246
"ctl","beta",34,12,"ecxwb1p3",0.417194285049722,0.00121413904709171,0.782487401074787
"ctl","beta",35,11,"ecxwb1p3",0.405137483180795,0.00178317921074702,0.796177984326807
"ctl","beta",36,9,"ecxwb1p3",0.297431127495851,0.00296640374130062,0.875485034957649
"ctl","beta",37,12,"ecxwb1p3",0.469653934877496,0.0406602341784115,0.830364618482901
"ctl","beta",38,11,"ecxwb1p3",0.578673730008035,0.000463101365905063,0.791034639461072
"ctl","beta",39,11,"ecxll3",0.22119845039912,0.0199725881569451,0.791480039963443
"ctl","beta",40,11,"ecxwb1p3",0.665662046152571,9.60366352775603e-06,0.765196411137661
"ctl","beta",41,11,"ecxsigm",0.327914654391005,0.0396661607668595,0.783242236959084
"ctl","beta",42,10,"ecxwb1p3",0.457581924360697,0.000371844231627159,0.854490756583234
"ctl","beta",43,12,"ecxsigm",0.312586817043363,0.0194426728436596,0.827234059971596
"ctl","beta",44,12,"ecxwb1p3",0.193891250193933,0.0180252949596907,0.706123169295689
"ctl","beta",45,11,"ecxsigm",0.241328924087129,0.00919384310564619,0.781488757748705
"ctl","beta",46,11,"ecxwb1p3",0.240901923051049,0.00631567919342064,0.826005271415087
"ctl","beta",47,11,"ecxsigm",0.323666732134086,0.00361143213325807,0.810856941805045
"ctl","beta",48,11,"ecxsigm",0.332628914922898,0.0170460438993743,0.827369408568136
"ctl","beta",49,12,"ecxsigm",0.279610236011308,0.0104550819555152,0.804552104429694
"ctl","beta",50,11,"ecxwb1p3",0.276974878023287,0.0212676503669174,0.761348913247637
"ctl","beta",51,11,"ecxsigm",0.35370008175328,0.037533654273595,0.7537403115457
"ctl","beta",52,9,"ecxsigm",0.274949445891412,0.0310670126838938,0.832623414157973
"ctl","beta",53,11,"ecxwb1p3",0.388230553663987,0.0045876672619959,0.830114085662017
"ctl","beta",54,11,"ecxll3",0.278368437269195,0.00526805850859013,0.714546108168752
"ctl","beta",55,11,"ecxsigm",0.308238028389917,0.00231108892532997,0.808612152085382
"ctl","beta",56,11,"ecxll3",0.199908028699084,0.00665510025655977,0.721789502090291
"ctl","beta",57,11,"ecxwb2p3",0.272119453597678,0.0612690056228469,0.761736439657508
"ctl","beta",58,12,"ecxwb1p3",0.465084705690641,0.000249082397060807,0.776764523315395
"ctl","beta",59,11,"ecxwb1p3",0.463180993710053,0.00250823227838761,0.86753725477603
"ctl","beta",60,12,"ecxwb1p3",0.482672913853008,0.00466282505231957,0.855248498582941
"ctl","beta",61,11,"ecxsigm",0.204069014623988,0.053221047393039,0.751221760047486
"ctl","beta",62,11,"ecxsigm",0.276076130449695,0.0295742942378495,0.80122614568543
"ctl","beta",63,11,"ecxwb1p3",0.291874265669662,0.00159104799299885,0.795993011281617
"ctl","beta",64,12,"ecxsigm",0.269422548168802,0.0132389945904601,0.756787753900518
"ctl","beta",65,12,"ecxwb1p3",0.270034904715073,0.0114056490671769,0.631802040079999
"ctl","beta",66,11,"ecxwb1p3",0.508934748340455,0.00333023260682776,0.775468342452962
"ctl","beta",67,11,"ecxwb1p3",0.457447712526584,0.00618976304833987,0.824648044944374
"ctl","beta",68,9,"ecxwb1p3",0.507347950907417,0.0125437851372294,0.936828741148579
"ctl","beta",69,11,"ecxwb1p3",0.701944519435988,2.42883513466225e-05,0.820723826408962
"ctl","beta",70,12,"ecxwb1p3",0.503426215984885,0.000136122584811428,0.763965517888691
"ctl","beta",71,11,"ecxsigm",0.308967066660155,0.0170683536642461,0.813196419768466
"ctl","beta",72,9,"ecxsigm",0.332370607184446,0.0157691387064333,0.892972383886741
"ctl","beta",73,11,"ecxwb1p3",0.508213887781409,0.000286413322848233,0.783274388452754
"ctl","beta",74,11,"ecxwb1p3",0.493753311795653,0.000237094668602193,0.738728820683099
"ctl","beta",75,11,"ecxwb1p3",0.410951967983907,0.000207591510339782,0.780778427834224
"ctl","beta",76,10,"ecxsigm",0.395122998697566,0.0109738545739678,0.867676243032204
"ctl","beta",77,9,"ecxsigm",0.278247674000257,0.113223064836106,0.766942071601073
"ctl","beta",78,11,"ecxwb1p3",0.261143431826046,0.00583426398103697,0.72699800487813
"ctl","beta",79,11,"ecxsigm",0.320361814745379,0.00435385440203083,0.838728250693109
"ctl","beta",80,10,"ecxwb1p3",0.331244470188565,0.00185435652784457,0.81045846465081
"ctl","beta",81,12,"ecxwb1p3",0.326139916464368,0.00134492399207236,0.80793223861294
"ctl","beta",82,11,"ecxll3",0.298738952691984,0.0139053549606816,0.776201420171342
"ctl","beta",83,12,"ecxwb1p3",0.313413929214671,0.0152493235074107,0.827697587751956
"ctl","beta",84,12,"ecxwb1p3",0.405806183032178,0.00861952840478282,0.761765801859479
"ctl","beta",85,11,"ecxsigm",0.478693740121368,0.0143681218225805,0.830956796002057
"ctl","beta",86,11,"ecxsigm",0.292267374142971,0.0118092618246271,0.801937593792641
"ctl","beta",87,11,"ecxwb1p3",0.517638132230496,0.000192491389938287,0.73225186562772
"ctl","beta",88,12,"ecxwb1p3",0.366838903047665,0.000151135478014348,0.658237279455269
"ctl","beta",89,11,"ecxwb1p3",0.633559176087665,0.000298075018365996,0.821710963789376
"ctl","beta",90,12,"ecxwb1p3",0.392988326407828,0.00205212256629554,0.802627865803813
"ctl","beta",91,11,"ecxwb1p3",0.374841888593656,0.00927397245884255,0.765847185098042
"ctl","beta",92,11,"ecxsigm",0.235572283377513,0.0282284414860683,0.761088518982071
"ctl","beta",93,11,"ecxwb1p3",0.619033939887096,1.64776394513787e-05,0.754501783827991
"ctl","beta",94,11,"ecxll3",0.223616263102175,0.00312550950296856,0.710597893037292
"ctl","beta",95,11,"ecxsigm",0.416961377496943,0.0389861552672144,0.856897062963647
"ctl","beta",96,11,"ecxwb1p3",0.218209993863147,0.00973125514621817,0.740551941044806
"ctl","beta",97,11,"ecxwb1p3",0.383751115898362,0.00407754539595688,0.768625700559459
"ctl","beta",98,12,"ecxwb1p3",0.262045013769311,0.00614751276590633,0.789481804822347
"ctl","beta",99,11,"ecxwb1p3",0.549828188668402,0.00191459722513734,0.866363832720355
"ctl","beta",100,9,"ecxsigm",0.434207729246765,0.0253048991708907,0.878732586890988
"ctl","censored",1,14,"nec4param",0.21925417731319,0.21925417731319,0.437853497457633
"ctl","censored",2,11,"ecxwb1p3",0.233940929170578,0.0366310802179891,0.601437241380731
"ctl","censored",3,13,"neclin",0.467706724278746,0.194263237891905,0.199561212051388
"ctl","censored",4,12,"nec4param",0.481860746463176,0.481860746463176,0.157892845632873
"ctl","censored",5,12,"nec4param",0.400701320675587,0.400701320675587,0.198265510268306
"ctl","censored",6,11,"neclin",0.482393041811339,0.25269569056974,0.146578450873138
"ctl","censored",7,14,"neclin",0.470414019699767,0.265353536629869,0.0864599039391843
"ctl","censored",8,13,"neclin",0.375612669566347,0.173212930351018,0.0489014965973496
"ctl","censored",9,12,"neclin",0.64209194812717,0.16105080941853,0.10037451403808
"ctl","censored",10,13,"neclin",0.321047348202253,0.0380539865493181,0.343294825376982
"ctl","censored",11,13,"ecxwb1p3",0.173363943490995,0.157827181524677,0.471895521930714
"ctl","censored",12,13,"neclin",0.359408393609261,0.0355360664984403,0.279215088786033
"ctl","censored",13,13,"neclin",0.206879864884106,0.072445718116049,0.295689168760912
"ctl","censored",14,14,"neclin",0.344713940583728,0.343492294033937,0.096005139235594
"ctl","censored",15,12,"neclin",0.539263457775801,0.0399566679698679,0.0571556223198551
"ctl","censored",16,13,"nec4param",0.18144926355495,0.18144926355495,0.312102870046951
"ctl","censored",17,13,"neclin",0.410597842649657,0.316530862172564,0.222414139578502
"ctl","censored",18,13,"nec4param",0.366198581680158,0.366198581680158,0.248420919321397
"ctl","censored",19,14,"nec4param",0.292737084432513,0.292737084432513,0.353509388045534
"ctl","censored",20,13,"neclin",0.355710941539474,0.0985078875258294,0.141132332633443
"ctl","censored",21,13,"ecxwb1p3",0.199113075455277,0.064489566664517,0.613051494796911
"ctl","censored",22,14,"neclin",0.525682023458198,0.0670005498447049,0.135546951402005
"ctl","censored",23,13,"neclin",0.231263376082607,0.123610508142182,0.549559629876529
"ctl","censored",24,13,"nec4param",0.17744167438965,0.17744167438965,0.220641037701691
"ctl","censored",25,13,"ecxll3",0.233332833965325,0.0054890506156363,0.783168133968753
"ctl","censored",26,12,"ecxsigm",0.312674459527062,0.0287528650536171,0.514132657422927
"ctl","censored",27,11,"nec4param",0.316514776315901,0.316514776315901,0.550970479472517
"ctl","censored",28,12,"neclin",0.44425036050849,0.395198170927329,0.0879845898435832
"ctl","censored",29,12,"ecxlin",0.283903486719192,0.00937137050293142,0.110764070859665
"ctl","censored",30,13,"ecxsigm",0.246562746176864,0.0894463353187106,0.72857581384601
"ctl","censored",31,13,"nec4param",0.206425270345978,0.206425270345978,0.316001431841189
"ctl","censored",32,13,"neclin",0.345873392227604,0.0567222993426015,0.0669258359436179
"ctl","censored",33,13,"ecxwb1p3",0.238304859989583,0.0674991295755008,0.518594811202495
"ctl","censored",34,14,"neclin",0.487804257337836,0.239614818817337,0.10959570469207
"ctl","censored",35,12,"neclin",0.486253498210516,0.0221294828676468,0.0887994064200628
"ctl","censored",36,13,"neclin",0.202141672084118,0.193293330404977,0.357844687488158
"ctl","censored",37,13,"neclin",0.428259211153815,0.109814515783486,0.147325760894569
"ctl","censored",38,14,"neclin",0.412857210335854,0.13001826023056,0.189930633235475
"ctl","censored",39,13,"ecxsigm",0.216593770600644,0.0181250816614359,0.64144449979533
"ctl","censored",40,13,"neclin",0.263134320697082,0.0518781072909673,0.272564625548811
"ctl","censored",41,13,"neclin",0.506623001483045,0.143876262142652,0.252376863334613
"ctl","censored",42,13,"neclin",0.581687953214864,0.029223576757801,0.0593155937887599
"ctl","censored",43,13,"neclin",0.37939872149659,0.315118672528143,0.0845347238760802
"ctl","censored",44,13,"nec4param",0.261870347659487,0.261870347659487,0.532208389093462
"ctl","censored",45,12,"nec4param",0.487037065202034,0.487037065202034,0.231615494292777
"ctl","censored",46,14,"neclin",0.192797794095581,0.176769528608035,0.426613414824967
"ctl","censored",47,14,"neclin",0.391626630421953,0.146587044648769,0.228714762609739
"ctl","censored",48,13,"nec4param",0.579444899480681,0.579444899480681,0.117349726098202
"ctl","censored",49,11,"nec4param",0.373879470001402,0.373879470001402,0.210626734966356
"ctl","censored",50,12,"ecxwb1",0.36687480562765,0.00363547288728134,0.022822922593155
"ctl","censored",51,14,"ecxsigm",0.217122829367671,0.192738600390451,0.499511039167879
"ctl","censored",52,12,"nec4param",0.231693334329327,0.231693334329327,0.60217885084262
"ctl","censored",53,11,"neclin",0.345661460186528,0.153149987322383,0.303939895824879
"ctl","censored",54,13,"ecxsigm",0.247290101153039,0.045434974857838,0.649948876228373
"ctl","censored",55,13,"ecxwb1p3",0.225624271883654,0.0742144424770688,0.501363291553371
"ctl","censored",56,13,"ecxwb2p3",0.242699611571059,0.0468065482989755,0.613461058547879
"ctl","censored",57,11,"nec4param",0.367373500454956,0.367373500454956,0.390635960044865
"ctl","censored",58,14,"neclin",0.569058060755984,0.0749089600281349,0.0602461971193246
"ctl","censored",59,13,"neclin",0.641941791971898,0.244152249109438,0.0229234620416298
"ctl","censored",60,14,"neclin",0.593050808708359,0.19470135325987,0.0434592971131037
"ctl","censored",61,13,"ecxsigm",0.191825302501604,0.0507541903091038,0.546802583897645
"ctl","censored",62,13,"neclin",0.488269622527559,0.100455444522832,0.2858351892496
"ctl","censored",63,12,"neclin",0.460377773603543,0.107568676016388,0.252738521534597
"ctl","censored",64,14,"neclin",0.638092812435581,0.0725433635176552,0.0130378368926961
"ctl","censored",65,13,"ecxwb1p3",0.291163672235348,0.0153461791334732,0.547331577599596
"ctl","censored",66,12,"neclin",0.324241133541814,0.215587423476512,0.0802721043282117
"ctl","censored",67,14,"neclin",0.561015816880508,0.202045488815367,0.0938224927501852
"ctl","censored",68,14,"neclin",0.427667738139859,0.0785923998300583,0.0368788729611563
"ctl","censored",69,13,"neclin",0.543271316454244,0.0503317508342758,0.0479394675267132
"ctl","censored",70,14,"neclin",0.489771624304951,0.094801921318371,0.204453819202554
"ctl","censored",71,13,"neclin",0.238041704158551,0.0809115941233955,0.227070512307118
"ctl","censored",72,13,"ecxsigm",0.206723781873295,0.141443206275215,0.512026757486131
"ctl","censored",73,11,"neclin",0.316733615910453,0.0645041755162476,0.141309949139723
"ctl","censored",74,14,"ecxwb1p3",0.187239079290408,0.00686426910711444,0.50722015119878
"ctl","censored",75,13,"neclin",0.666795529511219,0.147270817647139,0.0526477280103356
"ctl","censored",76,14,"neclin",0.695719320072285,0.117713135833082,0.0568091759520783
"ctl","censored",77,12,"nec4param",0.529068743932997,0.529068743932997,0.346225539117192
"ctl","censored",78,13,"ecxsigm",0.194362801094129,0.0620805233194061,0.652549520903971
"ctl","censored",79,14,"neclin",0.485503390393597,0.111953783657001,0.214927156264284
"ctl","censored",80,13,"ecxwb1p3",0.204392692262091,0.0170826647182583,0.527989929344024
"ctl","censored",81,13,"neclin",0.432170170128286,0.244731892974334,0.159450635592242
"ctl","censored",82,12,"nec4param",0.395721773092331,0.395721773092331,0.343906391399636
"ctl","censored",83,13,"neclin",0.494155263024058,0.114640181161205,0.152143486261282
"ctl","censored",84,14,"neclin",0.448467630170367,0.264250783300463,0.115526511696573
"ctl","censored",85,13,"nec4param",0.261512451862943,0.261512451862943,0.456684237355777
"ctl","censored",86,13,"neclin",0.434336517137779,0.0832902905312137,0.243134179658883
"ctl","censored",87,14,"ecxwb1p3",0.271687816422987,0.0105191591747178,0.394683396486255
"ctl","censored",88,13,"ecxwb1p3",0.457244477888412,0.00176516985740831,0.571026231570481
"ctl","censored",89,14,"neclin",0.350948128405713,0.218013809728923,0.158610212942453
"ctl","censored",90,14,"neclin",0.38085821082305,0.0795107669614498,0.284116345227483
"ctl","censored",91,14,"ecxwb1p3",0.176783897650863,0.0148304866293766,0.26608112796231
"ctl","censored",92,14,"nec4param",0.330289809073912,0.330289809073912,0.219441173289608
"ctl","censored",93,13,"neclin",0.137681264974471,0.0979428014671115,0.185584441900822
"ctl","censored",94,13,"ecxsigm",0.211179178564118,0.0534008572001655,0.662221990338499
"ctl","censored",95,12,"nec4param",0.530407226945725,0.530407226945725,0.0951486062677233
"ctl","censored",96,13,"neclin",0.204466120112782,0.0775502520492364,0.606667863344082
"ctl","censored",97,13,"neclin",0.30741346612245,0.235424630761071,0.322219944564168
"ctl","censored",98,14,"neclin",0.338657888985118,0.10636935053414,0.270980746228792
"ctl","censored",99,13,"neclin",0.523108780443274,0.0366484071933318,0.118839187287862
"ctl","censored",100,14,"neclin",0.461957149187502,0.221638299216995,0.147800268178831
"ctl","deleted",1,14,"nec3param",0.239813698467023,0.195352214149383,0.544389727511113
"ctl","deleted",2,11,"ecxsigm",0.234311289104527,0.034444752372274,0.750209759257034
"ctl","deleted",3,12,"nec4param",0.204386415655726,0.204386415655726,0.583568076246013
"ctl","deleted",4,12,"nec4param",0.350261581706682,0.350261581706682,0.399002295919815
"ctl","deleted",5,11,"nec3param",0.340818971273171,0.33130202246978,0.532276640530096
"ctl","deleted",6,11,"nec4param",0.295482549017798,0.295482549017798,0.461902249073564
"ctl","deleted",7,14,"neclin",0.280304381732506,0.272829388367964,0.233692754688032
"ctl","deleted",8,13,"neclin",0.243256581011313,0.205046043562629,0.262207529936687
"ctl","deleted",9,12,"neclin",0.393775769021515,0.227492338812566,0.282697032030605
"ctl","deleted",10,13,"neclin",0.287331377153097,0.0521360685970245,0.402223084419307
"ctl","deleted",11,13,"nec3param",0.193939217369877,0.143532479990563,0.539537490422678
"ctl","deleted",12,13,"neclin",0.374461941397579,0.0491364382674959,0.363860512040236
"ctl","deleted",13,13,"ecxsigm",0.230257796462598,0.0726304780435387,0.520760105173331
"ctl","deleted",14,14,"nec3param",0.315215470324316,0.291058216056056,0.411413820914911
"ctl","deleted",15,13,"neclin",0.451713024106529,0.0949723492673321,0.34453882933163
"ctl","deleted",16,13,"ecxsigm",0.195983375792553,0.151001558341753,0.552876882630274
"ctl","deleted",17,13,"nec4param",0.29807859346613,0.29807859346613,0.50959124981865
"ctl","deleted",18,13,"nec3param",0.429581404979356,0.261801980659813,0.59711603363504
"ctl","deleted",19,14,"nec4param",0.334835828899449,0.334835828899449,0.394052587192855
"ctl","deleted",20,13,"neclin",0.237060243543273,0.111097558273556,0.288094396095167
"ctl","deleted",21,13,"ecxsigm",0.203640327689905,0.0404932878417099,0.692965681760797
"ctl","deleted",22,14,"neclin",0.491693497836332,0.102863956743775,0.24075336103251
"ctl","deleted",23,13,"nec3param",0.16419612196377,0.144675489623212,0.506190495944559
"ctl","deleted",24,13,"nec4param",0.206202684568314,0.206202684568314,0.378419435581369
"ctl","deleted",25,13,"ecxwb2p3",0.184531503654968,0.00566589927094135,0.505095792451321
"ctl","deleted",26,12,"ecxwb2p3",0.253454548575762,0.0277357101600055,0.435833781502301
"ctl","deleted",27,11,"nec4param",0.324612452270914,0.324612452270914,0.540820051388565
"ctl","deleted",28,12,"nec4param",0.43373667864845,0.43373667864845,0.34916347730177
"ctl","deleted",29,12,"ecxlin",0.346984659928119,0.00978278129907211,0.126035548100419
"ctl","deleted",30,13,"ecxwb2p3",0.184173949163422,0.0779137377076597,0.600071117236987
"ctl","deleted",31,12,"ecxwb2p3",0.214354052653638,0.176814807849095,0.569326428466436
"ctl","deleted",32,13,"neclin",0.389644391548179,0.0729866833264961,0.274219882878131
"ctl","deleted",33,13,"ecxsigm",0.178088113522933,0.105380748728491,0.508995083118762
"ctl","deleted",34,14,"neclin",0.29573261668438,0.232573666404354,0.2631873032445
"ctl","deleted",35,12,"neclin",0.332324289648811,0.107982504587637,0.398384331932317
"ctl","deleted",36,12,"nec4param",0.250482205313039,0.250482205313039,0.433673721265757
"ctl","deleted",37,13,"neclin",0.304435201106947,0.147776586289292,0.261405503069526
"ctl","deleted",38,14,"nec4param",0.213012196244991,0.213012196244991,0.384685343411641
"ctl","deleted",39,13,"ecxwb2p3",0.211058704995219,0.0261449824241139,0.620685439235816
"ctl","deleted",40,13,"ecxsigm",0.211210763791001,0.0617941856529476,0.522584991079973
"ctl","deleted",41,13,"nec3param",0.299742196828915,0.159367825447285,0.554104514374994
"ctl","deleted",42,14,"neclin",0.524307516959625,0.0859941907461523,0.19525091657353
"ctl","deleted",43,13,"nec4param",0.341973900189137,0.341973900189137,0.210991958783978
"ctl","deleted",44,13,"nec4param",0.255485753012174,0.255485753012174,0.563240468596425
"ctl","deleted",45,12,"nec4param",0.343918003748734,0.343918003748734,0.509315272112995
"ctl","deleted",46,14,"nec4param",0.182613830084169,0.182613830084169,0.54098998128379
"ctl","deleted",47,14,"neclin",0.395753068603712,0.15193839045189,0.23086433335946
"ctl","deleted",48,13,"nec4param",0.420931541577176,0.420931541577176,0.487787194898145
"ctl","deleted",49,11,"nec3param",0.320986317422007,0.251957318682549,0.583442053989464
"ctl","deleted",50,13,"neclin",0.238625235220848,0.0930315499342724,0.436027323233814
"ctl","deleted",51,14,"nec4param",0.242097118467618,0.242097118467618,0.409758793968255
"ctl","deleted",52,12,"nec3param",0.354436406383435,0.169343613649743,0.673796039894618
"ctl","deleted",53,11,"neclin",0.21545305958683,0.173179771867321,0.444572215924889
"ctl","deleted",54,13,"ecxwb2p3",0.240222053358059,0.0571958550302906,0.607053088160468
"ctl","deleted",55,13,"neclin",0.177062021977838,0.0733268239152357,0.522231043885317
"ctl","deleted",56,13,"ecxwb2p3",0.242178003921345,0.0549376362231555,0.587289045645452
"ctl","deleted",57,11,"nec4param",0.254085924190033,0.254085924190033,0.523728767590029
"ctl","deleted",58,14,"neclin",0.354494771915345,0.152060584098245,0.314748783291703
"ctl","deleted",59,11,"neclin",0.316043114295437,0.262539710243871,0.385022186957512
"ctl","deleted",60,14,"neclin",0.310740599828696,0.259893810752638,0.251231632423377
"ctl","deleted",61,13,"ecxsigm",0.219264498570947,0.0458245458627024,0.574761816655718
"ctl","deleted",62,13,"neclin",0.349962493363847,0.178894633179113,0.373776272189223
"ctl","deleted",63,12,"neclin",0.328345566744703,0.150934374481787,0.388052924891743
"ctl","deleted",64,13,"nec3param",0.226206832812453,0.172379241300139,0.394833385642358
"ctl","deleted",65,13,"ecxsigm",0.213318305939181,0.0188137669918936,0.491038486002792
"ctl","deleted",66,12,"nec4param",0.204739647981128,0.204739647981128,0.38657524921245
"ctl","deleted",67,14,"neclin",0.392459487457825,0.249577262685963,0.197622615611299
"ctl","deleted",68,14,"neclin",0.324032411228562,0.101654095734141,0.177753470819184
"ctl","deleted",69,13,"neclin",0.494366862749574,0.105510872495036,0.295458897034598
"ctl","deleted",70,14,"neclin",0.240274926839688,0.171717822527358,0.403492182733328
"ctl","deleted",71,13,"ecxsigm",0.214635713765492,0.0739123765281908,0.484306267398452
"ctl","deleted",72,13,"ecxwb2p3",0.276413426331964,0.0772059709798395,0.706422386961755
"ctl","deleted",73,11,"neclin",0.301481342189996,0.0704843035854228,0.305534104741492
"ctl","deleted",74,14,"ecxsigm",0.193674998522674,0.00771728916150886,0.614823834853137
"ctl","deleted",75,14,"neclin",0.326516783626269,0.178235224799072,0.332922224601255
"ctl","deleted",76,14,"neclin",0.595791346862616,0.17019656792152,0.110700104335728
"ctl","deleted",77,12,"nec4param",0.448328711746938,0.448328711746938,0.482229420218599
"ctl","deleted",78,13,"ecxsigm",0.239303548987387,0.0411952544885211,0.699931263494768
"ctl","deleted",79,14,"neclin",0.236189352942577,0.158938390730789,0.421407009630266
"ctl","deleted",80,13,"ecxsigm",0.187080248717003,0.0135765639240611,0.620941565395386
"ctl","deleted",81,13,"nec4param",0.296812620775743,0.296812620775743,0.323199752068346
"ctl","deleted",82,12,"nec3param",0.523157263654854,0.25272674185531,0.645928254497561
"ctl","deleted",83,13,"nec3param",0.42064614577711,0.176803883858217,0.647255761532679
"ctl","deleted",84,14,"nec4param",0.279121038979662,0.279121038979662,0.237111398901097
"ctl","deleted",85,13,"nec4param",0.226765033055197,0.226765033055197,0.526584200202372
"ctl","deleted",86,13,"nec4param",0.227734515925952,0.227734515925952,0.473776632685651
"ctl","deleted",87,14,"ecxll3",0.212995725467937,0.0135370366437961,0.576160461756836
"ctl","deleted",88,13,"ecxwb1p3",0.274535052657896,0.00453714077765585,0.45825448720144
"ctl","deleted",89,14,"nec4param",0.245966931843569,0.245966931843569,0.290837194667422
"ctl","deleted",90,14,"neclin",0.324605599771735,0.0834626926006192,0.362064760507971
"ctl","deleted",91,13,"ecxsigm",0.248093556309896,0.0320711293020616,0.621365561711417
"ctl","deleted",92,14,"nec4param",0.347810037211398,0.347810037211398,0.270985754116003
"ctl","deleted",93,13,"ecxsigm",0.152022702199157,0.0561155726655648,0.465806654285961
"ctl","deleted",94,13,"ecxsigm",0.212865556452538,0.0496554916662818,0.664255233262621
"ctl","deleted",95,12,"nec4param",0.516594822286519,0.516594822286519,0.340857237768568
"ctl","deleted",96,13,"ecxwb2p3",0.215901404377121,0.102076642480136,0.640383544274859
"ctl","deleted",97,13,"neclin",0.23963074207757,0.238376851606734,0.401099659704027
"ctl","deleted",98,14,"ecxsigm",0.164636452950442,0.140645791708013,0.490786184845489
"ctl","deleted",99,13,"neclin",0.513534727964085,0.0495785788274169,0.21777633153678
"ctl","deleted",100,13,"nec3param",0.305817304373763,0.238338079315823,0.538696204237095
"ctl","floored",1,14,"nec4param",0.226794363164643,0.226794363164643,0.478526766373342
"ctl","floored",2,11,"ecxsigm",0.244105933035194,0.038583670746176,0.690915449467768
"ctl","floored",3,13,"nec4param",0.293834599720329,0.293834599720329,0.344930402741135
"ctl","floored",4,12,"nec4param",0.485154959284201,0.485154959284201,0.170144501504284
"ctl","floored",5,12,"nec4param",0.387992903753002,0.387992903753002,0.25530883305867
"ctl","floored",6,11,"nec4param",0.341922602404544,0.341922602404544,0.203016395529375
"ctl","floored",7,14,"neclin",0.37188302220607,0.30344781061324,0.113879719422811
"ctl","floored",8,13,"neclin",0.29539968890618,0.249967160393774,0.115579173767998
"ctl","floored",9,12,"neclin",0.501255029216002,0.241513756241447,0.166239198978354
"ctl","floored",10,13,"neclin",0.302929934046536,0.0445093165613376,0.352976546886144
"ctl","floored",11,13,"nec4param",0.181373434110449,0.181373434110449,0.475748501828295
"ctl","floored",12,13,"neclin",0.397574841745364,0.0425883462713717,0.309317940244465
"ctl","floored",13,13,"neclin",0.158918606894254,0.0908918791250965,0.365752921153737
"ctl","floored",14,14,"nec4param",0.408014853281617,0.408014853281617,0.112309997247066
"ctl","floored",15,12,"neclin",0.601785909460328,0.0722753174047145,0.117103163735121
"ctl","floored",16,13,"nec4param",0.19598752980431,0.19598752980431,0.412250625904681
"ctl","floored",17,13,"nec4param",0.383742912048945,0.383742912048945,0.267228152608314
"ctl","floored",18,13,"nec4param",0.428716963443841,0.428716963443841,0.315573864490633
"ctl","floored",19,14,"nec4param",0.310820921744523,0.310820921744523,0.362551702751164
"ctl","floored",20,13,"neclin",0.319539226606989,0.115842137538334,0.181838190854428
"ctl","floored",21,13,"ecxll3",0.211242212227989,0.0545351251734762,0.68665767897856
"ctl","floored",22,14,"neclin",0.593969545493561,0.0769749353894273,0.140914650286937
"ctl","floored",23,13,"ecxsigm",0.202851275988972,0.157725792667392,0.598251100251834
"ctl","floored",24,13,"nec4param",0.203329283190953,0.203329283190953,0.267915254686225
"ctl","floored",25,13,"ecxll3",0.210135483269873,0.00589335237087463,0.646772272773939
"ctl","floored",26,12,"ecxsigm",0.231673507313463,0.028402463056981,0.458095790862476
"ctl","floored",27,11,"nec4param",0.316514776315901,0.316514776315901,0.550970479472517
"ctl","floored",28,12,"nec4param",0.533474128069104,0.533474128069104,0.115752421711726
"ctl","floored",29,12,"ecxlin",0.298245854781059,0.00815699765268499,0.118748959906848
"ctl","floored",30,13,"ecxsigm",0.229914716935644,0.0951076585836933,0.664471596153236
"ctl","floored",31,13,"ecxsigm",0.201733375248239,0.198574328937116,0.423355469945853
"ctl","floored",32,13,"neclin",0.396540070488766,0.0781218465379664,0.124865735444333
"ctl","floored",33,13,"ecxll3",0.167535042548092,0.105625360457625,0.517179029955721
"ctl","floored",34,14,"nec4param",0.316004111423288,0.316004111423288,0.179806870571505
"ctl","floored",35,12,"neclin",0.475789042258556,0.06580533342665,0.187134028522854
"ctl","floored",36,13,"nec4param",0.244510465790268,0.244510465790268,0.321020305122503
"ctl","floored",37,13,"neclin",0.379102220217153,0.150384331066394,0.166936199312208
"ctl","floored",38,14,"neclin",0.390097357473978,0.162446770043703,0.205325848090694
"ctl","floored",39,13,"ecxsigm",0.208678989405584,0.018421850654008,0.63607904338015
"ctl","floored",40,13,"neclin",0.235727934921377,0.0684463086593997,0.357075855284014
"ctl","floored",41,13,"neclin",0.366361022773388,0.197601925526427,0.34904612250447
"ctl","floored",42,13,"neclin",0.585540334372098,0.0626966285604678,0.101508264859882
"ctl","floored",43,13,"nec4param",0.350188069733627,0.350188069733627,0.132057493811716
"ctl","floored",44,13,"nec4param",0.272667375535349,0.272667375535349,0.536323401020722
"ctl","floored",45,12,"nec4param",0.524163109413008,0.524163109413008,0.255308272522046
"ctl","floored",46,14,"ecxsigm",0.1829690752859,0.181153295911199,0.46196907493002
"ctl","floored",47,14,"neclin",0.391626630421953,0.146587044648769,0.228714762609739
"ctl","floored",48,13,"nec4param",0.66427656676989,0.66427656676989,0.208192244369288
"ctl","floored",49,11,"nec4param",0.411522910328603,0.411522910328603,0.305495544326735
"ctl","floored",50,12,"neclin",0.360051166767198,0.0402571351529279,0.284450908149214
"ctl","floored",51,14,"ecxsigm",0.20081506027422,0.191335174179684,0.494062609974224
"ctl","floored",52,12,"nec3param",0.264003905530914,0.220012397359298,0.622454989756314
"ctl","floored",53,11,"neclin",0.316887044754578,0.16819375795636,0.328183832617335
"ctl","floored",54,13,"ecxsigm",0.253206571750977,0.0513663484737932,0.63179787249344
"ctl","floored",55,13,"neclin",0.190736332457468,0.0853555788272745,0.508640813659694
"ctl","floored",56,13,"ecxwb2p3",0.242699611571059,0.0468065482989755,0.613461058547879
"ctl","floored",57,11,"nec4param",0.304195820340075,0.304195820340075,0.463704002265414
"ctl","floored",58,14,"neclin",0.429885781392836,0.163524298789408,0.181038551797147
"ctl","floored",59,13,"nec4param",0.423813421318333,0.423813421318333,0.103791980260905
"ctl","floored",60,14,"neclin",0.495953053270366,0.245376666933122,0.0658082018293931
"ctl","floored",61,13,"ecxsigm",0.193052089035735,0.0442801569612499,0.552675248070014
"ctl","floored",62,13,"neclin",0.47741369881948,0.117448656974412,0.281517164139098
"ctl","floored",63,12,"neclin",0.416084124938718,0.151757581858505,0.269318350400087
"ctl","floored",64,14,"neclin",0.428587281827769,0.215704245878269,0.124595894482808
"ctl","floored",65,13,"ecxsigm",0.216815053787513,0.0147643970887212,0.518985062370942
"ctl","floored",66,12,"nec4param",0.25614572144055,0.25614572144055,0.218980025397974
"ctl","floored",67,14,"neclin",0.502233786969732,0.217089079047623,0.109795313650213
"ctl","floored",68,14,"neclin",0.361288290490979,0.120905784180766,0.0792693523410788
"ctl","floored",69,13,"neclin",0.577041918144588,0.117875988625752,0.134558544100134
"ctl","floored",70,14,"neclin",0.391466015814862,0.137226346093844,0.256892519457763
"ctl","floored",71,13,"neclin",0.203433245106266,0.092047765206462,0.329536621098183
"ctl","floored",72,13,"ecxsigm",0.226782727929255,0.103379963683471,0.61034520285728
"ctl","floored",73,11,"neclin",0.349396703904779,0.0748439942695981,0.182912109502023
"ctl","floored",74,14,"ecxsigm",0.170860123695651,0.00750884907190814,0.536994203187519
"ctl","floored",75,13,"neclin",0.491288484569954,0.258339267738417,0.145828694695572
"ctl","floored",76,14,"neclin",0.66897484323248,0.145448672733592,0.0682386701098585
"ctl","floored",77,12,"nec4param",0.553104270591868,0.553104270591868,0.356004409471917
"ctl","floored",78,13,"ecxsigm",0.214103452516768,0.059018972319706,0.671439278041653
"ctl","floored",79,14,"neclin",0.380364928280131,0.153504872726267,0.273042684087839
"ctl","floored",80,13,"ecxll3",0.176770800183361,0.0144256430980818,0.569376659871541
"ctl","floored",81,13,"neclin",0.355527503322034,0.28647936597757,0.203556543172297
"ctl","floored",82,12,"nec4param",0.408949422476812,0.408949422476812,0.428141009276233
"ctl","floored",83,13,"neclin",0.456518611321117,0.177500066017341,0.164130118778689
"ctl","floored",84,14,"neclin",0.352120389042373,0.315135604052412,0.149656343528404
"ctl","floored",85,13,"nec4param",0.272825498501274,0.272825498501274,0.476115306305985
"ctl","floored",86,13,"neclin",0.414323958082007,0.1321062737532,0.282995115525771
"ctl","floored",87,14,"ecxwb1p3",0.291902559611136,0.0143290950905957,0.568527550357656
"ctl","floored",88,13,"ecxwb1p3",0.318675448422849,0.00370217606933356,0.47459141264486
"ctl","floored",89,14,"nec4param",0.275132931151943,0.275132931151943,0.215440203822043
"ctl","floored",90,14,"neclin",0.357706507919518,0.0942095849110126,0.322546554151038
"ctl","floored",91,14,"ecxwb1p3",0.190310594144401,0.0216785181574406,0.341557622685173
"ctl","floored",92,14,"nec4param",0.363328133228864,0.363328133228864,0.225786344142417
"ctl","floored",93,13,"ecxwb1p3",0.15981878765179,0.0953837128984569,0.377934669846284
"ctl","floored",94,13,"ecxsigm",0.211179178564118,0.0534008572001655,0.662221990338499
"ctl","floored",95,12,"nec4param",0.650906112769508,0.650906112769508,0.123191472306696
"ctl","floored",96,13,"ecxsigm",0.218026559661398,0.0920512205877454,0.609922069602804
"ctl","floored",97,13,"neclin",0.298322783387341,0.227492753231683,0.339306779999657
"ctl","floored",98,14,"neclin",0.272845111109355,0.143929360431221,0.31408453347119
"ctl","floored",99,13,"neclin",0.504083353609194,0.0560786148842588,0.166265541583104
"ctl","floored",100,14,"nec4param",0.286760181116594,0.286760181116594,0.206360666594177
"ctl","gamma",1,11,"ecxsigm",0.334734694164692,0.0226814357715304,0.766556375157606
"ctl","gamma",2,12,"ecxwb2p3",0.207619036029732,0.00632165869997003,0.649479800002676
"ctl","gamma",3,12,"ecxsigm",0.290542587513416,0.0158684999844624,0.846552769808181
"ctl","gamma",4,11,"ecxwb1p3",0.353222141426342,0.00260725168924947,0.880084862781992
"ctl","gamma",5,11,"ecxsigm",0.233617205393622,0.0167924765308812,0.632533201826662
"ctl","gamma",6,11,"ecxwb1p3",0.257431163997744,0.0409762699729822,0.754817879902154
"ctl","gamma",7,12,"ecxwb1p3",0.277005661720134,0.110011715252064,0.714712285853844
"ctl","gamma",8,11,"ecxwb1",0.25922779673944,0.0273384554682065,0.525785118068139
"ctl","gamma",9,11,"ecxsigm",0.400705560547675,0.0162663177107897,0.890884425368959
"ctl","gamma",10,10,"ecxwb1p3",0.350298906860212,0.0147193868010461,0.777539576549542
"ctl","gamma",11,11,"ecxwb1p3",0.182059180804368,0.0227056357212885,0.60346920302218
"ctl","gamma",12,11,"ecxwb1",0.227186482653943,0.0630175577598474,0.411020872678295
"ctl","gamma",13,12,"ecxsigm",0.224870497279064,0.0113557022552254,0.655686805905745
"ctl","gamma",14,9,"ecxwb1p3",0.291694220057422,0.0385254409060529,0.895397402596606
"ctl","gamma",15,11,"ecxwb1p3",0.424999199725692,0.0172962754500966,0.685827496075046
"ctl","gamma",16,11,"ecxsigm",0.184393053159708,0.00274003162499575,0.68777323890184
"ctl","gamma",17,11,"ecxll3",0.194472410150862,0.00130467420739042,0.732188807463121
"ctl","gamma",18,12,"ecxsigm",0.190459186612392,0.00172608125453189,0.777124336514379
"ctl","gamma",19,12,"ecxll3",0.282278193282729,0.0110533522995246,0.715597835243968
"ctl","gamma",20,11,"ecxwb1p3",0.397294398127023,0.120544706791878,0.681928631588613
"ctl","gamma",21,11,"ecxwb1p3",0.257811612323809,0.00239708623493215,0.785984078661818
"ctl","gamma",22,12,"ecxwb1p3",0.346097041821799,0.0896606838935033,0.632496245295207
"ctl","gamma",23,9,"ecxsigm",0.201342990765082,0.00827783853877993,0.886728004924248
"ctl","gamma",24,11,"ecxsigm",0.279885616935378,0.0263188875704277,0.715274340197607
"ctl","gamma",25,11,"ecxsigm",0.190716167590519,0.0642452811024482,0.709979231093611
"ctl","gamma",26,11,"ecxsigm",0.175247908210833,0.0691663629339775,0.666640309451035
"ctl","gamma",27,11,"ecxwb1p3",0.31699048882009,0.0754609164517902,0.708787223842756
"ctl","gamma",28,11,"ecxwb1p3",0.176404887372316,0.028824016696293,0.758132538183927
"ctl","gamma",29,11,"ecxwb1p3",0.383208981312659,0.111723465014998,0.593176232727742
"ctl","gamma",30,11,"ecxsigm",0.295619580557394,0.07127699324211,0.680214093939252
"ctl","gamma",31,9,"ecxll3",0.277561256438147,0.0618628902108519,0.816725451763342
"ctl","gamma",32,11,"ecxwb1p3",0.312487572575098,0.0239432994535574,0.616808702289875
"ctl","gamma",33,11,"ecxwb1",0.249386996379776,0.0160118018364888,0.582408109690721
"ctl","gamma",34,11,"ecxwb1",0.300850327295231,0.0147662758714467,0.584915440635666
"ctl","gamma",35,11,"ecxwb1p3",0.313357768700197,0.202402042907541,0.633920788286329
"ctl","gamma",36,11,"ecxsigm",0.20299320507101,0.00883618527753809,0.712363056920302
"ctl","gamma",37,11,"ecxwb1p3",0.263980674250154,0.0532613071637054,0.758418533531814
"ctl","gamma",38,10,"ecxsigm",0.267307079114654,0.0165795767021789,0.773511091823369
"ctl","gamma",39,12,"ecxwb2p3",0.161584335879225,0.00995412471891604,0.744487622783998
"ctl","gamma",40,10,"ecxexp",0.284349485088809,0.0190070272950669,0.897183702349806
"ctl","gamma",41,11,"ecxwb1p3",0.211486553732759,0.00607005259659413,0.75176822143062
"ctl","gamma",42,11,"ecxwb1p3",0.28827080782707,0.0874025646907201,0.57579012884018
"ctl","gamma",43,12,"ecxwb1p3",0.302860977506437,0.0476483221657367,0.63635550894441
"ctl","gamma",44,12,"ecxsigm",0.242978696289775,0.00287657767493409,0.765835781001713
"ctl","gamma",45,11,"ecxsigm",0.418833745159017,0.0146970263940413,0.911385151054104
"ctl","gamma",46,11,"ecxwb1p3",0.304998167004253,0.0272481270457943,0.767205624303083
"ctl","gamma",47,11,"ecxwb1p3",0.236972154803456,0.0628092236700975,0.600398872407773
"ctl","gamma",48,11,"ecxwb1p3",0.299188849993454,0.00412179281367095,0.716321080521441
"ctl","gamma",49,11,"ecxsigm",0.36564550618196,0.00391517577059392,0.872345017684453
"ctl","gamma",50,11,"ecxwb1p3",0.586659889002145,3.31279020342583e-05,0.689818953762997
"ctl","gamma",51,11,"ecxwb1p3",0.196424134839612,0.0227964388803764,0.633961476555529
"ctl","gamma",52,11,"ecxwb1p3",0.30523072870085,0.00592671650718097,0.803305402025228
"ctl","gamma",53,12,"ecxsigm",0.477101363226173,0.0106008980418597,0.900185858375572
"ctl","gamma",54,12,"ecxsigm",0.31431558567763,0.0363342268208134,0.708896731805126
"ctl","gamma",55,11,"ecxwb1p3",0.199217341324721,0.0260417719058212,0.612404383650332
"ctl","gamma",56,12,"ecxwb1",0.502971342874751,0.0162227226943059,0.267457672341293
"ctl","gamma",57,11,"ecxll3",0.322069417427487,0.0255774222645598,0.782128383061934
"ctl","gamma",58,11,"ecxwb1p3",0.468066217876509,0.0190552649600435,0.618709518843279
"ctl","gamma",59,11,"ecxwb1",0.479117133635328,0.00817212900496038,0.447127925525682
"ctl","gamma",60,12,"ecxsigm",0.243100842544255,0.0329476499258667,0.694935913761065
"ctl","gamma",61,11,"ecxwb1",0.15965882860344,0.0182682982890649,0.634550624046556
"ctl","gamma",62,11,"ecxwb1p3",0.23346718010794,0.073828728996889,0.680924780280084
"ctl","gamma",63,12,"ecxwb1p3",0.254698123747499,0.0340063435088914,0.791492917266695
"ctl","gamma",64,11,"ecxwb1p3",0.668484009526825,2.37373338920969e-05,0.823368384502369
"ctl","gamma",65,11,"ecxwb1p3",0.185705137452314,0.0256155361262519,0.730541650530912
"ctl","gamma",66,11,"ecxwb1p3",0.379399917420361,0.0200689327270739,0.7150524581655
"ctl","gamma",67,10,"ecxsigm",0.35463123302632,0.0931730695865714,0.739836725372572
"ctl","gamma",68,9,"ecxwb1p3",0.579978005949659,0.0380984554888904,0.842939702920912
"ctl","gamma",69,11,"ecxwb1p3",0.416119982233774,0.183464807467379,0.572432657721604
"ctl","gamma",70,11,"ecxwb1p3",0.200062015409449,0.0060301293618682,0.782762645596744
"ctl","gamma",71,11,"ecxwb1p3",0.312379663705351,0.0609767915292192,0.648026264968022
"ctl","gamma",72,9,"ecxexp",0.223673246166182,0.0422754723359329,0.837687929612764
"ctl","gamma",73,11,"ecxwb1p3",0.241634922791174,0.0489976499031485,0.752604303843763
"ctl","gamma",74,10,"ecxsigm",0.554944833178316,0.0436036895253759,0.833701055471272
"ctl","gamma",75,12,"ecxwb1p3",0.333192117717037,0.00398188828800625,0.710750311482399
"ctl","gamma",76,11,"ecxwb1p3",0.339483201641195,0.0292010987156028,0.648092273990102
"ctl","gamma",77,12,"ecxsigm",0.228346860208045,0.00681894626021588,0.688422254759786
"ctl","gamma",78,11,"ecxsigm",0.211424662652075,0.00665209481750222,0.753671407909432
"ctl","gamma",79,11,"ecxexp",0.232177826625961,0.0397029712252613,0.771287639250908
"ctl","gamma",80,11,"ecxsigm",0.276162895460749,0.0524072401756088,0.638759447544552
"ctl","gamma",81,11,"ecxexp",0.177851890538464,0.0389126472132666,0.675739777860241
"ctl","gamma",82,11,"ecxwb1p3",0.237834078301371,0.000405979047653198,0.796369699595154
"ctl","gamma",83,10,"ecxwb1p3",0.343273894468088,0.00225096878712602,0.924717553780162
"ctl","gamma",84,12,"ecxwb1p3",0.184209760371318,0.0386664543069845,0.660503013835759
"ctl","gamma",85,12,"ecxsigm",0.291997806280012,0.0112040027812384,0.753711856159916
"ctl","gamma",86,12,"ecxsigm",0.280058394300501,0.00869306495193249,0.679243307438493
"ctl","gamma",87,11,"ecxwb1p3",0.279119958396948,0.0570576536621814,0.759190824578156
"ctl","gamma",88,12,"ecxsigm",0.230910779321679,0.0204822975011032,0.699691969768518
"ctl","gamma",89,12,"ecxsigm",0.280764686266736,0.0483270992448923,0.72525072056212
"ctl","gamma",90,11,"ecxwb1p3",0.29350019107772,0.00783609995028185,0.796785569059376
"ctl","gamma",91,10,"ecxwb1p3",0.244154638882899,0.0161267925326953,0.70029133426524
"ctl","gamma",92,11,"ecxwb2p3",0.275819172734391,0.00284190907458345,0.747419027421766
"ctl","gamma",93,10,"ecxwb1p3",0.296928042839812,0.115441148843899,0.634025840362594
"ctl","gamma",94,11,"ecxwb1",0.241912439184605,0.00380433788605004,0.638461488310873
"ctl","gamma",95,11,"ecxwb1p3",0.243451200037094,0.0143581705760067,0.665112113899117
"ctl","gamma",96,12,"ecxwb1p3",0.251420763226615,0.0114074115839941,0.783677240166603
"ctl","gamma",97,11,"ecxll3",0.234556162235221,0.0500566716114982,0.704538112576987
"ctl","gamma",98,12,"ecxwb1p3",0.263730934514682,0.014718198782581,0.694428517796807
"ctl","gamma",99,11,"ecxwb1p3",0.273951964120164,0.0144933946691134,0.675549678822589
"ctl","gamma",100,11,"ecxwb1p3",0.258632400473504,0.00111477090490026,0.945272306475944
"ctl","measured",1,14,"nec4param",0.236468711590001,0.236468711590001,0.438313930408723
"ctl","measured",2,11,"neclin",0.24355907468409,0.0364279382894931,0.476716859305329
"ctl","measured",3,13,"neclin",0.34693353760969,0.265993866096401,0.235567994075007
"ctl","measured",4,12,"nec4param",0.484604086090444,0.484604086090444,0.144466103858886
"ctl","measured",5,11,"nec4param",0.486098965766811,0.486098965766811,0.258070221399863
"ctl","measured",6,11,"neclin",0.587934106112293,0.18750687738737,0.092946704851624
"ctl","measured",7,14,"neclin",0.466653026309371,0.263120108583725,0.0839553439801579
"ctl","measured",8,13,"neclin",0.386273743735204,0.155387940819592,0.0400779243016703
"ctl","measured",9,12,"neclin",0.66435375826782,0.150221165025948,0.0782074364299848
"ctl","measured",10,13,"neclin",0.292106169933132,0.0407541566220202,0.314781361826483
"ctl","measured",11,13,"ecxwb1p3",0.209452529026335,0.174137977668744,0.444465265680848
"ctl","measured",12,13,"neclin",0.33909789373139,0.0240201665227953,0.237182469093706
"ctl","measured",13,13,"neclin",0.207986371630883,0.0714965858175613,0.242328199579625
"ctl","measured",14,13,"neclin",0.560358343596328,0.324067294378114,0.0783096511575111
"ctl","measured",15,12,"neclin",0.495025807323512,0.0378550478693934,0.0341948520782569
"ctl","measured",16,13,"nec4param",0.190764496740699,0.190764496740699,0.330299144871594
"ctl","measured",17,13,"neclin",0.578217065833905,0.181142666714069,0.183486142298174
"ctl","measured",18,13,"nec4param",0.376666306181947,0.376666306181947,0.282089129534058
"ctl","measured",19,14,"nec4param",0.302233774565135,0.302233774565135,0.329879176622479
"ctl","measured",20,13,"neclin",0.407263295671858,0.0975179757039613,0.109755370648395
"ctl","measured",21,13,"ecxwb1p3",0.205180094665078,0.065770761153054,0.506850710043089
"ctl","measured",22,13,"neclin",0.497709746134534,0.0420202803509514,0.126583708957974
"ctl","measured",23,13,"neclin",0.290450278251066,0.0963946038684925,0.499555604939243
"ctl","measured",24,13,"neclin",0.212078618000698,0.148811091581353,0.188424534553684
"ctl","measured",25,13,"ecxll3",0.235255820333892,0.00573900968667255,0.79992641001037
"ctl","measured",26,12,"ecxsigm",0.302497354882179,0.0287601379369229,0.491972718617403
"ctl","measured",27,11,"nec4param",0.304477458398227,0.304477458398227,0.576337765328704
"ctl","measured",28,12,"nec4param",0.440675089681045,0.440675089681045,0.0866264450696872
"ctl","measured",29,12,"ecxlin",0.291206454926477,0.00892769971252257,0.116697129873657
"ctl","measured",30,13,"ecxsigm",0.241388431026606,0.0846581237617487,0.712249762277431
"ctl","measured",31,12,"nec4param",0.279148360929145,0.279148360929145,0.334675855443743
"ctl","measured",32,13,"neclin",0.348598025069173,0.0680869348945634,0.0798658020783371
"ctl","measured",33,13,"neclin",0.301045092918759,0.0529504649668286,0.430398032066951
"ctl","measured",34,14,"neclin",0.514278477564364,0.23001095382944,0.105726468062907
"ctl","measured",35,12,"neclin",0.52116487365911,0.0256203456516554,0.0895537479168308
"ctl","measured",36,13,"nec4param",0.219325677613276,0.219325677613276,0.342837037940019
"ctl","measured",37,13,"neclin",0.431201369317334,0.0807752377554442,0.12609261555336
"ctl","measured",38,14,"neclin",0.445132850146301,0.0905628023890159,0.149507362056581
"ctl","measured",39,13,"ecxsigm",0.210166089150768,0.0193921707070538,0.616426782869395
"ctl","measured",40,13,"neclin",0.265661974139639,0.0662897545885719,0.283339408975473
"ctl","measured",41,13,"neclin",0.475502342644627,0.181433877718797,0.244511287046161
"ctl","measured",42,13,"neclin",0.587871233427519,0.0445103001154245,0.0653504344653123
"ctl","measured",43,13,"neclin",0.466829002195407,0.29791185282454,0.0617746220718727
"ctl","measured",44,13,"nec4param",0.241091913452233,0.241091913452233,0.481286225325081
"ctl","measured",45,12,"neclin",0.397212742508653,0.37227259979999,0.17253488829393
"ctl","measured",46,14,"ecxsigm",0.175183996746477,0.169737283709047,0.446649406056675
"ctl","measured",47,14,"neclin",0.38594115994187,0.155425946245173,0.232625077892556
"ctl","measured",48,13,"nec4param",0.633749105951583,0.633749105951583,0.113607757513199
"ctl","measured",49,11,"neclin",0.333518090952881,0.319159621164916,0.14362910667505
"ctl","measured",50,12,"neclin",0.299453777923478,0.0132968264517029,0.085892409555014
"ctl","measured",51,14,"ecxsigm",0.219190259164447,0.204381253652859,0.480124935583016
"ctl","measured",52,12,"nec4param",0.242223773617332,0.242223773617332,0.612298665575064
"ctl","measured",53,11,"neclin",0.38266652298077,0.145225973089226,0.264509278068312
"ctl","measured",54,13,"ecxsigm",0.230419766983444,0.0385533513744123,0.673796110888445
"ctl","measured",55,13,"ecxwb1p3",0.202332074711584,0.0812215953206105,0.510352358639043
"ctl","measured",56,13,"ecxwb2p3",0.250908718730443,0.0539901133564919,0.602362144501988
"ctl","measured",57,11,"nec4param",0.354909744663841,0.354909744663841,0.301937295141849
"ctl","measured",58,14,"neclin",0.547001095246135,0.0987677600723427,0.0954758775431185
"ctl","measured",59,13,"neclin",0.475290968502252,0.388741963524524,0.0607888612338399
"ctl","measured",60,14,"neclin",0.658211069344191,0.135844150915829,0.0300744372938263
"ctl","measured",61,13,"ecxsigm",0.174842454730847,0.0524387992377078,0.536191845424212
"ctl","measured",62,13,"neclin",0.483628320307022,0.11180606540346,0.280440553214502
"ctl","measured",63,12,"neclin",0.476673884332907,0.10352810552325,0.221467211060856
"ctl","measured",64,14,"neclin",0.590280417712982,0.163899599635711,0.0499799643349148
"ctl","measured",65,13,"ecxwb1p3",0.329017282373122,0.0150858634425386,0.555125961698605
"ctl","measured",66,12,"neclin",0.266619885052806,0.264793091766818,0.113820620918193
"ctl","measured",67,14,"neclin",0.623773001459391,0.161801179376529,0.0796026620022439
"ctl","measured",68,14,"neclin",0.397433390054948,0.0995614535455547,0.0630827667465653
"ctl","measured",69,13,"neclin",0.592547985282032,0.0614626016689395,0.051522990139583
"ctl","measured",70,14,"neclin",0.47795458922062,0.0942519428112723,0.20722754209055
"ctl","measured",71,13,"neclin",0.24135636754464,0.0731672579145024,0.182212846312582
"ctl","measured",72,13,"ecxsigm",0.228789643688063,0.121165304820547,0.558308906779226
"ctl","measured",73,11,"neclin",0.310869516462295,0.0612181330903019,0.162120185540521
"ctl","measured",74,14,"ecxwb1p3",0.16558137075745,0.00690687536054664,0.516084004149826
"ctl","measured",75,14,"neclin",0.628022689393063,0.143278659198366,0.0619961509497485
"ctl","measured",76,14,"neclin",0.738845976465191,0.0751361775379648,0.038243195591328
"ctl","measured",77,12,"nec4param",0.518660286603728,0.518660286603728,0.296723602328932
"ctl","measured",78,13,"ecxwb1p3",0.210728760865441,0.0518824032601464,0.622770449227447
"ctl","measured",79,14,"neclin",0.538290489564813,0.0930891474348525,0.175550648454967
"ctl","measured",80,13,"ecxwb1p3",0.199673175383834,0.0179744608025181,0.546258536134488
"ctl","measured",81,13,"neclin",0.444969795189571,0.247248915366773,0.145857366619098
"ctl","measured",82,12,"nec4param",0.412882157488374,0.412882157488374,0.306314107701251
"ctl","measured",83,13,"neclin",0.500138797090726,0.144939651775192,0.126349002025485
"ctl","measured",84,14,"neclin",0.589788432525626,0.199034268177221,0.0766179528030043
"ctl","measured",85,13,"nec4param",0.249661638050632,0.249661638050632,0.493910552040724
"ctl","measured",86,13,"neclin",0.470572505861662,0.0764821034639247,0.208773985842196
"ctl","measured",87,14,"ecxwb1p3",0.232938288798228,0.0129041643774433,0.351070086146292
"ctl","measured",88,13,"ecxwb1p3",0.430338490894267,0.00181161360390577,0.547326651059486
"ctl","measured",89,14,"neclin",0.432673659282095,0.161116863307624,0.126014762490441
"ctl","measured",90,14,"neclin",0.365699320613572,0.0859446865819858,0.30765854113434
"ctl","measured",91,14,"ecxwb1",0.16416588602929,0.0146081366844159,0.193971236558473
"ctl","measured",92,14,"nec4param",0.359562914229189,0.359562914229189,0.2139232988122
"ctl","measured",93,13,"neclin",0.140706693477021,0.131521139278813,0.149477442784285
"ctl","measured",94,13,"ecxsigm",0.214438348443587,0.0566887063023495,0.663252856224635
"ctl","measured",95,12,"neclin",0.482511902967988,0.423184862040247,0.0759426063104982
"ctl","measured",96,14,"neclin",0.222501857790137,0.0720268684120323,0.558403165688701
"ctl","measured",97,13,"neclin",0.282037332859086,0.245834802944107,0.339280638770927
"ctl","measured",98,14,"neclin",0.340374699962283,0.105815135148766,0.256143162033849
"ctl","measured",99,13,"neclin",0.529266729858694,0.0474216157645868,0.138949948916448
"ctl","measured",100,14,"neclin",0.471920721957452,0.240636326734401,0.10464569749175
"d2","beta",1,11,"ecxll4",0.299436174528407,0.03992280668863,0.0860219973128802
"d2","beta",2,11,"ecxll4",0.347189465332758,0.00388458976458043,0.0436717976937987
"d2","beta",3,9,"ecxwb2",0.384937718902626,0.0627206139782207,0.346391974684293
"d2","beta",4,11,"ecx4param",0.407259478909516,0.00122272615603431,0.0166290116224033
"d2","beta",5,11,"ecxwb1",0.360981927831649,0.00150058498501632,0.0982098522427339
"d2","beta",6,10,"ecxwb1",0.505503170312306,0.0216382727232171,0.0626953676433892
"d2","beta",7,11,"ecxwb1",0.341071466836629,0.089154803528555,0.0946000595803324
"d2","beta",8,11,"ecxll4",0.322105622440898,0.00507517368295977,0.222692420109829
"d2","beta",9,11,"ecxll4",0.374228019573808,0.0403117982378294,0.0827359259489559
"d2","beta",10,11,"ecx4param",0.233001141062137,0.098628407530415,0.0644115257694608
"d2","beta",11,11,"ecxll4",0.343172273936565,0.0026362357286714,0.0730650890187073
"d2","beta",12,10,"ecx4param",0.466584183750273,0.000241395108510388,0.126699635502167
"d2","beta",13,11,"ecx4param",0.289453664927251,0.00139129098589292,0.105126784869168
"d2","beta",14,11,"ecxwb1",0.401736902626941,0.141439103153276,0.0439343309076851
"d2","beta",15,11,"ecx4param",0.305761202988994,0.00483264528375583,0.0720762158488836
"d2","beta",16,11,"ecxwb2",0.309720765929191,0.0255745813475075,0.172320020662732
"d2","beta",17,11,"ecxwb1",0.236903252832517,0.166536289675517,0.0902544696831478
"d2","beta",18,11,"ecxll4",0.26799554393367,0.0261881764860149,0.207694277874928
"d2","beta",19,12,"ecxll4",0.268794010389857,0.0339214987129033,0.0614937319450629
"d2","beta",20,11,"ecxwb2",0.301887632603088,0.0315442848021837,0.157722862303308
"d2","beta",21,11,"nec4param",0.286351205570497,0.286351205570497,0.0955915043576632
"d2","beta",22,9,"ecx4param",0.634633594942618,0.00354343287537276,0.110688603371028
"d2","beta",23,11,"ecx4param",0.318573762029247,0.00377541343899534,0.0592183280669789
"d2","beta",24,11,"ecxll4",0.286615822981771,0.00521910114211233,0.0807391128378409
"d2","beta",25,11,"ecxll4",0.296864794884483,0.00504061150710758,0.204701433468955
"d2","beta",26,9,"ecx4param",0.742982670556009,0.0359806803209425,0.0602901792748681
"d2","beta",27,11,"ecxll4",0.350099999255588,0.00209382852891256,0.0977790950532074
"d2","beta",28,10,"nec4param",0.321022500291688,0.321022500291688,0.162686198140805
"d2","beta",29,9,"ecx4param",0.552862286318345,0.0542786364608358,0.137349986755225
"d2","beta",30,9,"ecx4param",0.619396843993872,0.0168714878224115,0.166751820606994
"d2","beta",31,11,"ecxwb1",0.485326054514116,0.00118490382733314,0.028069268286184
"d2","beta",32,9,"nec4param",0.363859477969207,0.363859477969207,0.194946890537523
"d2","beta",33,11,"ecxwb2",0.333961041331237,0.00897160907557724,0.200383066578199
"d2","beta",34,12,"ecx4param",0.277283440099185,0.0115842801386991,0.110628465529486
"d2","beta",35,11,"nec4param",0.242461552285223,0.242461552285223,0.24222289829007
"d2","beta",36,9,"ecxwb2",0.535824829603156,0.0832082029770107,0.10645426963699
"d2","beta",37,12,"ecxwb1",0.414752703814394,0.00245221602898039,0.0725069901980134
"d2","beta",38,10,"ecx4param",0.27403057311115,0.00486491372096183,0.335473217857009
"d2","beta",39,9,"ecx4param",0.800676358511373,0.0036420435400773,0.10643226680651
"d2","beta",40,11,"ecx4param",0.336806980602686,0.0614018544093419,0.0993235223612654
"d2","beta",41,11,"ecxwb1",0.449624951239131,0.00103244184558477,0.171279233340652
"d2","beta",42,12,"nec3param",0.44582689768624,0.284688570010706,0.471242126436976
"d2","beta",43,11,"ecxll4",0.272753565129609,0.0564323764639632,0.0685809268151823
"d2","beta",44,11,"ecx4param",0.317564980811021,0.0076388686513783,0.163651334684441
"d2","beta",45,11,"ecx4param",0.25200207728731,0.0323858977194419,0.199277368758494
"d2","beta",46,11,"ecx4param",0.251493098963263,0.0762806721306006,0.101950307572863
"d2","beta",47,11,"ecxwb1",0.326058525939515,0.0202084247759058,0.0456838819372312
"d2","beta",48,11,"nec4param",0.447339373023838,0.447339373023838,0.324367685851972
"d2","beta",49,10,"ecx4param",0.435729697348474,0.00578242406527842,0.146310538895385
"d2","beta",50,12,"ecx4param",0.255950677966771,0.00538131578983714,0.123052211107999
"d2","beta",51,11,"ecxwb2",0.331963090180395,0.0911021579102281,0.0644492416493345
"d2","beta",52,9,"ecxwb2",0.435436355669852,0.144075019440396,0.140954788141642
"d2","beta",53,12,"ecxll4",0.326451186775114,7.45222755786294e-05,0.141871531454656
"d2","beta",54,11,"ecxll4",0.288409140716361,0.00506097996306853,0.0178991022477667
"d2","beta",55,11,"ecxwb1",0.474852969146026,0.00658895833364997,0.0566822808119767
"d2","beta",56,9,"ecx4param",0.442372364834054,0.0627298730571759,0.157929506740712
"d2","beta",57,11,"ecxwb1",0.496962667118546,0.00231358159521338,0.117975674282686
"d2","beta",58,12,"ecxwb2",0.248392062332854,0.00203230989867204,0.15881285209336
"d2","beta",59,11,"ecx4param",0.33653689267729,0.00172380374848521,0.153866802958698
"d2","beta",60,10,"ecx4param",0.402757480775129,0.00198739959939352,0.262657752102493
"d2","beta",61,10,"ecx4param",0.574272984045971,0.00387061903842375,0.0554135426673774
"d2","beta",62,11,"ecxwb1",0.306987552632566,0.0617652485251603,0.0521357117470532
"d2","beta",63,11,"ecxwb1",0.267097720503897,0.0573675352140514,0.0536950397984082
"d2","beta",64,11,"ecxll4",0.338139103063998,0.00704693329412795,0.0950793646963147
"d2","beta",65,11,"ecxwb1",0.316138942765728,0.00382908222762287,0.164971206180288
"d2","beta",66,11,"ecxwb1",0.361483631975645,0.000322067745799765,0.155453441492189
"d2","beta",67,12,"ecxll4",0.295757950205008,0.00201652403237879,0.107478569536651
"d2","beta",68,11,"ecx4param",0.375110578152158,0.0134410889943347,0.0543402087354658
"d2","beta",69,11,"ecxwb1",0.243366344058766,0.130164410638463,0.181864399767966
"d2","beta",70,12,"ecx4param",0.351720630177743,0.000510429380047406,0.10172097008298
"d2","beta",71,9,"ecx4param",0.524854044810048,0.0101577803980038,0.386447252493171
"d2","beta",72,11,"ecxll4",0.284725349152659,0.000536529513031953,0.196768966218502
"d2","beta",73,11,"ecxll4",0.238977360560676,0.00342927202643107,0.240631420043436
"d2","beta",74,12,"ecxll4",0.240950716658568,0.057293705295874,0.0777790579541443
"d2","beta",75,11,"ecx4param",0.395664175804784,0.00738355754178798,0.123375718612034
"d2","beta",76,11,"ecxwb2",0.270860265128519,0.254127487623258,0.0282546768819837
"d2","beta",77,10,"ecx4param",0.455465518177582,0.0132824045852739,0.159582921284913
"d2","beta",78,11,"nec4param",0.343178202870747,0.343178202870747,0.196021049857937
"d2","beta",79,11,"ecx4param",0.298433772907519,0.0221018842710123,0.0256809925439226
"d2","beta",80,11,"ecxwb1",0.430746348365334,0.000420326957176039,0.0503372121549195
"d2","beta",81,12,"ecx4param",0.24015496189469,0.0135413424499052,0.197133651889228
"d2","beta",82,11,"ecx4param",0.260248623495032,0.000490354796690961,0.176418538684345
"d2","beta",83,12,"ecxwb2",0.262076352880389,0.110843453885427,0.154006131147634
"d2","beta",84,11,"ecxll4",0.281070201776208,0.00444880152604418,0.122074988916895
"d2","beta",85,11,"ecxwb2",0.267844716958353,0.0051070542896778,0.228146005990398
"d2","beta",86,11,"nec4param",0.324444469252376,0.324444469252376,0.134169825232586
"d2","beta",87,11,"ecx4param",0.266494259648416,0.0250523357561729,0.0459064154907613
"d2","beta",88,12,"ecxwb2",0.312723162774129,0.118002715895587,0.151165782949681
"d2","beta",89,11,"ecxwb2",0.396292335733374,0.146143193043608,0.177815378497812
"d2","beta",90,12,"ecxll4",0.261300236714506,0.0420538443093969,0.112063273141683
"d2","beta",91,11,"ecxll4",0.317459664831756,0.0345199818187956,0.0504323989606712
"d2","beta",92,12,"ecxwb2",0.315471967967408,0.0129502699580232,0.102348111863604
"d2","beta",93,11,"ecxwb1",0.655880164060646,0.000609585761509417,0.0400617119067483
"d2","beta",94,11,"nec4param",0.392585973748361,0.392585973748361,0.293897224370168
"d2","beta",95,11,"ecxll4",0.228576781800065,0.145720650270351,0.169526416853343
"d2","beta",96,11,"ecxwb2",0.330901194407223,0.00940045009397229,0.0332446606203694
"d2","beta",97,11,"ecxll4",0.288426521812873,0.000661869777950817,0.260926013825277
"d2","beta",98,9,"ecx4param",0.519088521440474,0.0155892633198849,0.0785494054281666
"d2","beta",99,11,"ecx4param",0.338425907224185,0.00277757961705047,0.15353251539066
"d2","beta",100,11,"ecxwb2",0.296073394859219,0.033246799578088,0.073112542600195
"d2","censored",1,13,"ecxlin",0.296546508212325,0.0419161722142148,0.000373105629437937
"d2","censored",2,13,"neclin",0.36821340012236,0.142384834090491,0.0045392319578589
"d2","censored",3,12,"nec4param",0.215764879252886,0.215764879252886,0.00279786281595112
"d2","censored",4,11,"neclin",0.18733492470083,0.167915783788597,0.00999355484323848
"d2","censored",5,13,"neclin",0.364532865640092,0.130494334775516,0.000908850041619215
"d2","censored",6,11,"neclin",0.423749429764374,0.279947044581876,0.00149406281629363
"d2","censored",7,14,"neclin",0.348198410164106,0.175732220357906,0.000202676519765766
"d2","censored",8,13,"nec4param",0.313517274808847,0.313517274808847,0.00229474916414679
"d2","censored",9,14,"nec4param",0.234196608088463,0.234196608088463,0.0514391948278883
"d2","censored",10,13,"nec4param",0.387868608080523,0.387868608080523,0.00117022220095937
"d2","censored",11,13,"neclin",0.244632927737035,0.101522398716548,0.00487054880591122
"d2","censored",12,13,"neclin",0.273375201223485,0.0620759271477526,0.00129695237544978
"d2","censored",13,12,"neclin",0.28291530533691,0.157111526690327,0.00101847612743245
"d2","censored",14,14,"nec4param",0.437466412712945,0.437466412712945,0.000724855017245304
"d2","censored",15,13,"neclin",0.308294403364534,0.106250150611946,0.000523723410602454
"d2","censored",16,13,"nec4param",0.267226873689243,0.267226873689243,0.00229332349743074
"d2","censored",17,13,"neclin",0.472694437813631,0.309604576358663,0.000960575200640733
"d2","censored",18,13,"neclin",0.24218250775536,0.22437307407144,0.0129581598838192
"d2","censored",19,13,"neclin",0.346432220963513,0.331300928790572,0.00656639796396007
"d2","censored",20,14,"nec4param",0.232227021887958,0.232227021887958,0.0095633571529933
"d2","censored",21,13,"nec4param",0.446392091012928,0.446392091012928,0.000910815270024366
"d2","censored",22,13,"neclin",0.248222049728055,0.161364121318341,0.0010409481580336
"d2","censored",23,13,"ecxlin",0.174995586909512,0.134875660253007,0.00210694198327404
"d2","censored",24,13,"neclin",0.299382676106644,0.123190975129638,0.000830381946322347
"d2","censored",25,13,"neclin",0.223292431249656,0.165518800957085,0.00125400432538912
"d2","censored",26,11,"neclin",0.426392665312247,0.194579566588185,0.000951197925916993
"d2","censored",27,14,"ecxlin",0.195564411238801,0.0952091029241139,0.00181657323174998
"d2","censored",28,12,"nec4param",0.636636122018791,0.636636122018791,0.00630432963570244
"d2","censored",29,11,"neclin",0.544492046372401,0.271567117419049,0.000396600901102245
"d2","censored",30,13,"nec4param",0.462716988016803,0.462716988016803,0.00118925217097186
"d2","censored",31,13,"neclin",0.320233215589558,0.227556289809179,0.000625673475081338
"d2","censored",32,11,"nec4param",0.488387710519269,0.488387710519269,0.00966480876399472
"d2","censored",33,13,"nec4param",0.389788607368771,0.389788607368771,0.00772534050277624
"d2","censored",34,13,"neclin",0.27996786246584,0.255898069527431,0.00489680551243489
"d2","censored",35,12,"nec4param",0.468203208207322,0.468203208207322,0.0103541727055727
"d2","censored",36,12,"nec4param",0.464241130600833,0.464241130600833,0.0102510304772614
"d2","censored",37,14,"neclin",0.43266188207494,0.185531898202192,0.00105299857432368
"d2","censored",38,12,"neclin",0.255405090571146,0.244631093938396,0.000859346717969412
"d2","censored",39,13,"neclin",0.414798231598402,0.209621396632825,0.00123374772371443
"d2","censored",40,11,"nec4param",0.732938067146869,0.732938067146869,0.0322855112220985
"d2","censored",41,13,"nec4param",0.324197132497502,0.324197132497502,0.0273986479784072
"d2","censored",42,11,"nec4param",0.48390273452769,0.48390273452769,0.00359585574975861
"d2","censored",43,13,"nec4param",0.406023141103377,0.406023141103377,0.00295743238637519
"d2","censored",44,12,"ecxlin",0.193424683238518,0.102489461172852,0.00390866502520306
"d2","censored",45,13,"neclin",0.355393468571998,0.271119643508056,0.00388007056189633
"d2","censored",46,14,"neclin",0.286384782593036,0.271863927791818,0.00169550751799621
"d2","censored",47,14,"neclin",0.312469949564968,0.069575757709503,0.00126579426534636
"d2","censored",48,14,"nec4param",0.468054922402734,0.468054922402734,0.00559861813604074
"d2","censored",49,12,"neclin",0.317122955630357,0.126967831939958,0.00436577836770226
"d2","censored",50,13,"neclin",0.225233243639929,0.120716869395792,0.00118930877412519
"d2","censored",51,14,"nec4param",0.446418816551165,0.446418816551165,0.003668828765685
"d2","censored",52,13,"nec4param",0.3553534977638,0.3553534977638,0.00208637668288365
"d2","censored",53,14,"nec4param",0.141643152489936,0.141643152489936,0.00444472455452243
"d2","censored",54,14,"neclin",0.490278676836891,0.159102441021664,0.00259268435448858
"d2","censored",55,13,"neclin",0.331963797912336,0.0763841711881558,0.000741439388299893
"d2","censored",56,11,"neclin",0.493242231561057,0.423453863027048,0.00393774678600046
"d2","censored",57,14,"neclin",0.237707164369014,0.0706939612749092,0.00479906968175786
"d2","censored",58,14,"nec4param",0.309427816661074,0.309427816661074,0.00235147561366581
"d2","censored",59,11,"ecxlin",0.212729224655678,0.0699218610334297,0.00294687175215608
"d2","censored",60,13,"nec4param",0.302091520012926,0.302091520012926,0.00582172254903238
"d2","censored",61,11,"neclin",0.401291680227886,0.0864209598304912,0.00906256789478013
"d2","censored",62,14,"neclin",0.222680033884423,0.125201235478546,0.00133567367521351
"d2","censored",63,13,"neclin",0.520162998339201,0.265319486302797,0.00338020791231217
"d2","censored",64,13,"nec4param",0.452178166097316,0.452178166097316,0.00374685213810836
"d2","censored",65,14,"neclin",0.370250600350206,0.168908679977073,0.00329694419566116
"d2","censored",66,13,"ecxlin",0.213129699889786,0.047835362928302,0.000947643876224922
"d2","censored",67,14,"ecxlin",0.199232952776017,0.0809410725855743,0.0051046122536858
"d2","censored",68,14,"ecxll5",0.200833822865571,0.0348548563799728,0.0531184096418317
"d2","censored",69,13,"nec4param",0.339529370891392,0.339529370891392,0.0259438365421408
"d2","censored",70,14,"ecxlin",0.208050131108813,0.0927728311681605,0.00196593328484922
"d2","censored",71,10,"ecxlin",0.302859293186799,0.230545998018234,0.00136819846291272
"d2","censored",72,14,"ecxlin",0.225911282608683,0.0530349886637945,0.000805399164282733
"d2","censored",73,12,"neclin",0.289693265952803,0.168379529719629,0.00113915456751873
"d2","censored",74,13,"nec4param",0.424169204165819,0.424169204165819,0.018213655880374
"d2","censored",75,14,"nec4param",0.443111273960101,0.443111273960101,0.0145291289798963
"d2","censored",76,14,"nec4param",0.484021986634257,0.484021986634257,0.00502864544402373
"d2","censored",77,11,"nec4param",0.441344039451639,0.441344039451639,0.0119380935220454
"d2","censored",78,13,"nec4param",0.429236229499074,0.429236229499074,0.00487437088146444
"d2","censored",79,14,"neclin",0.175668089956679,0.0710592792884214,0.00408864539219501
"d2","censored",80,13,"neclin",0.26797147222698,0.171410580613965,0.00154724577256006
"d2","censored",81,14,"neclin",0.291195046387739,0.262163055537668,0.00268329175681377
"d2","censored",82,13,"ecxlin",0.260047650290921,0.0734911446817461,0.000795014605499292
"d2","censored",83,14,"nec4param",0.420831461295419,0.420831461295419,0.000315139536551023
"d2","censored",84,14,"neclin",0.378135287192925,0.238851129972188,0.00395877716617673
"d2","censored",85,13,"nec4param",0.249054686392486,0.249054686392486,0.00250689284595076
"d2","censored",86,13,"nec4param",0.58206281636779,0.58206281636779,0.00262416207907799
"d2","censored",87,14,"neclin",0.414898290089757,0.123948560692062,8.62079852271006e-05
"d2","censored",88,14,"nec4param",0.350665282500659,0.350665282500659,0.00551578623484812
"d2","censored",89,13,"nec4param",0.337725256352702,0.337725256352702,0.0114832652199092
"d2","censored",90,11,"nec4param",0.198844339307059,0.198844339307059,0.000498331105777991
"d2","censored",91,13,"nec4param",0.754608403148343,0.754608403148343,0.0141629672575341
"d2","censored",92,13,"nec4param",0.398211985803026,0.398211985803026,0.00430077027537904
"d2","censored",93,13,"neclin",0.382339948521126,0.103995375705772,0.00215834765943588
"d2","censored",94,13,"nec4param",0.850619057217155,0.850619057217155,0.0163702725039243
"d2","censored",95,13,"nec4param",0.517859832103121,0.517859832103121,0.00117531165714123
"d2","censored",96,13,"neclin",0.359135445567537,0.346208377689327,0.0225327424239599
"d2","censored",97,13,"ecxlin",0.252059284857345,0.057463948136727,0.00352268891272865
"d2","censored",98,13,"neclin",0.352657536824118,0.257129140388343,0.00584252188776577
"d2","censored",99,14,"neclin",0.192532496763506,0.187111100255493,0.00592944290258843
"d2","censored",100,12,"nec4param",0.471613107402404,0.471613107402404,0.0010464081077196
"d2","deleted",1,14,"ecxlin",0.337091369200416,0.0222381333087006,0.161218575678432
"d2","deleted",2,12,"neclin",0.237884133186652,0.0405893258517577,0.475046492201006
"d2","deleted",3,13,"ecxwb1p3",0.131142506906889,0.0764056354463726,0.400882406426433
"d2","deleted",4,13,"ecxsigm",0.204345584664344,0.0223871585077838,0.48994126233995
"d2","deleted",5,12,"neclin",0.433864949047988,0.0718462765188706,0.0617207435523017
"d2","deleted",6,11,"neclin",0.309539002978388,0.168173208290869,0.331063170656458
"d2","deleted",7,13,"neclin",0.344875393467006,0.150849907978173,0.147102140781294
"d2","deleted",8,14,"neclin",0.217588256215401,0.152527581075344,0.323601321973282
"d2","deleted",9,12,"ecxsigm",0.268367193461992,0.0145988959373488,0.605478863193976
"d2","deleted",10,13,"nec4param",0.230217312608819,0.230217312608819,0.414072005246467
"d2","deleted",11,14,"neclin",0.187270868816485,0.0355520981350027,0.292261755849604
"d2","deleted",12,13,"neclin",0.214824996993645,0.0481294720024655,0.265187253824346
"d2","deleted",13,13,"neclin",0.234299421837689,0.0978693298710122,0.310609467204057
"d2","deleted",14,14,"nec4param",0.262089323471623,0.262089323471623,0.297753249627532
"d2","deleted",15,13,"neclin",0.325394244911896,0.0662161020059185,0.148470683889757
"d2","deleted",16,13,"neclin",0.143917630650198,0.125960314295642,0.426029262243277
"d2","deleted",17,13,"nec3param",0.265414637937672,0.213825357808477,0.417617396805038
"d2","deleted",18,13,"ecxsigm",0.201032141626285,0.0799043567733932,0.480520223947273
"d2","deleted",19,14,"neclin",0.276951426708959,0.136541182486344,0.365437127328101
"d2","deleted",20,13,"ecxsigm",0.187285028024492,0.0823937379433036,0.400177871446273
"d2","deleted",21,13,"nec3param",0.302104512491153,0.271451825542855,0.439470324616049
"d2","deleted",22,12,"neclin",0.243584912703457,0.113977369066211,0.285674958612728
"d2","deleted",23,13,"ecxlin",0.164041738024884,0.072675020627304,0.338164054504869
"d2","deleted",24,13,"neclin",0.193809263494373,0.0988078162602685,0.299238548304051
"d2","deleted",25,12,"neclin",0.190060848841015,0.0992496423626333,0.296653525395836
"d2","deleted",26,11,"neclin",0.441806344890212,0.128348247866597,0.165023416433117
"d2","deleted",27,13,"ecxlin",0.174717068171932,0.0660073828050337,0.339066129030979
"d2","deleted",28,12,"nec3param",0.627345966535263,0.237934652436528,0.689236488072755
"d2","deleted",29,11,"neclin",0.527260313615635,0.199502023586008,0.130677331706115
"d2","deleted",30,13,"nec4param",0.260793240724915,0.260793240724915,0.397981288301717
"d2","deleted",31,13,"neclin",0.228033462283589,0.151361890980129,0.273419892054164
"d2","deleted",32,13,"nec3param",0.332408105130588,0.186317367030147,0.580955262160884
"d2","deleted",33,13,"nec3param",0.386579711868674,0.113565306567455,0.673162863255117
"d2","deleted",34,14,"neclin",0.162630387513863,0.115987496803656,0.387692384271771
"d2","deleted",35,12,"nec3param",0.493176695110323,0.255582861676377,0.604858113088978
"d2","deleted",36,13,"neclin",0.214321155391952,0.162313577711656,0.407954472285453
"d2","deleted",37,13,"neclin",0.412033923781299,0.124679723649085,0.237772831465726
"d2","deleted",38,12,"nec4param",0.160386657040157,0.160386657040157,0.404959582770639
"d2","deleted",39,13,"neclin",0.245517399151427,0.150569709219804,0.358351559746497
"d2","deleted",40,13,"nec3param",0.27374760103059,0.0876194635938796,0.5917976063843
"d2","deleted",41,13,"nec4param",0.149234858602442,0.149234858602442,0.512529003167078
"d2","deleted",42,12,"nec3param",0.505566868506646,0.200270723990599,0.663469053056806
"d2","deleted",43,13,"nec4param",0.235468815641781,0.235468815641781,0.356714726287267
"d2","deleted",44,13,"ecxwb1p3",0.135906672810826,0.0398180069818739,0.474522854723622
"d2","deleted",45,13,"neclin",0.30247046849746,0.119189547494806,0.360515835102407
"d2","deleted",46,14,"neclin",0.21917228477439,0.133760205664497,0.385349275474642
"d2","deleted",47,14,"neclin",0.272728025909775,0.0302958589809301,0.20506984755145
"d2","deleted",48,13,"nec3param",0.346110236806561,0.249758249399387,0.581533613978155
"d2","deleted",49,12,"neclin",0.213694417671546,0.0456513832627548,0.384210920888315
"d2","deleted",50,14,"neclin",0.118805922595564,0.0645620553248037,0.371973237310568
"d2","deleted",51,14,"neclin",0.215222382837293,0.205947572479338,0.402890613957907
"d2","deleted",52,14,"nec4param",0.222988159872797,0.222988159872797,0.332735042985356
"d2","deleted",53,13,"ecxlin",0.131537764064218,0.0633956104805265,0.334977852912531
"d2","deleted",54,13,"neclin",0.404582308224674,0.112274891783713,0.325203670188185
"d2","deleted",55,14,"neclin",0.431653241145318,0.0785681961344439,0.189470179043559
"d2","deleted",56,13,"nec4param",0.213010574685971,0.213010574685971,0.431838040578744
"d2","deleted",57,12,"ecxsigm",0.241240126498525,0.0531328986248308,0.421051441299947
"d2","deleted",58,13,"nec4param",0.184856747062884,0.184856747062884,0.405263692262866
"d2","deleted",59,11,"ecxlin",0.203817251994475,0.0225755820912307,0.287280122735339
"d2","deleted",60,14,"neclin",0.1804188912781,0.149662241170175,0.3252558672797
"d2","deleted",61,13,"neclin",0.201294909613038,0.0265072082913283,0.405331145213207
"d2","deleted",62,13,"neclin",0.203037508983063,0.0771051380132986,0.332440734884936
"d2","deleted",63,12,"neclin",0.285840832512863,0.122747457231185,0.443270964371166
"d2","deleted",64,14,"nec3param",0.298582489401847,0.130022538492762,0.583664228855456
"d2","deleted",65,13,"neclin",0.273587086354462,0.114980068504794,0.308551664523038
"d2","deleted",66,13,"ecxlin",0.237995426329496,0.0254426730618657,0.190293873746235
"d2","deleted",67,14,"ecxlin",0.222250066732999,0.0323964821516049,0.280310190601972
"d2","deleted",68,14,"ecxll3",0.164956259816547,0.00384613878464987,0.625217405652557
"d2","deleted",69,13,"nec3param",0.296461156544904,0.149674291118887,0.575210421759471
"d2","deleted",70,14,"ecxlin",0.198281967659874,0.0544686846709464,0.271746108182841
"d2","deleted",71,14,"ecxlin",0.177785031408836,0.121706483520473,0.28445961476957
"d2","deleted",72,13,"ecxlin",0.204034774514121,0.0372006094991594,0.300002679058295
"d2","deleted",73,12,"neclin",0.245709002517902,0.0934405570510074,0.285730390489096
"d2","deleted",74,14,"ecxsigm",0.206878148724035,0.0979968297119547,0.58820846607947
"d2","deleted",75,14,"nec3param",0.207671984070114,0.141569425579791,0.573380094541064
"d2","deleted",76,14,"nec4param",0.190536615889781,0.190536615889781,0.509073883964883
"d2","deleted",77,13,"nec3param",0.230580722885209,0.117499628708324,0.658534659358136
"d2","deleted",78,13,"nec4param",0.233955262706412,0.233955262706412,0.429621274846348
"d2","deleted",79,14,"ecxsigm",0.173660672944263,0.0255843246162497,0.472591049589399
"d2","deleted",80,13,"neclin",0.227216261431186,0.0894138943338322,0.290631955592014
"d2","deleted",81,13,"ecxsigm",0.214605861494554,0.115451233185425,0.493282439759755
"d2","deleted",82,14,"ecxlin",0.198656752501841,0.0556937788357416,0.224038189169285
"d2","deleted",83,13,"neclin",0.438030722968786,0.344393735066745,0.201703842225044
"d2","deleted",84,14,"neclin",0.296415151551022,0.0661862646859098,0.404834195329096
"d2","deleted",85,13,"nec3param",0.197721207495326,0.140210995539558,0.552890196136029
"d2","deleted",86,13,"nec3param",0.266373363156309,0.258149169221483,0.508658429234351
"d2","deleted",87,13,"neclin",0.478908723184357,0.115180963648707,0.0570212142157346
"d2","deleted",88,14,"nec3param",0.345500711413919,0.17988830605175,0.504411036924856
"d2","deleted",89,13,"ecxsigm",0.147668389689003,0.142492949254297,0.414090928842393
"d2","deleted",90,14,"neclin",0.167044909441121,0.112209736617954,0.26357521030122
"d2","deleted",91,13,"nec3param",0.472586855654979,0.200941236821249,0.645093304177407
"d2","deleted",92,13,"ecxsigm",0.198016909637149,0.13986333788001,0.483996367202728
"d2","deleted",93,11,"neclin",0.376117484004764,0.108296091766004,0.345082687644839
"d2","deleted",94,13,"nec3param",0.536704403547413,0.275583660459729,0.653450202586641
"d2","deleted",95,12,"nec4param",0.308602943996014,0.308602943996014,0.337395820682559
"d2","deleted",96,14,"ecxwb2p3",0.223910601019859,0.0516486086664703,0.592697359225099
"d2","deleted",97,14,"ecxlin",0.194831730594585,0.0199044395196544,0.334274558284409
"d2","deleted",98,14,"neclin",0.242500220881117,0.0954155478134307,0.37921199180141
"d2","deleted",99,13,"ecxsigm",0.245355011645545,0.0524060667678132,0.575899393370995
"d2","deleted",100,13,"nec4param",0.319198999029317,0.319198999029317,0.246330653117856
"d2","floored",1,13,"ecxwb1p3",0.457693998637689,0.00549015035456,0.574810231047145
"d2","floored",2,13,"ecxsigm",0.263116981300756,0.00670760208709754,0.699788842015136
"d2","floored",3,12,"ecxwb1p3",0.322161312280803,0.0175072725928898,0.643274763332624
"d2","floored",4,11,"ecxsigm",0.227299937963991,0.00178685698684544,0.418874990489125
"d2","floored",5,13,"ecxwb1p3",0.355484682712633,0.00268613360768758,0.578578169743526
"d2","floored",6,11,"ecxsigm",0.356390741940732,0.0318851063358907,0.549357009228683
"d2","floored",7,14,"ecxwb1p3",0.309243969221863,0.0368786924436351,0.581158889473277
"d2","floored",8,13,"ecxsigm",0.263701916240398,0.0299418146150863,0.68324673729935
"d2","floored",9,14,"ecxwb2p3",0.250079375364093,0.00251837904744075,0.666769579472035
"d2","floored",10,13,"ecxsigm",0.288794284996623,0.132641323990685,0.68065411900083
"d2","floored",11,13,"ecxwb1p3",0.272367346047708,0.00173477934894666,0.677469600643847
"d2","floored",12,13,"ecxwb1p3",0.322599632332796,0.000773432922401466,0.652291657873453
"d2","floored",13,12,"ecxsigm",0.277891278722981,0.0196394705070613,0.622624655172841
"d2","floored",14,14,"nec4param",0.238061898225418,0.238061898225418,0.565077514324769
"d2","floored",15,13,"ecxwb1p3",0.322062846066988,0.00487660678218041,0.649996769735808
"d2","floored",16,13,"ecxsigm",0.265151610044018,0.0396252671805392,0.678008338463994
"d2","floored",17,13,"ecxsigm",0.285817416977302,0.105138471685836,0.671723639984538
"d2","floored",18,13,"ecxsigm",0.237112397934336,0.00639563916775345,0.669894475505501
"d2","floored",19,13,"ecxsigm",0.23723419104001,0.0431695649761397,0.697836848295882
"d2","floored",20,14,"ecxsigm",0.297189310262009,0.00781881066338823,0.680857638589808
"d2","floored",21,13,"ecxsigm",0.30543974149297,0.162489103376465,0.664662614534284
"d2","floored",22,13,"ecxsigm",0.246144369600021,0.0515397909898999,0.594581517698896
"d2","floored",23,13,"ecxwb1p3",0.378178738349542,0.00144907854532138,0.54267597461036
"d2","floored",24,13,"ecxwb1p3",0.265982461025516,0.0153072787277522,0.66347816196718
"d2","floored",25,13,"ecxwb1p3",0.23687851085024,0.0351962770142338,0.647178654090199
"d2","floored",26,11,"ecxsigm",0.339435478296247,0.0391091073003236,0.468053285491214
"d2","floored",27,14,"ecxwb1p3",0.208095533684618,0.017193519439601,0.630680026519135
"d2","floored",28,12,"nec4param",0.382841221715305,0.382841221715305,0.533261022145713
"d2","floored",29,11,"ecxsigm",0.324274130150455,0.0811110477849309,0.809415691447445
"d2","floored",30,13,"nec4param",0.199353118735774,0.199353118735774,0.601081713424265
"d2","floored",31,13,"ecxwb1p3",0.278007608648654,0.0423280944520622,0.583703919321182
"d2","floored",32,11,"nec3param",0.221500895912191,0.205107051930555,0.63557142590309
"d2","floored",33,13,"ecxsigm",0.218243205333235,0.185748972504277,0.653470076729334
"d2","floored",34,13,"ecxsigm",0.262660526676389,0.0399798646670847,0.687032058957061
"d2","floored",35,12,"nec3param",0.399471347133576,0.270953098797723,0.62724871577038
"d2","floored",36,12,"ecxsigm",0.348288140089686,0.0810225582303273,0.70823178867401
"d2","floored",37,14,"ecxwb1p3",0.226585317349542,0.0464848661685665,0.666873059010116
"d2","floored",38,12,"ecxsigm",0.389099830817445,0.0575450875983742,0.543796689976756
"d2","floored",39,13,"ecxsigm",0.303396747220268,0.0186635639235636,0.714506656480861
"d2","floored",40,11,"ecxwb2p3",0.29217749971779,0.12273684778617,0.680325801159438
"d2","floored",41,13,"ecxsigm",0.219526227903299,0.0461838734936267,0.651809815911298
"d2","floored",42,11,"nec4param",0.370455762612975,0.370455762612975,0.420911547308599
"d2","floored",43,13,"ecxsigm",0.2595411808307,0.116048121059807,0.649356304424328
"d2","floored",44,12,"ecxwb1p3",0.24314684090119,0.0190888571521788,0.562240429905244
"d2","floored",45,13,"ecxsigm",0.298206581134382,0.018665235300126,0.702907940542926
"d2","floored",46,14,"ecxsigm",0.295263494480693,0.0558191980987694,0.693742972432861
"d2","floored",47,14,"ecxwb1p3",0.269589225936692,0.00880059215629856,0.600171984288565
"d2","floored",48,14,"ecxsigm",0.229679560834898,0.229269306459604,0.612486455571318
"d2","floored",49,12,"ecxsigm",0.291612705043542,0.0054945514747256,0.628857556457892
"d2","floored",50,13,"ecxwb1p3",0.271793402128561,0.00254718255644561,0.644219750647772
"d2","floored",51,14,"ecxsigm",0.296701010454908,0.178746881363111,0.646753552783711
"d2","floored",52,13,"ecxsigm",0.316774531746364,0.0697465747563919,0.634833873547427
"d2","floored",53,14,"ecxsigm",0.196768533629157,0.000374095159337392,0.635975549175694
"d2","floored",54,14,"ecxsigm",0.283575498536521,0.0024432322598194,0.663451584957066
"d2","floored",55,13,"ecxwb1p3",0.397906641407197,0.0103540228345951,0.60263883911743
"d2","floored",56,11,"ecxsigm",0.417004119519969,0.0352702991460333,0.783422153702517
"d2","floored",57,14,"ecxwb1p3",0.216212235194132,0.00235761764805261,0.60171898845541
"d2","floored",58,14,"ecxsigm",0.247184536376401,0.0416176500165755,0.644393828563851
"d2","floored",59,11,"ecxsigm",0.277202174750221,0.00329580968454054,0.45239974744916
"d2","floored",60,13,"ecxsigm",0.229209409822095,0.031777064795006,0.682661753715138
"d2","floored",61,11,"ecxwb1p3",0.380101602045798,3.9460673345003e-05,0.812061093732993
"d2","floored",62,14,"ecxwb1p3",0.224576373889347,0.0192187268217238,0.644149204457247
"d2","floored",63,13,"ecxsigm",0.367862265870771,0.00708987119465862,0.71577478775263
"d2","floored",64,13,"ecxsigm",0.283061796915102,0.143262180472574,0.677076495554145
"d2","floored",65,14,"ecxsigm",0.249664769051993,0.0260166009205961,0.66090702879647
"d2","floored",66,13,"ecxwb1p3",0.33175805413098,0.00262730126742576,0.488524003883101
"d2","floored",67,14,"ecxwb1p3",0.291119122619783,0.00507017008131013,0.593139090414448
"d2","floored",68,14,"ecxll3",0.187524135427738,0.0125089059472153,0.648873836072317
"d2","floored",69,13,"nec3param",0.197436818167604,0.19529533741793,0.587147841010254
"d2","floored",70,14,"ecxwb1p3",0.239012409153751,0.00560783210504389,0.586947526051399
"d2","floored",71,10,"ecxwb1p3",0.39152784392938,0.143649242212615,0.731719479367591
"d2","floored",72,14,"ecxwb1p3",0.279381333357948,0.00590908288417074,0.575798074532204
"d2","floored",73,12,"ecxsigm",0.307969288982255,0.0310571153941894,0.656773062281429
"d2","floored",74,13,"ecxsigm",0.248465077964373,0.0333374328193678,0.676655189060391
"d2","floored",75,14,"ecxwb2p3",0.21780058378842,0.0891957067441205,0.669613437872553
"d2","floored",76,14,"ecxsigm",0.246900650505697,0.0940297632168105,0.662120209044657
"d2","floored",77,11,"ecxsigm",0.305935487840748,0.0861312673493293,0.694322152486507
"d2","floored",78,13,"ecxsigm",0.259706740415306,0.138812536209716,0.673411245231763
"d2","floored",79,14,"ecxsigm",0.21815947414596,0.0179631550826716,0.64646007343957
"d2","floored",80,13,"ecxwb1p3",0.287617268619323,0.00386446689387519,0.664456983180885
"d2","floored",81,14,"ecxsigm",0.318479184405223,0.0398987380569662,0.685469418346002
"d2","floored",82,13,"ecxwb1p3",0.301349356407544,0.0146201383812435,0.649569119483665
"d2","floored",83,14,"ecxsigm",0.290140455728595,0.234266721358307,0.561673981008771
"d2","floored",84,14,"ecxsigm",0.305594336475358,0.00217967597067019,0.664086141586438
"d2","floored",85,13,"ecxsigm",0.212822847717177,0.117915977228379,0.643845276868257
"d2","floored",86,13,"ecxsigm",0.260423000767081,0.160477475953418,0.651472827918638
"d2","floored",87,14,"ecxwb1p3",0.413266525957591,0.0135612742136955,0.58666177798391
"d2","floored",88,14,"nec3param",0.261010885098111,0.223699200546857,0.597519662177893
"d2","floored",89,13,"ecxsigm",0.234535537122115,0.0609129020435346,0.684058435848283
"d2","floored",90,11,"ecxsigm",0.297710068960229,0.0361273325378282,0.453390389294395
"d2","floored",91,13,"nec4param",0.299174751723118,0.299174751723118,0.605893619247326
"d2","floored",92,13,"ecxsigm",0.364685182038362,0.048277812267994,0.74800530668841
"d2","floored",93,13,"ecxwb1p3",0.2283630501918,0.0172187354856779,0.645753062072918
"d2","floored",94,13,"nec3param",0.397471724574209,0.383617761789504,0.565124366897814
"d2","floored",95,13,"nec4param",0.254237869244675,0.254237869244675,0.611678230364306
"d2","floored",96,13,"ecxsigm",0.288190550121672,0.0223856242261593,0.699235034196592
"d2","floored",97,13,"ecxwb1p3",0.245052397619694,0.00299503054563417,0.659279438959858
"d2","floored",98,13,"ecxsigm",0.312870444701542,0.00736279948120383,0.720966462804173
"d2","floored",99,14,"ecxsigm",0.241477869428857,0.00783513021391994,0.668918327594479
"d2","floored",100,12,"ecxsigm",0.313490355530953,0.0832683862544326,0.618810048568257
"d2","gamma",1,11,"ecxwb1",0.714860173401575,0.00630438019537022,0.0778731302580946
"d2","gamma",2,12,"ecxwb1",0.526787560303628,0.0399425716520357,0.0206443385700767
"d2","gamma",3,9,"ecx4param",0.998253877315626,1.31543034040418e-09,0.00143873485726263
"d2","gamma",4,11,"ecxwb1",0.864071782568334,0.0258817566092626,0.0100822431711645
"d2","gamma",5,10,"ecxwb1",0.849029641162889,0.00589438307399549,8.43889916774127e-07
"d2","gamma",6,11,"ecxwb1",0.572791194561811,0.13828404285902,0.0374732747458467
"d2","gamma",7,11,"ecxwb1",0.691321677925068,0.0195536721737943,0.0786293587149499
"d2","gamma",8,11,"ecxwb1",0.725433250848292,4.71564117080054e-07,0.000997322955226932
"d2","gamma",9,11,"ecxwb1",0.991496323319696,5.88622928205042e-06,2.76440207951164e-05
"d2","gamma",10,12,"ecxwb1",0.674944238274598,0.0202663167993396,0.0981843116797602
"d2","gamma",11,11,"ecxwb1",0.925508988752502,4.0340532109386e-05,0.00100002449897657
"d2","gamma",12,11,"ecxwb1",0.763869803716076,0.000991807843464627,0.0912231770209724
"d2","gamma",13,11,"ecxwb1",0.743083414138962,0.000443976266434668,0.0957296164690467
"d2","gamma",14,11,"ecxwb1",0.741975385739892,0.072227442443827,0.0862568695106438
"d2","gamma",15,11,"ecxwb1",0.856993137118459,0.020468343547683,0.00784878268286885
"d2","gamma",16,10,"ecxwb1",0.999048644039378,3.91639862535438e-05,2.61249507163383e-09
"d2","gamma",17,11,"ecxwb1",0.589665396530343,0.0491758659227514,0.082804273496003
"d2","gamma",18,12,"ecxwb1",0.710508590878482,0.00560585583750733,0.00295336903498614
"d2","gamma",19,12,"ecxwb1",0.690575107847407,1.91984836973809e-12,0.00825449953868875
"d2","gamma",20,11,"ecxwb1",0.994244856190866,0.00290671732417193,0.00201590768933235
"d2","gamma",21,11,"ecxwb1",0.528351948687857,0.0894329998991801,0.0474504004586419
"d2","gamma",22,12,"ecxwb1",0.640132377640506,0.0087638220291726,0.0907077169203574
"d2","gamma",23,11,"ecxwb1",0.834953290342956,0.00342358098313698,0.0863613107740145
"d2","gamma",24,12,"ecxll5",0.60028379771074,0.0522257774466599,0.0950601987774897
"d2","gamma",25,11,"ecxwb1",0.970690178167723,0.00582546699750343,0.00361746613340829
"d2","gamma",26,12,"ecxwb1",0.470762094235778,0.14878465060649,0.0421166073795454
"d2","gamma",27,11,"ecxwb1",0.890730196676414,0.0262616687173939,0.0113725834726497
"d2","gamma",28,12,"ecxwb1",0.613762737657866,0.0393649243466198,0.0768169578751301
"d2","gamma",29,11,"ecxwb1",0.997336324214503,4.60966056883239e-09,2.06860590116735e-17
"d2","gamma",30,11,"ecxwb1",0.948453107217711,0.0309109817832264,0.00222902547024807
"d2","gamma",31,11,"ecxwb1",0.617249847226439,0.00213281511139023,0.0702146069997912
"d2","gamma",32,11,"ecxwb1",0.995811605384794,1.39484126225959e-15,0.00418665130334647
"d2","gamma",33,11,"ecxwb1",0.947621260427593,0.0457086961571138,0.00587516908104065
"d2","gamma",34,12,"ecxwb1",0.37793076961901,0.0809533128652911,0.0385763428388516
"d2","gamma",35,11,"ecxwb1",0.999997855873822,2.12288366306361e-06,9.07682962452895e-11
"d2","gamma",36,11,"ecxwb1",0.968927464296858,6.39499816468353e-10,0.0280012197786187
"d2","gamma",37,11,"ecxwb1",0.77739479397292,0.00136988523845552,0.0848695326691879
"d2","gamma",38,11,"ecxwb1",0.802324575300631,4.53340095950965e-06,0.0664610954436193
"d2","gamma",39,11,"ecxwb1",0.461900329401635,0.0966937412473247,0.0416591152209663
"d2","gamma",40,11,"ecxwb1",0.694043701559807,0.08994255965801,0.045532737062688
"d2","gamma",41,11,"ecxwb1",0.765747794370747,0.0342968348707088,0.184782615732509
"d2","gamma",42,10,"ecxwb1",0.984477725477557,0.0155203730769903,1.89693872731769e-06
"d2","gamma",43,11,"ecxwb1",0.764164291118918,0.011109170253763,0.0748172711070241
"d2","gamma",44,11,"ecxwb1",0.987235545153045,0.00366590068976867,0.000983051953043994
"d2","gamma",45,11,"ecxwb1",0.990473655108193,1.27438210460267e-12,0.00461984935739284
"d2","gamma",46,12,"ecxwb1",0.61896907767864,0.0599646901860522,0.0076956600572139
"d2","gamma",47,11,"ecxwb1",0.737570648491799,1.65994795569302e-06,0.0239361447349799
"d2","gamma",48,11,"ecxwb1",0.99959596298624,1.4426668401637e-14,1.02774034010008e-11
"d2","gamma",49,11,"ecxwb1",0.984793946567797,1.07228604664524e-09,0.00299716897290244
"d2","gamma",50,11,"ecxwb1",0.688471702224766,0.00508104407792461,0.0562387988256058
"d2","gamma",51,11,"ecxwb1",0.820259889284362,0.100821888485453,0.0343582730543833
"d2","gamma",52,11,"ecxwb1",0.992396202054853,6.10494193390721e-11,0.00545399220128417
"d2","gamma",53,12,"ecxll5",0.518197425060191,7.80981118191086e-10,0.0665150360347733
"d2","gamma",54,11,"ecxwb1",0.663135454436627,0.0590841033048878,0.0625715836246768
"d2","gamma",55,11,"ecxwb1",0.748774461493356,0.0747946242089036,0.0913382818480185
"d2","gamma",56,11,"ecxwb1",0.416798504309574,0.140094837457685,0.0507460672412367
"d2","gamma",57,11,"ecxwb1",0.38862616642594,0.129088115752979,0.0151941460210777
"d2","gamma",58,9,"ecx4param",0.439502569667906,0.36783226385595,0.0148238819204114
"d2","gamma",59,11,"ecxwb1",0.996224090126017,1.01234595867755e-10,2.67344258047282e-09
"d2","gamma",60,12,"ecxwb1",0.735844797997173,2.54535222544359e-06,0.00110556886253814
"d2","gamma",61,11,"ecxwb1",0.891682994955616,8.68005897121982e-09,0.00143376737356801
"d2","gamma",62,11,"ecxwb1",0.725204295171446,0.0412802976583708,0.0988978627468916
"d2","gamma",63,11,"ecxwb1",0.651457063081765,0.103340598147484,0.0495909689969726
"d2","gamma",64,10,"ecxll5",0.780706753334337,0.0622764131927927,0.107466700680497
"d2","gamma",65,11,"ecxwb1",0.655090187250417,0.054898424236047,0.0528193568200531
"d2","gamma",66,11,"ecxwb1",0.660322930276246,0.0869711962436423,0.0414186009652559
"d2","gamma",67,12,"ecxll5",0.475713837227152,0.0575546700248418,0.0294587499713932
"d2","gamma",68,11,"ecxwb1",0.990704504663707,1.82068307573869e-11,0.00379351213862134
"d2","gamma",69,11,"ecxll5",0.881737027494969,0.0291080123935582,0.0647603342707714
"d2","gamma",70,11,"ecxwb1",0.981160628076877,1.41516053155005e-05,0.000278161843975619
"d2","gamma",71,10,"ecxwb1",0.988530912895694,0.00244528674129898,1.16746175654722e-09
"d2","gamma",72,11,"ecxwb1",0.766338782620033,0.00719755175650261,0.0768997302389654
"d2","gamma",73,11,"ecxwb1",0.966595799712272,0.0270421876058489,0.00206681993644243
"d2","gamma",74,10,"ecxwb1",0.845224276410002,0.0152291591988693,0.106984374094295
"d2","gamma",75,12,"ecxwb1",0.415163899836768,0.0629868689114558,0.0463098097563533
"d2","gamma",76,11,"ecxwb1",0.716237688856076,0.0984156176345207,0.0607532944713105
"d2","gamma",77,12,"ecxwb1",0.519980531393581,0.00183316647727133,0.0668286308023096
"d2","gamma",78,11,"ecxwb1",0.978745999598579,0.00474204164055442,0.00445674564767284
"d2","gamma",79,11,"ecxwb1",0.759967461586803,0.00207589587910783,0.0968421704370524
"d2","gamma",80,11,"ecxwb1",0.503255799269942,0.0984320721177434,0.0696067080482315
"d2","gamma",81,11,"ecxwb1",0.968108963312095,0.0284700262313177,0.00320140886149544
"d2","gamma",82,11,"ecxwb1",0.68763152458334,0.101096817109512,0.0404213224185593
"d2","gamma",83,12,"ecxwb1",0.627833659996603,0.0485138699836744,0.00502828176122485
"d2","gamma",84,11,"ecxwb1",0.976418701709455,9.90684788312398e-06,0.00821773409722149
"d2","gamma",85,12,"ecxwb1",0.57609731032349,0.0472725235533389,0.00429368096314138
"d2","gamma",86,11,"ecxwb1",0.712580991691207,0.0912662876183456,0.0324735142514265
"d2","gamma",87,11,"ecxwb1",0.66816976139009,0.129480665285883,0.0333475510838967
"d2","gamma",88,11,"ecxwb1",0.999999960104127,1.62128402431587e-16,1.94803213292662e-11
"d2","gamma",89,11,"ecxwb1",0.978953287406722,1.6066414241133e-13,0.013881554143415
"d2","gamma",90,9,"ecx4param",0.999423206924546,0.000382716283260686,2.47862835300834e-06
"d2","gamma",91,11,"ecxwb1",0.732421133112459,0.052632365664578,0.0705971905998208
"d2","gamma",92,9,"ecx4param",0.707485062377301,0.138139753332557,0.150828980304821
"d2","gamma",93,11,"ecxwb1",0.648224215902251,0.0083182329093516,0.0761990211817758
"d2","gamma",94,11,"ecxwb1",0.998619585970801,2.8490969035179e-16,0.00136827424804235
"d2","gamma",95,11,"ecxwb1",0.929155271125623,0.0269234358111989,0.0128982868116004
"d2","gamma",96,12,"ecxwb1",0.768236678299894,0.0420558976895084,0.0068054362124003
"d2","gamma",97,11,"ecxwb1",0.992068119039853,0.00452746929986152,0.000270922304359617
"d2","gamma",98,9,"ecx4param",0.989492596857746,1.42530747829404e-05,0.00929257035095867
"d2","gamma",99,11,"ecxwb1",0.999999913003862,1.00765629486129e-14,7.66280344967918e-08
"d2","gamma",100,11,"ecxwb1",0.990895259466222,2.13627675660914e-11,1.80453787106029e-18
"d2","measured",1,14,"ecxwb2",0.211435383543653,0.0724797216199674,3.77276759484329e-19
"d2","measured",2,14,"nec4param",0.38083737886393,0.38083737886393,2.12695431735468e-14
"d2","measured",3,13,"nec4param",0.314009104758992,0.314009104758992,1.81771000573294e-16
"d2","measured",4,14,"nec4param",0.392296097561546,0.392296097561546,1.29380444675718e-20
"d2","measured",5,13,"nec4param",0.441622216375615,0.441622216375615,7.53105429275686e-19
"d2","measured",6,13,"nec4param",0.811873875482176,0.811873875482176,3.14935499460321e-13
"d2","measured",7,14,"nec4param",0.309030451434413,0.309030451434413,1.22477640494271e-18
"d2","measured",8,14,"nec4param",0.457364696418276,0.457364696418276,1.23967058836778e-18
"d2","measured",9,13,"nec4param",0.59970979085076,0.59970979085076,1.26944841489051e-14
"d2","measured",10,13,"nec4param",0.678745407484236,0.678745407484236,9.90421705725072e-17
"d2","measured",11,14,"ecxll5",0.23915666126309,0.195434938813393,1.44652730752085e-13
"d2","measured",12,13,"ecxwb1",0.227841111558198,0.160212239937634,1.19157705207114e-17
"d2","measured",13,12,"nec4param",0.336462053739989,0.336462053739989,1.33976820857916e-16
"d2","measured",14,14,"nec4param",0.55323950885005,0.55323950885005,1.87864564063914e-15
"d2","measured",15,12,"nec4param",0.362358964244559,0.362358964244559,1.31402763418186e-16
"d2","measured",16,13,"nec4param",0.338505169719651,0.338505169719651,6.78914688278546e-20
"d2","measured",17,14,"nec4param",0.611012068233699,0.611012068233699,1.15743554595999e-14
"d2","measured",18,13,"nec4param",0.365339360162727,0.365339360162727,1.22351163306668e-16
"d2","measured",19,13,"nec4param",0.619663734100472,0.619663734100472,2.36739358149818e-19
"d2","measured",20,12,"nec4param",0.413960605901973,0.413960605901973,4.27091194417864e-13
"d2","measured",21,13,"nec4param",0.853424959578984,0.853424959578984,7.15132677427345e-15
"d2","measured",22,13,"nec4param",0.278502233935695,0.278502233935695,1.37893685643843e-13
"d2","measured",23,12,"nec4param",0.477019674537366,0.477019674537366,8.04771465857811e-24
"d2","measured",24,13,"ecxwb1",0.28091293764021,0.182853989684712,3.13973788020774e-19
"d2","measured",25,13,"nec4param",0.255661440188598,0.255661440188598,1.60067552253525e-17
"d2","measured",26,11,"nec4param",0.586381289212164,0.586381289212164,2.59305859511113e-12
"d2","measured",27,14,"ecxll5",0.190757226422773,0.164022371738361,1.01765973786847e-15
"d2","measured",28,12,"nec4param",0.748518260954026,0.748518260954026,2.59679091001918e-16
"d2","measured",29,11,"nec4param",0.727692710718641,0.727692710718641,1.04446007064087e-13
"d2","measured",30,13,"nec4param",0.596863763726236,0.596863763726236,7.06764236934215e-16
"d2","measured",31,13,"nec4param",0.464370979534427,0.464370979534427,7.72605932925532e-18
"d2","measured",32,13,"nec4param",0.42419044569397,0.42419044569397,1.24352038933943e-14
"d2","measured",33,13,"nec4param",0.283908910887623,0.283908910887623,4.15603721121431e-21
"d2","measured",34,13,"nec4param",0.430824698470376,0.430824698470376,1.3392376162996e-14
"d2","measured",35,12,"nec4param",0.553966056549551,0.553966056549551,3.81442956563809e-15
"d2","measured",36,13,"nec4param",0.545708399189762,0.545708399189762,1.16406425147965e-12
"d2","measured",37,12,"nec4param",0.413285076579061,0.413285076579061,3.89391053526967e-21
"d2","measured",38,11,"nec4param",0.39365638599383,0.39365638599383,1.00819498973565e-15
"d2","measured",39,13,"nec4param",0.486763766496687,0.486763766496687,7.04135716806408e-15
"d2","measured",40,12,"nec4param",0.963207387538059,0.963207387538059,2.99308386358624e-19
"d2","measured",41,13,"nec4param",0.389391095428378,0.389391095428378,5.79441092239486e-12
"d2","measured",42,11,"nec4param",0.521356559010826,0.521356559010826,7.70397861408445e-12
"d2","measured",43,14,"nec4param",0.541706957257184,0.541706957257184,7.29218353172261e-13
"d2","measured",44,12,"ecxwb2",0.229394414592883,0.186422345317428,9.09767614602736e-16
"d2","measured",45,13,"nec4param",0.595987829544973,0.595987829544973,2.20147318703788e-14
"d2","measured",46,13,"nec4param",0.55101253355542,0.55101253355542,8.43674699559174e-15
"d2","measured",47,13,"nec4param",0.322068364429415,0.322068364429415,1.55603560686316e-19
"d2","measured",48,13,"nec4param",0.610586879894871,0.610586879894871,3.45046458854144e-13
"d2","measured",49,12,"nec4param",0.369868843531048,0.369868843531048,6.7418186589996e-15
"d2","measured",50,13,"ecxwb1",0.239757971713326,0.16690106756897,9.67755779985599e-21
"d2","measured",51,14,"nec4param",0.592191615068309,0.592191615068309,2.65791918010525e-18
"d2","measured",52,13,"nec4param",0.45597281315608,0.45597281315608,2.20642002035175e-14
"d2","measured",53,14,"nec4param",0.302917270595452,0.302917270595452,1.07630663204811e-16
"d2","measured",54,14,"nec4param",0.619767022387962,0.619767022387962,2.15394217761827e-17
"d2","measured",55,14,"nec4param",0.359685667475495,0.359685667475495,1.46270904827076e-16
"d2","measured",56,11,"nec4param",0.957882010917014,0.957882010917014,3.44953648348676e-16
"d2","measured",57,14,"ecxll5",0.322269372368422,0.229655659021443,9.39016332549919e-15
"d2","measured",58,13,"nec4param",0.418893788956282,0.418893788956282,9.64519510897499e-20
"d2","measured",59,13,"ecxwb2",0.212132112524899,0.185150025506681,1.99307737332248e-14
"d2","measured",60,14,"nec4param",0.456266939214092,0.456266939214092,4.59478071624753e-19
"d2","measured",61,11,"nec4param",0.355214983990215,0.355214983990215,1.53369930926485e-18
"d2","measured",62,14,"nec4param",0.281849469509878,0.281849469509878,1.6256798850158e-14
"d2","measured",63,13,"nec4param",0.894973536933523,0.894973536933523,2.33344172275813e-20
"d2","measured",64,14,"nec4param",0.483065498358523,0.483065498358523,3.72312644209892e-16
"d2","measured",65,14,"nec4param",0.484359490254145,0.484359490254145,3.5893278578414e-14
"d2","measured",66,13,"ecxll5",0.193853076251735,0.119061049365669,5.32797918962759e-17
"d2","measured",67,14,"ecxwb2",0.202396028699374,0.158341838732883,1.29623783658261e-13
"d2","measured",68,14,"ecxll5",0.212083256218593,0.167055231509818,0.000170850378019157
"d2","measured",69,13,"nec4param",0.236344103965074,0.236344103965074,5.1638603483679e-09
"d2","measured",70,14,"ecxwb1",0.225960363123611,0.123500264512693,1.07890628540564e-20
"d2","measured",71,10,"nec4param",0.398474034391759,0.398474034391759,1.17080328655405e-12
"d2","measured",72,12,"ecxwb2",0.229045396104347,0.118979262909949,5.55369780856592e-18
"d2","measured",73,12,"nec4param",0.334786493261883,0.334786493261883,2.51882113290379e-17
"d2","measured",74,14,"nec4param",0.46070060275839,0.46070060275839,1.20282654372589e-14
"d2","measured",75,13,"nec4param",0.829765654513619,0.829765654513619,4.43618617429722e-15
"d2","measured",76,14,"nec4param",0.626242484639014,0.626242484639014,1.13277587030066e-13
"d2","measured",77,12,"nec4param",0.579406302768423,0.579406302768423,2.58803372981213e-18
"d2","measured",78,13,"nec4param",0.661587684801024,0.661587684801024,1.63566365312456e-14
"d2","measured",79,14,"ecxll5",0.246374686281631,0.128533726154001,3.0292305888726e-15
"d2","measured",80,13,"nec4param",0.506428439314763,0.506428439314763,2.7382900838719e-13
"d2","measured",81,14,"nec4param",0.398318968919325,0.398318968919325,1.71048811492234e-14
"d2","measured",82,12,"ecxwb2",0.231651526382006,0.20297689036023,1.58126586984446e-11
"d2","measured",83,12,"nec4param",0.968598147567583,0.968598147567583,1.13648434831972e-14
"d2","measured",84,14,"nec4param",0.478855065778564,0.478855065778564,7.5623735443325e-19
"d2","measured",85,12,"nec4param",0.284122870239133,0.284122870239133,3.69687607899572e-11
"d2","measured",86,13,"nec4param",0.796443135942033,0.796443135942033,6.95201634118248e-20
"d2","measured",87,14,"nec4param",0.465276946429698,0.465276946429698,8.24698537455909e-19
"d2","measured",88,14,"nec4param",0.484578963973869,0.484578963973869,3.50540930509007e-15
"d2","measured",89,13,"nec4param",0.415071515161295,0.415071515161295,5.7655974360862e-14
"d2","measured",90,11,"nec4param",0.374694052931472,0.374694052931472,5.33837917626577e-20
"d2","measured",91,14,"nec4param",0.444875643068563,0.444875643068563,9.79479747495521e-19
"d2","measured",92,13,"nec4param",0.44270274398728,0.44270274398728,8.5054171733043e-20
"d2","measured",93,13,"nec4param",0.594002499139902,0.594002499139902,3.44163148476585e-16
"d2","measured",94,13,"nec4param",0.716366770458845,0.716366770458845,1.2133236713401e-17
"d2","measured",95,13,"nec4param",0.784866497069852,0.784866497069852,1.76587057390813e-17
"d2","measured",96,13,"nec4param",0.841395908557507,0.841395908557507,5.92161268405382e-16
"d2","measured",97,13,"ecxwb2",0.21400404053552,0.117312516595095,2.98666971074186e-19
"d2","measured",98,12,"nec4param",0.593614884586899,0.593614884586899,1.06522083861382e-16
"d2","measured",99,13,"nec4param",0.296419153543865,0.296419153543865,6.58280241701882e-19
"d2","measured",100,13,"nec4param",0.739698525600818,0.739698525600818,1.79997429352093e-21
"d8","beta",1,11,"ecxwb2",0.604041031178606,0.110496759422918,0.0873739035874494
"d8","beta",2,9,"ecx4param",0.451909808818989,0.0466264898476337,0.112087062688329
"d8","beta",3,11,"ecxwb2",0.227862572408181,0.162689709451264,0.0717767364694174
"d8","beta",4,11,"ecxll4",0.32965649170464,0.0702709982255939,0.0286366429688749
"d8","beta",5,11,"ecxwb1",0.471763072733856,0.00177297114803664,0.0608101934260747
"d8","beta",6,11,"ecxwb1",0.307204164271296,0.0620527831122392,0.0652752671785379
"d8","beta",7,11,"ecxwb2",0.426859280119493,0.107240592879306,0.115546378071528
"d8","beta",8,11,"ecxll4",0.351335825280857,0.0445443533597567,0.0047629296603888
"d8","beta",9,11,"ecxwb2",0.287556814576787,0.171534613610748,0.113447735424983
"d8","beta",10,11,"ecxwb2",0.503684367187107,0.0650009294038211,0.0468422009614208
"d8","beta",11,10,"ecxwb1",0.207008685517049,0.188364859090388,0.241121653477517
"d8","beta",12,9,"ecx4param",0.477754738637409,0.0421607612057684,0.0521830872306338
"d8","beta",13,11,"ecxwb1",0.483026878117481,0.0262375479115529,0.0724410693154548
"d8","beta",14,9,"ecxwb2",0.651588130027762,0.197663723432356,0.0676100628212626
"d8","beta",15,11,"ecxwb2",0.592463142177228,0.273812137354567,0.0809890943576264
"d8","beta",16,11,"ecxwb1",0.305715564373829,0.0165981712014648,0.0253704065989659
"d8","beta",17,11,"nec4param",0.502838004081675,0.502838004081675,0.0967950027276002
"d8","beta",18,11,"ecxwb2",0.632779396714302,0.208447472636646,0.0671586957724452
"d8","beta",19,12,"ecxwb2",0.579515986587661,0.226606134152596,0.063674023135586
"d8","beta",20,11,"ecx4param",0.303796333927153,0.00667173212801629,0.0418756628894214
"d8","beta",21,11,"ecxwb1",0.365934193812564,0.00516044173550644,0.00380375864059194
"d8","beta",22,9,"nec4param",0.470803794823268,0.470803794823268,0.185756791507286
"d8","beta",23,11,"ecxwb1",0.37879605704035,0.0127508483905872,0.134553855894124
"d8","beta",24,11,"ecxll4",0.239776550240054,0.0821477777170281,0.072490568628412
"d8","beta",25,11,"ecxwb1",0.443983847083133,0.0116821586544962,0.0393429116337444
"d8","beta",26,9,"ecx4param",0.554144319104069,0.0401598383558628,0.109887861272815
"d8","beta",27,11,"ecxwb1",0.47832422384558,0.00838920722643282,0.135689647626025
"d8","beta",28,10,"ecx4param",0.343169676596322,0.122098047860672,0.0775988623254217
"d8","beta",29,11,"ecxwb2",0.39609632040906,0.0507160832290475,0.0099745441980817
"d8","beta",30,11,"ecxwb2",0.356124349180978,0.138464938317695,0.0930677330669311
"d8","beta",31,11,"ecxwb1",0.33105807643779,0.0357541727476441,0.020637317659319
"d8","beta",32,11,"ecxwb2",0.335806362954344,0.327270234646426,0.0254755165889121
"d8","beta",33,11,"ecxwb1",0.344526554711981,0.0266281820013675,0.0966419101043735
"d8","beta",34,12,"ecxll4",0.298803756975477,0.00484827241311377,0.0515399885927871
"d8","beta",35,11,"ecxwb2",0.346946304216004,0.0395429280310545,0.0591006152598973
"d8","beta",36,9,"ecx4param",0.614844807910107,0.0256724983891555,0.0668441856445828
"d8","beta",37,12,"ecxwb2",0.265446166861361,0.0337299023484364,0.0624748271928125
"d8","beta",38,11,"ecxwb2",0.523579919996321,0.0608031965202386,0.0160363320219475
"d8","beta",39,11,"ecx4param",0.304624362524109,0.0426774167968175,0.119610026460983
"d8","beta",40,11,"ecxwb1",0.482532427249585,0.0105087205281825,0.00990606352736605
"d8","beta",41,11,"ecxwb2",0.326417121212373,0.0175585175747602,0.0226091997371138
"d8","beta",42,10,"ecxwb1",0.502728743142949,0.0316537168618682,0.0296087507408447
"d8","beta",43,11,"nec4param",0.528538855271755,0.528538855271755,0.191474527565009
"d8","beta",44,12,"ecxwb1",0.469257932225138,0.00349954535528287,0.015826683908955
"d8","beta",45,11,"ecxwb2",0.388059427558706,0.0456750549999044,0.019286448508153
"d8","beta",46,11,"ecxll4",0.27039254166663,0.0394837941586817,0.175821619137268
"d8","beta",47,11,"ecx4param",0.282528231817218,0.0366349598368292,0.0260601667355642
"d8","beta",48,11,"ecxwb2",0.443565996362602,0.412605924740996,0.0834736513439707
"d8","beta",49,12,"ecxwb2",0.245709962167741,0.0768224496142655,0.0380474527539124
"d8","beta",50,11,"ecxwb1",0.489051716650055,0.00569787615994781,0.0461255141601669
"d8","beta",51,11,"ecxwb2",0.361786313771673,0.187539863858524,0.0375256341475477
"d8","beta",52,9,"ecxwb2",0.462538338752136,0.100789548179914,0.119215555025049
"d8","beta",53,11,"ecxwb2",0.3247261704058,0.0804247081582504,0.0519665695419527
"d8","beta",54,11,"ecxll4",0.276672544214278,0.16900261256851,0.0360916089095026
"d8","beta",55,11,"ecxwb1",0.361458066935827,0.0235627830883736,0.0353895286260592
"d8","beta",56,11,"ecxll4",0.359410472766569,0.0127813183073902,0.0219611586479064
"d8","beta",57,11,"nec4param",0.462293933669814,0.462293933669814,0.0883444226010337
"d8","beta",58,12,"ecxwb2",0.333992851948043,0.0312522939053537,0.0293891800171764
"d8","beta",59,11,"ecxwb2",0.405528644856983,0.252502621988423,0.118174670421623
"d8","beta",60,12,"ecxwb1",0.382508999313122,0.00640985682619164,0.0253703497369872
"d8","beta",61,11,"ecxwb1",0.337551322800454,0.0499143192587856,0.0598573026519766
"d8","beta",62,11,"ecxwb2",0.431411746570779,0.198222308531701,0.126407771349613
"d8","beta",63,11,"ecxwb2",0.392129926367019,0.258845346041103,0.0733023841494377
"d8","beta",64,12,"ecxwb2",0.396328733560457,0.00975640004637154,0.0195650187008078
"d8","beta",65,11,"ecxll4",0.284957274639933,0.0552331689370543,0.0511589581822282
"d8","beta",66,11,"ecxwb2",0.259835171492563,0.150591882647507,0.115614662835556
"d8","beta",67,11,"ecxwb2",0.303177184941945,0.0564897075459893,0.0498735866990228
"d8","beta",68,9,"ecx4param",0.673990695205554,0.0121077492347648,0.0421053924870436
"d8","beta",69,11,"ecxwb2",0.251455102763336,0.0266011243522852,0.0347658066521493
"d8","beta",70,12,"ecxwb1",0.300357304736167,0.00395015672915359,0.0237945445998592
"d8","beta",71,11,"ecxwb1",0.452505628234359,0.0185516544161134,0.107931617068149
"d8","beta",72,9,"ecx4param",0.816384131322106,0.0153823077221939,0.0246400881190417
"d8","beta",73,11,"ecxwb2",0.338485873428302,0.0315550381158928,0.0484559144721557
"d8","beta",74,11,"ecx4param",0.274913043518904,0.0204577911503552,0.0200102057346299
"d8","beta",75,11,"ecxwb2",0.405706158152273,0.0808148438008548,0.0428616704219234
"d8","beta",76,11,"ecxwb2",0.399163786470661,0.0318641888149656,0.022697844359212
"d8","beta",77,9,"ecx4param",0.480379589128776,0.0704675649810985,0.0257318182369145
"d8","beta",78,11,"ecx4param",0.249647194493102,0.151970197483104,0.126840841477411
"d8","beta",79,11,"ecxwb1",0.277318121212899,0.0304854181439403,0.0725557767559346
"d8","beta",80,10,"ecxwb2",0.623064625605874,0.109379768064406,0.0450329889927309
"d8","beta",81,12,"ecxwb2",0.304010314048081,0.0488969341695356,0.0715093318310101
"d8","beta",82,11,"ecxwb2",0.388816963560882,0.204987294873601,0.0496047117506365
"d8","beta",83,12,"ecxwb1",0.49315185565839,0.0190715492795426,0.110431228749325
"d8","beta",84,12,"ecxll4",0.286233155553637,0.00959188698455794,0.0264690297757025
"d8","beta",85,11,"ecxwb2",0.395850075995265,0.02273509866283,0.101373647836859
"d8","beta",86,11,"ecxwb2",0.43643157024434,0.143021793056962,0.0783174726211085
"d8","beta",87,11,"ecxwb2",0.345369272712571,0.24497727481561,0.101773602751125
"d8","beta",88,12,"ecxll4",0.26748387367295,0.0388125791371318,0.0650016933095291
"d8","beta",89,11,"ecxwb2",0.652269810711376,0.136747134048745,0.0334740666320243
"d8","beta",90,12,"ecxll4",0.318983512236992,0.0288917764943489,0.0651394598228173
"d8","beta",91,11,"ecxwb1",0.445388968279243,0.00810653454250155,0.0359730217288279
"d8","beta",92,12,"nec4param",0.517646561813388,0.517646561813388,0.0298537229627914
"d8","beta",93,11,"ecxwb1",0.393083544617804,0.00589125806238875,0.0238964537012464
"d8","beta",94,11,"ecxwb1",0.27718738181305,0.0981697620500697,0.100334946028216
"d8","beta",95,11,"ecxwb1",0.328741264234396,0.0451650038877708,0.0888510032833392
"d8","beta",96,11,"ecxwb2",0.349835113745236,0.0508560819730444,0.0298171554872042
"d8","beta",97,11,"ecxll4",0.285010759826532,0.121535154346382,0.0422149642594737
"d8","beta",98,12,"ecxwb2",0.294771914040908,0.0502995664815318,0.0157568447743909
"d8","beta",99,11,"ecxwb2",0.359536245064777,0.27217432396666,0.231808725847449
"d8","beta",100,9,"ecxwb2",0.723671491520316,0.0443039433035598,0.0219640132855114
"d8","censored",1,13,"nec4param",0.539330664657653,0.539330664657653,0.00180899858009253
"d8","censored",2,14,"neclin",0.284247756030265,0.272709633970659,0.00601403598413508
"d8","censored",3,12,"nec4param",0.423204178223674,0.423204178223674,0.00192576350494472
"d8","censored",4,12,"nec4param",0.441630476980525,0.441630476980525,0.00320021615430113
"d8","censored",5,12,"neclin",0.218511593718239,0.123429579111534,0.00132337230533071
"d8","censored",6,12,"nec4param",0.495040218762973,0.495040218762973,0.000910001985760348
"d8","censored",7,14,"neclin",0.390750046208721,0.245949224045712,0.00228880531220348
"d8","censored",8,13,"neclin",0.357876102401696,0.104705840512126,0.0075617122510576
"d8","censored",9,13,"nec4param",0.486041648940035,0.486041648940035,0.000409587982542322
"d8","censored",10,13,"neclin",0.623561355702054,0.254773301480932,0.000967189524506044
"d8","censored",11,12,"nec4param",0.645664174124628,0.645664174124628,0.00792179847846372
"d8","censored",12,13,"neclin",0.271019338577419,0.202518689284862,0.00408588530408042
"d8","censored",13,13,"ecx4param",0.216183672822523,0.0559919567373845,0.00472746529534585
"d8","censored",14,14,"nec4param",0.530198753462589,0.530198753462589,0.000822738856306501
"d8","censored",15,12,"nec4param",0.822689176763653,0.822689176763653,0.00757049272499823
"d8","censored",16,13,"neclin",0.305928694811954,0.164972146638848,0.00466846492618086
"d8","censored",17,13,"nec4param",0.741014313956631,0.741014313956631,0.0100099172560774
"d8","censored",18,13,"nec4param",0.544532189642239,0.544532189642239,0.00208781835171822
"d8","censored",19,13,"nec4param",0.684663731116014,0.684663731116014,0.0017159625904009
"d8","censored",20,13,"neclin",0.361637894938248,0.201323652677394,0.00228523337893675
"d8","censored",21,13,"ecxwb2",0.238408580997024,0.0317067529861493,0.00291483825442476
"d8","censored",22,14,"neclin",0.387030845138739,0.368465708086801,0.00165755802644132
"d8","censored",23,14,"neclin",0.407235673989827,0.271256462071711,0.00128298314531379
"d8","censored",24,13,"neclin",0.415523888275952,0.379442759784327,0.00249883849779839
"d8","censored",25,13,"neclin",0.234821713543312,0.143768891398767,0.00222647936257342
"d8","censored",26,12,"nec4param",0.337461023047864,0.337461023047864,0.00237669488174106
"d8","censored",27,14,"nec4param",0.346483664093818,0.346483664093818,0.00160684436397958
"d8","censored",28,12,"neclin",0.431987262336751,0.32225905898319,0.00146807441517922
"d8","censored",29,12,"neclin",0.483837466746545,0.154903790132244,0.00266800891217805
"d8","censored",30,14,"neclin",0.428373667466458,0.328185731138488,0.000800989514486747
"d8","censored",31,13,"nec4param",0.377300066443163,0.377300066443163,0.00297306691527647
"d8","censored",32,14,"nec4param",0.441237482928328,0.441237482928328,0.042040924941556
"d8","censored",33,13,"neclin",0.51298022264728,0.349969970978271,0.00534354016942627
"d8","censored",34,14,"ecxwb2",0.210060955912752,0.0466007064113064,0.0025719717634446
"d8","censored",35,12,"neclin",0.413140188118138,0.246496193393011,0.00202688390967918
"d8","censored",36,12,"neclin",0.571741016077562,0.106012525783708,0.00215213315702812
"d8","censored",37,14,"neclin",0.468702342188784,0.254031135831147,0.00123743539053959
"d8","censored",38,13,"neclin",0.282195580258392,0.268518691896279,0.00384744372859533
"d8","censored",39,13,"neclin",0.475389407990458,0.430996983247644,0.000800351424624971
"d8","censored",40,12,"neclin",0.29695409854021,0.11128190105269,0.00123652934664685
"d8","censored",41,13,"neclin",0.311130248515529,0.150812991545392,0.00387497253316716
"d8","censored",42,12,"neclin",0.416164169203921,0.343189439994261,0.000879271820475794
"d8","censored",43,12,"nec4param",0.642407608970272,0.642407608970272,0.00284413700140672
"d8","censored",44,13,"neclin",0.386922579242958,0.344808372975877,0.00317687415979022
"d8","censored",45,12,"neclin",0.528008260702613,0.320700409343394,0.00113956943960598
"d8","censored",46,13,"neclin",0.458031867766876,0.319289978863981,0.00179308574329674
"d8","censored",47,14,"neclin",0.241359033913048,0.22037838853837,0.00470711582456539
"d8","censored",48,14,"neclin",0.432413031798276,0.335552520150826,0.000598205916817685
"d8","censored",49,11,"nec4param",0.40107809253512,0.40107809253512,0.00193901792568697
"d8","censored",50,12,"nec4param",0.270277488423304,0.270277488423304,0.00361358346772603
"d8","censored",51,13,"neclin",0.490930024568883,0.00197280545808317,0.00318151476152424
"d8","censored",52,14,"neclin",0.380398113660875,0.0889496449431615,0.00253803998207115
"d8","censored",53,11,"neclin",0.623467344886525,0.213368119644071,0.00326069332906119
"d8","censored",54,14,"neclin",0.33771539054366,0.28761023220667,0.00164607953241814
"d8","censored",55,14,"neclin",0.239757928137802,0.129859542158046,0.00318620902581382
"d8","censored",56,13,"ecxwb2",0.248575624534495,0.13775615991005,0.0047595881089548
"d8","censored",57,14,"nec4param",0.429041646640251,0.429041646640251,0.00082703298048976
"d8","censored",58,14,"neclin",0.480348138568097,0.295555060059675,0.00189311739546166
"d8","censored",59,13,"neclin",0.548671342442923,0.404744437344853,0.00144874538550227
"d8","censored",60,13,"neclin",0.340595613320258,0.149994925982566,0.00264219934458332
"d8","censored",61,13,"nec4param",0.596084782063157,0.596084782063157,0.00139887659672627
"d8","censored",62,14,"neclin",0.397270079774264,0.368321198832982,0.000673922817926582
"d8","censored",63,12,"nec4param",0.482095026119907,0.482095026119907,0.00885076858676979
"d8","censored",64,13,"neclin",0.463267506726052,0.233092667897594,0.00370263515115978
"d8","censored",65,14,"nec4param",0.36215971037175,0.36215971037175,0.001406918030513
"d8","censored",66,13,"nec4param",0.364324981923903,0.364324981923903,0.00109181963246265
"d8","censored",67,14,"neclin",0.485275635864698,0.275209763666264,0.00115440741992177
"d8","censored",68,14,"neclin",0.331344747873838,0.21180731264114,0.0011692445561696
"d8","censored",69,13,"neclin",0.578534150798512,0.21393248186595,0.00113915013449305
"d8","censored",70,14,"neclin",0.265798756077763,0.0565593702330093,0.00202792075418934
"d8","censored",71,12,"neclin",0.389232456120436,0.388515789435003,0.00104845072402049
"d8","censored",72,14,"ecxwb2",0.22007344447546,0.105037284858093,0.00362484875480287
"d8","censored",73,11,"nec4param",0.452404690581748,0.452404690581748,0.00240906534917072
"d8","censored",74,13,"neclin",0.348779019916174,0.257452282601097,0.00387410095713619
"d8","censored",75,14,"nec4param",0.338114745867499,0.338114745867499,0.00383167001028549
"d8","censored",76,14,"neclin",0.379418141464047,0.377430791047042,0.00196711797394565
"d8","censored",77,12,"ecx4param",0.220456760860826,0.0426929494547109,0.00227387232477711
"d8","censored",78,13,"nec4param",0.455833241042277,0.455833241042277,0.00427561438506398
"d8","censored",79,14,"nec4param",0.375743353012388,0.375743353012388,0.00155891866963531
"d8","censored",80,13,"nec4param",0.55696909159055,0.55696909159055,0.00557966529653075
"d8","censored",81,14,"neclin",0.426591748141806,0.278538007922737,0.00222326267500583
"d8","censored",82,12,"nec4param",0.551140993579256,0.551140993579256,0.00652283813638387
"d8","censored",83,14,"neclin",0.294986472512876,0.161332564025111,0.00163004674473933
"d8","censored",84,14,"neclin",0.314078626436497,0.202467915920394,0.00448886911292418
"d8","censored",85,14,"neclin",0.334748947182683,0.320690745867985,0.00272289565909525
"d8","censored",86,14,"nec4param",0.431069993493728,0.431069993493728,0.000667575962980437
"d8","censored",87,14,"nec4param",0.498997370706293,0.498997370706293,0.00782692083464514
"d8","censored",88,13,"neclin",0.338970297721388,0.273683195645455,0.00382778193119881
"d8","censored",89,13,"nec4param",0.364667330521456,0.364667330521456,0.000872261300319198
"d8","censored",90,13,"neclin",0.406467197214254,0.120646500717015,0.0046057790883363
"d8","censored",91,13,"neclin",0.290520980352978,0.12293602520226,0.00294292893705254
"d8","censored",92,13,"nec4param",0.733087704712537,0.733087704712537,0.00435596792436751
"d8","censored",93,13,"neclin",0.304207477528266,0.0736100358651231,0.00162637776126311
"d8","censored",94,13,"neclin",0.459280120562469,0.448825733574067,0.00138976633527618
"d8","censored",95,13,"nec4param",0.517228164022905,0.517228164022905,0.0019610672799674
"d8","censored",96,13,"neclin",0.279678361938246,0.13854704652583,0.00490261597936543
"d8","censored",97,13,"nec4param",0.409035146692498,0.409035146692498,0.0203791850505249
"d8","censored",98,14,"neclin",0.338363521668668,0.304987647979783,0.00324837095152386
"d8","censored",99,14,"neclin",0.482052560307618,0.333955964766454,0.000396125078944318
"d8","censored",100,13,"neclin",0.622472387748413,0.31060125034885,0.00124536605239672
"d8","deleted",1,14,"neclin",0.297383906289054,0.232337519442131,0.324499163483276
"d8","deleted",2,13,"ecxwb2p3",0.209483353571499,0.0709588904188692,0.505296217288612
"d8","deleted",3,13,"nec3param",0.284563743632083,0.207181242416218,0.461148002682205
"d8","deleted",4,12,"neclin",0.187198161918014,0.18364832833599,0.368361451102119
"d8","deleted",5,11,"neclin",0.187186726604139,0.0604310626361716,0.323891696840044
"d8","deleted",6,11,"nec4param",0.271853282523766,0.271853282523766,0.406653429704194
"d8","deleted",7,14,"neclin",0.158702342090639,0.102205495683358,0.425232881618236
"d8","deleted",8,13,"neclin",0.22830556738772,0.011165640817895,0.532483599748799
"d8","deleted",9,12,"neclin",0.413830107931543,0.274528621708538,0.259299760274434
"d8","deleted",10,12,"neclin",0.52716768696707,0.081460485460397,0.292895252145463
"d8","deleted",11,13,"nec3param",0.377514232808538,0.22698245111272,0.469658673358756
"d8","deleted",12,13,"neclin",0.191979785176687,0.0813619938092877,0.53930322381866
"d8","deleted",13,13,"ecxwb1p3",0.196498069919312,0.0132337111432281,0.543741487082526
"d8","deleted",14,14,"nec4param",0.299012832920115,0.299012832920115,0.346165859523218
"d8","deleted",15,13,"nec3param",0.393624761067747,0.21924124536971,0.521804010859901
"d8","deleted",16,13,"neclin",0.191733107302821,0.104673100856313,0.491337564963374
"d8","deleted",17,13,"nec3param",0.334537532059103,0.177852611679501,0.425241051846286
"d8","deleted",18,13,"neclin",0.250309584182394,0.165776356021026,0.356084882358672
"d8","deleted",19,14,"nec3param",0.320848716843426,0.264056011884427,0.407632772467329
"d8","deleted",20,13,"neclin",0.278198847394993,0.0901651724721127,0.374030936627613
"d8","deleted",21,13,"ecxwb1p3",0.210985989717663,0.00538896676868038,0.482235924103217
"d8","deleted",22,13,"neclin",0.291128271551558,0.18736841408534,0.441711884262622
"d8","deleted",23,13,"neclin",0.336031603622646,0.217531464632148,0.306627815596572
"d8","deleted",24,13,"neclin",0.17505422459759,0.128545963149289,0.532794976001649
"d8","deleted",25,13,"neclin",0.170253278409222,0.0630944782375455,0.458296924156912
"d8","deleted",26,14,"ecxwb2p3",0.203221791607943,0.101872181405186,0.50720479332928
"d8","deleted",27,12,"neclin",0.192559727388105,0.176166892929478,0.445868815691539
"d8","deleted",28,12,"neclin",0.275774904024691,0.197065532091046,0.385919712223368
"d8","deleted",29,13,"neclin",0.345255298308604,0.0423542276267677,0.453865603287698
"d8","deleted",30,13,"neclin",0.406989358702467,0.18622326792831,0.333712417979574
"d8","deleted",31,12,"neclin",0.28944216533017,0.203274727294199,0.361526731363203
"d8","deleted",32,13,"nec3param",0.212728063902112,0.149690729396877,0.277239671606208
"d8","deleted",33,14,"neclin",0.217350140436004,0.104442764189776,0.433171591249556
"d8","deleted",34,14,"ecxwb1p3",0.197375846783563,0.0141316707651002,0.436062334206561
"d8","deleted",35,12,"neclin",0.209706397645125,0.104409291477087,0.470275723739382
"d8","deleted",36,13,"neclin",0.416798055755236,0.0449137031133134,0.329091853073819
"d8","deleted",37,13,"neclin",0.399165072412381,0.139692104890167,0.338272907790702
"d8","deleted",38,14,"ecxwb2p3",0.179913318722719,0.0707199453949508,0.434316271436817
"d8","deleted",39,13,"neclin",0.441592494813927,0.199292775534442,0.266220463362798
"d8","deleted",40,13,"neclin",0.258314644077604,0.0413206961924066,0.368587638608442
"d8","deleted",41,13,"ecxsigm",0.209137304670253,0.0262325266241268,0.561399902359796
"d8","deleted",42,14,"neclin",0.385431752722689,0.162350749841464,0.288180559873804
"d8","deleted",43,13,"neclin",0.329642659271112,0.220543200937136,0.285840175734871
"d8","deleted",44,13,"neclin",0.23570919006196,0.185247683514551,0.441686440569808
"d8","deleted",45,12,"neclin",0.467273512833962,0.13420078662526,0.287472408972332
"d8","deleted",46,14,"neclin",0.290728769818546,0.180203541811383,0.375144134894981
"d8","deleted",47,14,"ecxsigm",0.176695406459952,0.049638567397308,0.5680169699158
"d8","deleted",48,13,"neclin",0.482376168552453,0.191086603676351,0.243860060778508
"d8","deleted",49,11,"neclin",0.257536458986118,0.183610796526522,0.358986909231169
"d8","deleted",50,12,"ecxll3",0.151261684173325,0.133622919676548,0.505900450824455
"d8","deleted",51,14,"neclin",0.192220616091415,0.190505545242799,0.341151646176933
"d8","deleted",52,12,"neclin",0.344198579929081,0.0128448408603885,0.355068678810504
"d8","deleted",53,12,"neclin",0.300700640993256,0.093670657571609,0.386067850657588
"d8","deleted",54,14,"neclin",0.246649504264804,0.11790086339367,0.433445625750818
"d8","deleted",55,14,"neclin",0.195093734401248,0.0772086932968399,0.4564230534461
"d8","deleted",56,13,"ecxsigm",0.177783761818132,0.0376586742593287,0.630225308908762
"d8","deleted",57,13,"nec4param",0.312028286494873,0.312028286494873,0.314909639539961
"d8","deleted",58,14,"neclin",0.373406310570803,0.178924265026041,0.29170043483125
"d8","deleted",59,13,"neclin",0.465455749982552,0.178359791846446,0.277118577531201
"d8","deleted",60,13,"neclin",0.280547357283394,0.0561911878854494,0.421403757013958
"d8","deleted",61,13,"nec4param",0.27971967953746,0.27971967953746,0.414435468736944
"d8","deleted",62,13,"neclin",0.434822454537154,0.216475684416939,0.285213967865558
"d8","deleted",63,13,"neclin",0.316856268533941,0.259422382081346,0.367410950619079
"d8","deleted",64,14,"neclin",0.330496538894685,0.0578029824412039,0.453968951686719
"d8","deleted",65,13,"neclin",0.18652228146364,0.144906561728057,0.378637990870032
"d8","deleted",66,14,"neclin",0.22594844715628,0.189670532682422,0.364114929505487
"d8","deleted",67,13,"neclin",0.37215054901949,0.181395186262204,0.356186711232112
"d8","deleted",68,14,"neclin",0.30848120065401,0.0943915066850895,0.394197737372174
"d8","deleted",69,13,"neclin",0.594082108747122,0.0853812665965897,0.211923495239836
"d8","deleted",70,14,"neclin",0.211237042853288,0.0119614564176262,0.457311507730321
"d8","deleted",71,14,"neclin",0.346799234361089,0.174645681845075,0.305426261280134
"d8","deleted",72,13,"ecxwb1p3",0.218276876918964,0.0240779530179366,0.528086386266932
"d8","deleted",73,13,"neclin",0.255175411481782,0.142352708053657,0.401295627172587
"d8","deleted",74,13,"neclin",0.226962948611821,0.0880649263708032,0.471624975279923
"d8","deleted",75,14,"ecxwb2p3",0.174604243319425,0.111238964494221,0.464424660175804
"d8","deleted",76,14,"neclin",0.35951456537133,0.157279391550025,0.291189396761286
"d8","deleted",77,12,"ecxwb1p3",0.237428460880731,0.00977633755860303,0.464050804458316
"d8","deleted",78,13,"nec3param",0.385388817765623,0.263093222271378,0.556182711001111
"d8","deleted",79,14,"neclin",0.280699882722802,0.179147411921539,0.379809989117156
"d8","deleted",80,13,"ecxwb2p3",0.196311369022568,0.109244654903706,0.494130867626766
"d8","deleted",81,14,"neclin",0.276925959669093,0.184888345620747,0.329955798808042
"d8","deleted",82,13,"nec3param",0.223424425668661,0.13864560811037,0.505342663647513
"d8","deleted",83,13,"neclin",0.182348904839693,0.079174914238315,0.49729180907803
"d8","deleted",84,14,"ecxwb2p3",0.191994984860787,0.0819407601229131,0.48139416191084
"d8","deleted",85,13,"ecxwb2p3",0.204647562209832,0.116315600717379,0.473611106740803
"d8","deleted",86,13,"neclin",0.293346274909913,0.245915404798347,0.352420035314699
"d8","deleted",87,13,"nec3param",0.356153383659979,0.213125119687454,0.435920605087235
"d8","deleted",88,13,"neclin",0.157505552577224,0.13109611210088,0.371519249761198
"d8","deleted",89,14,"neclin",0.339641838284356,0.214156347250579,0.219070098326011
"d8","deleted",90,14,"neclin",0.40374049712724,0.04830853401725,0.360109563342141
"d8","deleted",91,13,"neclin",0.151191411935408,0.0323669467304583,0.507904688342095
"d8","deleted",92,14,"nec4param",0.242260008626822,0.242260008626822,0.386117231269309
"d8","deleted",93,13,"neclin",0.227121889051916,0.0250522076658715,0.40547141049258
"d8","deleted",94,13,"neclin",0.230401276316706,0.212217494230104,0.417865226393114
"d8","deleted",95,12,"nec3param",0.235142099930862,0.215317730933765,0.528201392674575
"d8","deleted",96,13,"ecxsigm",0.184755158948135,0.0345746261436257,0.569928354237116
"d8","deleted",97,14,"nec3param",0.173807521592341,0.0806402351328222,0.546200649840867
"d8","deleted",98,14,"neclin",0.218268238201456,0.143241365063809,0.438735533580842
"d8","deleted",99,13,"neclin",0.389001030490475,0.225172303549441,0.30501439093501
"d8","deleted",100,13,"neclin",0.5033536405027,0.131501495949793,0.239956290917365
"d8","floored",1,13,"ecxwb2p3",0.219274301432126,0.187857263668463,0.618302054742223
"d8","floored",2,14,"ecxwb2p3",0.301228664817631,0.0525868399434769,0.648932722994605
"d8","floored",3,12,"nec4param",0.198978816051845,0.198978816051845,0.575739838035348
"d8","floored",4,12,"ecxsigm",0.267242941118885,0.126087990173928,0.545583031972719
"d8","floored",5,12,"ecxsigm",0.25700661640016,0.0114931719882923,0.402023750088649
"d8","floored",6,12,"nec4param",0.210203518108123,0.210203518108123,0.582488613573156
"d8","floored",7,14,"ecxwb2p3",0.240782503839235,0.104371164402719,0.594835141289968
"d8","floored",8,13,"ecxsigm",0.349902961843215,0.00880613335636897,0.73358809828086
"d8","floored",9,13,"nec4param",0.2519973999613,0.2519973999613,0.586879979658614
"d8","floored",10,13,"ecxsigm",0.305143098090276,0.0325447184311098,0.729491546940481
"d8","floored",11,12,"nec4param",0.365631234277644,0.365631234277644,0.549996502075748
"d8","floored",12,13,"ecxsigm",0.203876118962172,0.0213449225568569,0.661592427614167
"d8","floored",13,13,"ecxwb1p3",0.212149922548242,0.00266983663384553,0.650384594112716
"d8","floored",14,14,"nec4param",0.22911795656206,0.22911795656206,0.502778126078223
"d8","floored",15,12,"nec3param",0.408563696308977,0.329075418310189,0.585130138674119
"d8","floored",16,13,"ecxsigm",0.192722743828785,0.0105844428483573,0.638667201977068
"d8","floored",17,13,"nec3param",0.404485990804597,0.308340029387636,0.606432932157666
"d8","floored",18,13,"ecxwb2p3",0.329175659120994,0.183721508475013,0.637986585675831
"d8","floored",19,13,"nec4param",0.395680594444303,0.395680594444303,0.499037265356868
"d8","floored",20,13,"ecxsigm",0.39852126727119,0.015199931190681,0.64624590607742
"d8","floored",21,13,"ecxwb1p3",0.286820162836669,0.000796869657642501,0.639348561263855
"d8","floored",22,14,"nec3param",0.197457513016369,0.164513915966183,0.613023947878965
"d8","floored",23,14,"ecxsigm",0.187577232680498,0.0290230298179605,0.654769441996888
"d8","floored",24,13,"ecxwb2p3",0.216393955764791,0.0964377898285702,0.654263913594533
"d8","floored",25,13,"ecxwb1p3",0.227884235356539,0.0176161419085557,0.618018281837235
"d8","floored",26,12,"ecxwb2p3",0.328586092551174,0.103602585372834,0.554604184208363
"d8","floored",27,14,"ecxsigm",0.191953334988505,0.0930923076857944,0.603077297250481
"d8","floored",28,12,"ecxwb2p3",0.249555085502237,0.0863224213804585,0.603570340499906
"d8","floored",29,12,"ecxsigm",0.331403132075306,0.0174353758030665,0.634094288622743
"d8","floored",30,14,"ecxsigm",0.221144711346178,0.126638199152005,0.652154553140943
"d8","floored",31,13,"ecxsigm",0.233816370488552,0.0766461408981122,0.589752918684834
"d8","floored",32,14,"nec3param",0.438807584415818,0.219263317591888,0.549945340217714
"d8","floored",33,13,"ecxwb2p3",0.251423494970817,0.0950287673590431,0.695393208747015
"d8","floored",34,14,"ecxwb1p3",0.2674110554598,0.000542894545474052,0.580357325815923
"d8","floored",35,12,"ecxsigm",0.296889235182985,0.0508167285072843,0.620853923942789
"d8","floored",36,12,"ecxsigm",0.349311226595248,0.0140057114923913,0.640428127049764
"d8","floored",37,14,"ecxwb2p3",0.257167768321355,0.0652643122408171,0.650559879105346
"d8","floored",38,13,"ecxwb2p3",0.325509102258406,0.0455866682266525,0.623279257758754
"d8","floored",39,13,"ecxwb2p3",0.223182889398833,0.112509454409398,0.655369231379105
"d8","floored",40,12,"ecxwb1p3",0.324004114120311,0.0145468996885314,0.597804903030712
"d8","floored",41,13,"ecxsigm",0.267631915131027,0.00780275835926327,0.66815275192075
"d8","floored",42,12,"ecxsigm",0.225895122924694,0.0694143046048157,0.596003325155411
"d8","floored",43,12,"nec4param",0.368974301900656,0.368974301900656,0.546565606384075
"d8","floored",44,13,"ecxsigm",0.203442724108387,0.0443409240664607,0.648016009938278
"d8","floored",45,12,"ecxsigm",0.337517509040491,0.0614990132732845,0.657611279772037
"d8","floored",46,13,"ecxsigm",0.212097235169148,0.0888703509763539,0.645377010090337
"d8","floored",47,14,"ecxwb2p3",0.201364481517544,0.0410221720800285,0.637780738504991
"d8","floored",48,14,"ecxwb2p3",0.359015590934901,0.119098733839334,0.612436791661748
"d8","floored",49,11,"ecxsigm",0.263907112226317,0.076181584614368,0.558158314713475
"d8","floored",50,12,"ecxwb1p3",0.218430192564861,0.0349489129027978,0.699149037361068
"d8","floored",51,13,"ecxwb2p3",0.339599826431427,0.089986543727018,0.632957807561081
"d8","floored",52,14,"ecxsigm",0.294044058388609,0.000504064640415728,0.671718534412506
"d8","floored",53,11,"ecxsigm",0.35123677416321,0.0220784459997449,0.738612897404069
"d8","floored",54,14,"ecxsigm",0.24751993188237,0.053116963632678,0.67504222264164
"d8","floored",55,14,"ecxsigm",0.244991286280845,0.0055850298164508,0.659986131632063
"d8","floored",56,13,"ecxll3",0.205925695628999,0.00157425098569277,0.638573165601208
"d8","floored",57,14,"nec3param",0.219801677089348,0.209835454699266,0.529403359215431
"d8","floored",58,14,"ecxsigm",0.223981238010792,0.0390964554721849,0.638836511764742
"d8","floored",59,13,"ecxwb2p3",0.26935249444632,0.0992167313766989,0.670708322470971
"d8","floored",60,13,"ecxsigm",0.245873768901579,0.000344000012596587,0.683237105582392
"d8","floored",61,13,"nec4param",0.158788662995861,0.158788662995861,0.610316147430822
"d8","floored",62,14,"ecxsigm",0.163084581919618,0.144966575105769,0.636635144646757
"d8","floored",63,12,"ecxwb2p3",0.213180439897606,0.142633929146999,0.617884150331517
"d8","floored",64,13,"ecxsigm",0.293918857032081,0.0293700829476152,0.687586130894949
"d8","floored",65,14,"ecxwb2p3",0.305335275731891,0.114690970698618,0.574624218113426
"d8","floored",66,13,"ecxwb2p3",0.225305597624711,0.137536005422934,0.578961343940559
"d8","floored",67,14,"ecxsigm",0.237269994764714,0.104309075993769,0.637669692158825
"d8","floored",68,14,"ecxwb1p3",0.202484883228683,0.0367423097357428,0.617471158528445
"d8","floored",69,13,"ecxsigm",0.23476980784112,0.0336617045612441,0.655678908289866
"d8","floored",70,14,"ecxwb1p3",0.237061462447276,0.000355529199649675,0.641502738024218
"d8","floored",71,12,"ecxsigm",0.201604201872346,0.0798439218524421,0.588776710892215
"d8","floored",72,14,"ecxwb1p3",0.255467359174807,0.000233730414335436,0.62568793785052
"d8","floored",73,11,"ecxwb2p3",0.412002458188265,0.0511677640091226,0.673232395335253
"d8","floored",74,13,"ecxsigm",0.201781777785931,0.0288690012190262,0.644349139162446
"d8","floored",75,14,"ecxwb2p3",0.27081113455296,0.0989414925923881,0.63492589019154
"d8","floored",76,14,"ecxwb2p3",0.319022557937352,0.0793190562955115,0.620715346844759
"d8","floored",77,12,"ecxwb1p3",0.284763488603668,0.00304457277932706,0.540039397592463
"d8","floored",78,13,"nec4param",0.174885662574876,0.174885662574876,0.611920283143768
"d8","floored",79,14,"ecxsigm",0.268432545208333,0.0872843451517774,0.669523914925632
"d8","floored",80,13,"ecxwb2p3",0.332112642932212,0.121160005767595,0.648210205461477
"d8","floored",81,14,"ecxwb2p3",0.275965499227094,0.0971128492101398,0.610634135927936
"d8","floored",82,12,"ecxwb2p3",0.343752767903046,0.286757154215033,0.474232485681371
"d8","floored",83,14,"ecxsigm",0.209785381424998,0.0257960472046152,0.64547635582016
"d8","floored",84,14,"ecxwb2p3",0.261567872755158,0.0126089590776597,0.64324360752651
"d8","floored",85,14,"ecxwb2p3",0.346909160260212,0.0725923401138336,0.592642661381148
"d8","floored",86,14,"ecxwb2p3",0.266341649468496,0.184398281617387,0.551168625501938
"d8","floored",87,14,"nec3param",0.398290484633386,0.282533173573422,0.482007099753899
"d8","floored",88,13,"ecxwb2p3",0.2600792791491,0.0415195248004222,0.594347238405984
"d8","floored",89,13,"ecxwb2p3",0.409586081634877,0.0748716943445731,0.583652763308916
"d8","floored",90,13,"ecxsigm",0.333093336687461,0.00215140712901814,0.688174972859316
"d8","floored",91,13,"ecxll3",0.180174113743118,0.00541976356121572,0.638009071790683
"d8","floored",92,13,"nec3param",0.265851989173579,0.190347965771238,0.62721033648715
"d8","floored",93,13,"ecxwb1p3",0.278068172242777,0.00238813315510493,0.642837801785033
"d8","floored",94,13,"ecxwb2p3",0.246178332090697,0.174061168928954,0.619377052948345
"d8","floored",95,13,"nec4param",0.174607052149058,0.174607052149058,0.595849393070099
"d8","floored",96,13,"ecxsigm",0.228669927004692,0.00872115918366552,0.655235218867201
"d8","floored",97,13,"nec3param",0.187153721766642,0.0938349741040642,0.665648545712393
"d8","floored",98,14,"ecxsigm",0.194647418589155,0.056682852928391,0.653937991381858
"d8","floored",99,14,"ecxwb2p3",0.238318311106186,0.153272377759617,0.588479281626833
"d8","floored",100,13,"ecxwb2p3",0.420630653805339,0.0206232706639639,0.657822547490041
"d8","gamma",1,11,"ecxwb1",0.898427523021419,0.0396872526410601,0.00714599881026254
"d8","gamma",2,11,"ecxwb1",0.990365834953995,3.52113846283443e-05,3.10045908122349e-18
"d8","gamma",3,11,"ecxwb1",0.999999992915959,1.89462556914619e-12,1.21620637547644e-13
"d8","gamma",4,11,"ecxwb1",0.694949324257805,0.00843272366101593,0.118384197760145
"d8","gamma",5,10,"ecxwb1",0.878767923536244,0.03800447118648,0.0095597885768742
"d8","gamma",6,11,"ecxwb1",0.656124935683587,0.0128334465274665,0.00395354306783726
"d8","gamma",7,12,"ecxwb1",0.569114292370223,0.0117251959708165,0.00171144837494773
"d8","gamma",8,12,"ecxll5",0.388443154909667,0.00455615458574364,4.87691891126555e-12
"d8","gamma",9,11,"ecxwb1",0.990356674217982,0.0011054690194199,2.43395256509492e-17
"d8","gamma",10,12,"ecxwb1",0.605585969823543,0.0128717136091042,0.000999024715534971
"d8","gamma",11,10,"ecxll4",0.496741822794896,0.155463176586099,0.00123640696237883
"d8","gamma",12,10,"ecxll4",0.579558545066566,0.0229142690088155,0.0924921135410887
"d8","gamma",13,12,"ecxwb1",0.649562579244499,0.0722405941445484,0.0675450444911559
"d8","gamma",14,11,"ecxwb1",0.98784308911848,3.6837687550978e-14,4.3800077029551e-16
"d8","gamma",15,11,"ecxwb1",0.977511996426486,0.00757833575783631,4.79890921612289e-07
"d8","gamma",16,11,"ecxwb1",0.390503445491742,0.0277902815536635,0.044695586512996
"d8","gamma",17,11,"ecxwb1",0.996963944732046,0.00194853600777859,6.48886810894013e-15
"d8","gamma",18,12,"ecxwb1",0.601008584501465,0.00137965001975559,5.86927952138645e-14
"d8","gamma",19,12,"ecxll5",0.417010060199952,0.0164222936686464,0.04959423262185
"d8","gamma",20,11,"ecxwb1",0.582054169579983,0.00734802661109982,0.0853650392144384
"d8","gamma",21,11,"ecxwb1",0.761650273671723,0.0596980857007779,0.00416279905103997
"d8","gamma",22,12,"ecxwb1",0.564318952683349,1.01593001295766e-05,7.77770790723474e-05
"d8","gamma",23,9,"ecx4param",0.797552948134724,0.0114782728750054,0.111542652060543
"d8","gamma",24,12,"ecxwb1",0.703715387726821,0.0417430487531639,0.00142838573417486
"d8","gamma",25,11,"ecxwb1",0.833611590326331,0.0669393315531993,0.00254375378346037
"d8","gamma",26,12,"ecxll5",0.493401411444701,0.0192677314748418,0.00414764439130608
"d8","gamma",27,11,"ecxwb1",0.938197720948347,0.0179218187960761,0.000987933941037833
"d8","gamma",28,12,"ecxwb1",0.434201095087749,0.000431871502629743,0.0729321973078875
"d8","gamma",29,11,"ecxwb1",0.781334386545623,0.112215848428063,0.0231879341678043
"d8","gamma",30,11,"ecxwb1",0.977523827136379,7.89733607155142e-06,0.00100000141567087
"d8","gamma",31,9,"ecx4param",0.699778204023609,0.291252244300683,0.00686315551631513
"d8","gamma",32,11,"ecxwb1",0.998394990657701,0.000232390690238494,1.5940057015492e-09
"d8","gamma",33,11,"ecxwb1",0.940978302006819,0.00927680891692617,0.00242039597733115
"d8","gamma",34,11,"ecxwb1",0.701494723395982,0.078544286966246,0.0268845261202918
"d8","gamma",35,11,"ecxwb1",0.843587277310426,0.0136798488575511,0.00556655068683699
"d8","gamma",36,11,"ecxwb1",0.952489089302646,0.0035711352005235,3.734860264364e-12
"d8","gamma",37,12,"ecxwb1",0.696886338242545,0.0713035613906324,0.00742907883613877
"d8","gamma",38,10,"ecxwb1",0.771005183869639,1.54376316091952e-08,0.0161893553802007
"d8","gamma",39,12,"ecxll5",0.513372727352147,0.00209208492994987,2.77401714954744e-13
"d8","gamma",40,11,"ecxwb1",0.548356473885405,0.0242215258524646,0.111231733691625
"d8","gamma",41,11,"ecxwb1",0.732328979676047,0.107664012988067,0.0196954995533841
"d8","gamma",42,9,"ecx4param",0.722243535187191,0.269471690775722,0.00595746098399598
"d8","gamma",43,11,"ecxwb1",0.935897872150345,0.00728048841718531,2.91448137996299e-07
"d8","gamma",44,11,"ecxwb1",0.727734824963419,0.0111943724840829,0.0958584460609752
"d8","gamma",45,11,"ecxwb1",0.710235437311411,0.109879202812561,0.0102387231611664
"d8","gamma",46,11,"ecxwb1",0.713105418372969,0.00214712995973853,0.12176800403594
"d8","gamma",47,11,"ecxwb1",0.899288163245846,0.0506853063086804,0.00167435431259755
"d8","gamma",48,11,"ecxwb1",0.816997321155574,0.01970146512549,0.000920525491365988
"d8","gamma",49,11,"ecxwb1",0.857292706184771,0.0176550550748841,0.00091371867038014
"d8","gamma",50,11,"ecxwb1",0.773342916904803,0.000851791686668145,0.0497045860165445
"d8","gamma",51,11,"ecxwb1",0.885304881504155,0.0028676238181246,5.77496429752179e-10
"d8","gamma",52,11,"ecxwb1",0.737331037352562,0.0690159869197311,0.00100280723826597
"d8","gamma",53,12,"ecxwb1",0.804541336651936,0.00683705107367562,0.0043585603635713
"d8","gamma",54,11,"ecxwb1",0.902989310067676,0.00778756542904004,5.30279639360914e-11
"d8","gamma",55,11,"ecxwb1",0.261341080208819,0.255698795954403,0.0430011086602711
"d8","gamma",56,12,"ecxwb1",0.578421068811754,0.0252426804250318,0.129257095916508
"d8","gamma",57,11,"ecxwb1",0.962317586154485,0.00310580791080707,5.19577482198691e-15
"d8","gamma",58,11,"nec4param",0.208948463805348,0.208948463805348,0.0687864993705229
"d8","gamma",59,11,"ecxwb1",0.974086407373778,0.00203508987686041,3.68685947771504e-12
"d8","gamma",60,12,"ecxwb1",0.538801278743912,0.0213482721368259,0.0833309467687429
"d8","gamma",61,11,"ecxwb1",0.9246105577563,0.0338769850863037,0.00102669294835621
"d8","gamma",62,11,"ecxwb1",0.78726162300916,0.0353333301000616,0.0134325549546711
"d8","gamma",63,12,"ecxwb1",0.37457115790889,0.000168104705636991,0.0887695633145993
"d8","gamma",64,11,"ecxwb1",0.750215352315955,0.0534671837489219,0.022029916320997
"d8","gamma",65,11,"ecxwb1",0.974564951715111,0.000280164928634569,9.68586904984106e-17
"d8","gamma",66,12,"ecxwb1",0.523781753020361,0.000476815680562533,3.81564833309657e-16
"d8","gamma",67,12,"ecxwb1",0.565414527807816,0.0131516579794521,0.00345362726006417
"d8","gamma",68,10,"ecxwb1",0.755702222712003,0.143903003235652,0.0170551347284515
"d8","gamma",69,12,"ecxwb1",0.534706268997626,0.0415840379631165,0.00220327898212908
"d8","gamma",70,11,"ecxwb1",0.840815964697733,0.0506502593885358,0.00199939347767107
"d8","gamma",71,11,"ecxwb1",0.796843456940636,0.0545952716474698,0.0106087083628551
"d8","gamma",72,9,"ecx4param",0.898058481706048,0.0175807443499729,0.0602111879108897
"d8","gamma",73,11,"ecxwb1",0.919077726937042,1.00930072080583e-10,1.77993387022536e-14
"d8","gamma",74,10,"ecxll5",0.733281224902188,0.0625291831430404,0.0284000728976486
"d8","gamma",75,12,"ecxwb1",0.619332255375844,0.00269644290794738,8.3452021830398e-12
"d8","gamma",76,11,"ecxwb1",0.647590416014351,0.0343812919665017,0.0927070518600591
"d8","gamma",77,12,"ecxll5",0.496045422468132,0.0153082892299766,0.00648429145439582
"d8","gamma",78,11,"ecxwb1",0.656422508764121,0.0616917340610193,0.121234487752823
"d8","gamma",79,11,"ecxwb1",0.980178821195965,1.08897750604897e-05,1.19045790522129e-10
"d8","gamma",80,11,"ecxwb1",0.944785880715344,0.0179513819035013,3.71127228267733e-08
"d8","gamma",81,10,"ecx4param",0.662308521224284,0.0404338008576027,0.0948310787083721
"d8","gamma",82,11,"ecxwb1",0.817067704767668,0.0208142096942244,0.0258411403348377
"d8","gamma",83,11,"ecxwb1",0.990881940823443,0.00271033982731757,6.97103074680426e-14
"d8","gamma",84,12,"ecxwb1",0.598203208613379,0.0183563171837689,0.106896129991053
"d8","gamma",85,12,"ecxwb1",0.499809899404093,0.0463621081581612,0.00170573821591908
"d8","gamma",86,12,"ecxwb1",0.623254924924007,0.00380609978504365,0.00101136433998277
"d8","gamma",87,11,"ecxwb1",0.963324632989566,0.0275700832053248,0.00200264744294197
"d8","gamma",88,11,"ecxwb1",0.607178288442173,0.000190652682630478,0.0730438827653237
"d8","gamma",89,12,"ecxll5",0.575490270863684,4.86242371694713e-12,9.15803939257992e-23
"d8","gamma",90,11,"ecxwb1",0.217786199392401,0.214116358485021,0.0563159993700777
"d8","gamma",91,10,"ecxwb1",0.97499050719382,0.000283226914511246,5.5110263158542e-20
"d8","gamma",92,11,"ecxwb1",0.816894592918305,0.00563925509380178,5.91383438992264e-11
"d8","gamma",93,11,"ecxwb1",0.912864396764828,0.00462322451142983,1.44411853388747e-10
"d8","gamma",94,11,"ecxwb1",0.948218683108935,0.00401383932413055,3.04039366691217e-11
"d8","gamma",95,11,"ecxwb1",0.968307455126913,0.0290221408216202,0.000579379643255098
"d8","gamma",96,11,"ecxwb1",0.854609398243805,0.0382675574509527,0.0148414995793692
"d8","gamma",97,11,"ecxwb1",0.653725021229271,0.1112874004002,0.0523306451877225
"d8","gamma",98,12,"ecxwb1",0.387660038568975,0.0147807355262238,0.0979762877490192
"d8","gamma",99,11,"ecxwb1",0.991011427170748,0.000590639071131964,4.47662811914953e-13
"d8","gamma",100,11,"ecxwb1",0.746864210595028,0.0345538037441621,0.0105503015162174
"d8","measured",1,14,"nec4param",0.511587778937785,0.511587778937785,7.82633524021071e-26
"d8","measured",2,12,"nec4param",0.410793905663132,0.410793905663132,6.09370397407829e-27
"d8","measured",3,13,"neclin",0.749853719970988,0.135961340655703,1.31236729638909e-31
"d8","measured",4,14,"nec4param",0.591700401626724,0.591700401626724,6.03270341349872e-24
"d8","measured",5,12,"ecxwb2",0.185813368113827,0.0530658463226927,5.01584146394681e-31
"d8","measured",6,12,"neclin",0.858108099011872,0.0783415793348809,1.79219392176052e-24
"d8","measured",7,13,"neclin",0.526470236616234,0.241249194710512,2.97050076178025e-27
"d8","measured",8,14,"nec4param",0.484136162416438,0.484136162416438,8.02251134391491e-28
"d8","measured",9,13,"neclin",0.861681486731316,0.133311616825613,4.50758234053371e-29
"d8","measured",10,13,"neclin",0.409297655474334,0.252614730754769,4.97677261595682e-28
"d8","measured",11,14,"neclin",0.804293680516784,0.126354067289617,3.26751218778987e-24
"d8","measured",12,13,"neclin",0.470972366496505,0.179127413811116,1.0781240145326e-26
"d8","measured",13,13,"neclin",0.564783019693715,0.142225051289628,1.2242222935243e-24
"d8","measured",14,14,"neclin",0.397215132739284,0.372498108194719,1.1879557251575e-31
"d8","measured",15,13,"nec4param",0.867420684419733,0.867420684419733,3.07957637582123e-29
"d8","measured",16,13,"neclin",0.565475223183848,0.379917323129016,9.40166214457764e-28
"d8","measured",17,14,"neclin",0.633926140367594,0.284121352995094,4.35299458343421e-29
"d8","measured",18,13,"neclin",0.515906616319925,0.480848927544031,2.08407116357831e-31
"d8","measured",19,12,"neclin",0.59934947800532,0.39593773747098,8.25564268918284e-23
"d8","measured",20,13,"nec4param",0.796970804748753,0.796970804748753,3.0447697153961e-28
"d8","measured",21,12,"ecxwb2",0.452487853974002,0.382603472555075,5.12143842669086e-27
"d8","measured",22,14,"neclin",0.858300681039259,0.111869654637811,2.12575144124879e-22
"d8","measured",23,13,"nec4param",0.774232323250552,0.774232323250552,6.60702199204441e-28
"d8","measured",24,13,"neclin",0.736987972010062,0.0844716577779485,2.10133299968305e-28
"d8","measured",25,13,"neclin",0.677672763544003,0.0301909265424801,4.08985091372491e-29
"d8","measured",26,12,"nec4param",0.493100227737889,0.493100227737889,1.47873977040713e-25
"d8","measured",27,13,"neclin",0.771918228738715,0.0299043265194787,7.6792629959901e-30
"d8","measured",28,12,"nec4param",0.584042623700505,0.584042623700505,1.32914178933554e-23
"d8","measured",29,12,"neclin",0.690544770421088,0.28085871438851,1.25355198100394e-31
"d8","measured",30,13,"nec4param",0.523281934580423,0.523281934580423,4.3463305088836e-25
"d8","measured",31,13,"neclin",0.473537215850884,0.402399945144428,8.00441560515371e-30
"d8","measured",32,14,"neclin",0.382141898442893,0.37660716148585,3.47782354084278e-27
"d8","measured",33,13,"neclin",0.436581006822236,0.298737958178151,1.65710993643116e-26
"d8","measured",34,14,"neclin",0.477130682363563,0.268446844846343,3.91873864113812e-27
"d8","measured",35,12,"neclin",0.572425910520235,0.216521343759007,3.22602155741124e-27
"d8","measured",36,13,"neclin",0.67785559458612,0.170738826462325,3.56437416730691e-28
"d8","measured",37,13,"nec4param",0.595171701292189,0.595171701292189,3.76493297129365e-25
"d8","measured",38,12,"neclin",0.540019151404241,0.444293548745096,2.57609938437266e-24
"d8","measured",39,13,"nec4param",0.591312169110399,0.591312169110399,1.01488105973453e-26
"d8","measured",40,12,"neclin",0.415913906121179,0.349967281177958,6.12633556349341e-29
"d8","measured",41,13,"neclin",0.545280577965146,0.369201303782193,2.10193454715445e-28
"d8","measured",42,14,"nec4param",0.492344355484742,0.492344355484742,1.0366353966487e-26
"d8","measured",43,13,"nec4param",0.507043200820824,0.507043200820824,5.79515446075295e-25
"d8","measured",44,13,"nec4param",0.805866588816681,0.805866588816681,3.98612522421533e-30
"d8","measured",45,13,"neclin",0.465508576082538,0.357833505244884,2.9372398358328e-25
"d8","measured",46,13,"neclin",0.880252774779345,0.0821526939368394,2.5343758763259e-23
"d8","measured",47,13,"neclin",0.44771667733905,0.29227436379557,4.20134041858035e-21
"d8","measured",48,13,"nec4param",0.908102612069957,0.908102612069957,3.35925249029266e-27
"d8","measured",49,13,"neclin",0.656616246853123,0.309598928331775,1.26030788524342e-29
"d8","measured",50,12,"neclin",0.62894041065629,0.129859758276717,1.98965129811854e-30
"d8","measured",51,13,"nec4param",0.547997708727027,0.547997708727027,5.8089248929028e-29
"d8","measured",52,13,"nec4param",0.407995179944635,0.407995179944635,1.82978008239475e-29
"d8","measured",53,11,"neclin",0.686623047664914,0.0385767525038875,2.76208831848411e-31
"d8","measured",54,13,"nec4param",0.442007226786885,0.442007226786885,1.99221702641231e-25
"d8","measured",55,12,"nec4param",0.569641081263934,0.569641081263934,2.23418029764952e-23
"d8","measured",56,13,"nec4param",0.542600044447541,0.542600044447541,1.16907911602895e-27
"d8","measured",57,13,"nec4param",0.465546805524847,0.465546805524847,2.21977101631341e-22
"d8","measured",58,13,"nec4param",0.958286385274541,0.958286385274541,2.29135077124579e-32
"d8","measured",59,14,"nec4param",0.472466863178243,0.472466863178243,5.74092620681526e-20
"d8","measured",60,14,"nec4param",0.492405283014221,0.492405283014221,2.36446456204549e-27
"d8","measured",61,13,"nec4param",0.531508147140471,0.531508147140471,2.01819485973198e-32
"d8","measured",62,14,"nec4param",0.541849149854911,0.541849149854911,4.1127964355525e-27
"d8","measured",63,12,"nec4param",0.796143395112108,0.796143395112108,1.97214312825306e-27
"d8","measured",64,13,"neclin",0.580219696945069,0.391110193524233,3.41549739012597e-27
"d8","measured",65,14,"neclin",0.742336578170039,0.162547657875626,7.20002804203854e-28
"d8","measured",66,13,"neclin",0.603004810990747,0.280597597961645,3.04914110031388e-21
"d8","measured",67,14,"neclin",0.731154286521264,0.196796592877837,4.2168594900837e-24
"d8","measured",68,14,"neclin",0.81943485221031,0.0666571346112351,6.2826857180536e-28
"d8","measured",69,13,"nec4param",0.802669148807194,0.802669148807194,6.23744431862795e-29
"d8","measured",70,14,"neclin",0.699617158865083,0.0980242453274437,3.57506843975957e-27
"d8","measured",71,12,"nec4param",0.514142627493355,0.514142627493355,1.33700757184986e-25
"d8","measured",72,12,"nec4param",0.658288840069647,0.658288840069647,1.87661659271082e-26
"d8","measured",73,12,"nec4param",0.686362178571533,0.686362178571533,3.87142588465224e-28
"d8","measured",74,14,"neclin",0.470885540799485,0.366036230014077,5.98366452937064e-28
"d8","measured",75,14,"neclin",0.599711338913281,0.274917965328859,3.28574457073417e-29
"d8","measured",76,14,"nec4param",0.468751975214131,0.468751975214131,7.51181675741565e-33
"d8","measured",77,13,"neclin",0.591656091985895,0.0665652396624832,3.25660166992433e-29
"d8","measured",78,13,"nec4param",0.276621766710176,0.276621766710176,1.49706344011353e-26
"d8","measured",79,14,"neclin",0.94603505525537,0.0154120041954839,2.58031186942468e-29
"d8","measured",80,13,"neclin",0.643525519524925,0.317700123170646,6.93163146616477e-30
"d8","measured",81,14,"neclin",0.714824167167464,0.216393045217737,5.8391560975473e-30
"d8","measured",82,12,"neclin",0.58754618478806,0.391111254608149,1.26573408925612e-20
"d8","measured",83,12,"neclin",0.556669045851762,0.0599048073748675,1.28689313318465e-26
"d8","measured",84,14,"nec4param",0.404752388091069,0.404752388091069,5.966096653527e-29
"d8","measured",85,13,"neclin",0.885615070543211,0.0930815891555965,1.30302147581011e-20
"d8","measured",86,12,"neclin",0.85631601277098,0.140845314367888,1.24568709744093e-31
"d8","measured",87,14,"neclin",0.766843721474959,0.179312080060936,9.98447009430494e-31
"d8","measured",88,13,"neclin",0.553331462166349,0.243522068142943,7.65989915988138e-25
"d8","measured",89,14,"nec4param",0.564870156683426,0.564870156683426,9.59083276306689e-33
"d8","measured",90,13,"nec4param",0.661546584229979,0.661546584229979,1.83314848968048e-22
"d8","measured",91,14,"neclin",0.476881068779948,0.209938270610681,1.98629311161671e-27
"d8","measured",92,14,"nec4param",0.605040570058502,0.605040570058502,7.38894897886003e-22
"d8","measured",93,13,"neclin",0.778905022675987,0.0101643635256767,4.36454756497376e-29
"d8","measured",94,13,"neclin",0.547500931156986,0.396518701849091,1.46408001700625e-25
"d8","measured",95,13,"neclin",0.512765428950539,0.186747798585989,1.80936912773736e-32
"d8","measured",96,13,"nec4param",0.429468221260759,0.429468221260759,6.36502383028579e-25
"d8","measured",97,11,"nec4param",0.596876267472968,0.596876267472968,2.32045045082661e-23
"d8","measured",98,13,"nec4param",0.471179545075558,0.471179545075558,3.57865614557376e-29
"d8","measured",99,11,"neclin",0.811656636425983,0.163439850328374,1.39317676084924e-28
"d8","measured",100,13,"nec4param",0.970452095092074,0.970452095092074,1.27202384093672e-25
"p1","beta",1,11,"ecxll4",0.277432820766666,0.0163124951938157,0.0332907387303568
"p1","beta",2,9,"ecx4param",0.629677961565469,0.00190870960327527,0.166283376541764
"p1","beta",3,11,"ecxwb2",0.575054118461595,0.0744358994092375,0.0276141944301257
"p1","beta",4,11,"ecxwb2",0.379061323173141,0.243622492029952,0.204574104560164
"p1","beta",5,11,"ecxwb1",0.306110244361184,0.00453280017849925,0.0154977003817808
"p1","beta",6,11,"ecxwb2",0.421259232307186,0.245249922833843,0.0484124330211975
"p1","beta",7,11,"ecxll4",0.325671529929879,0.050548937390057,0.087889545930051
"p1","beta",8,10,"ecxwb2",0.621625643201867,0.049333223550227,0.0698232713217543
"p1","beta",9,11,"ecxwb1",0.419188225745254,0.0121449749039056,0.0230348840316433
"p1","beta",10,11,"ecxll4",0.272969144595029,0.0201030108564615,0.0642542342119845
"p1","beta",11,11,"ecxwb1",0.51125646736963,0.00494725385448033,0.0102757855509561
"p1","beta",12,9,"ecx4param",0.627978513844713,0.00202176827409327,0.191320899828727
"p1","beta",13,11,"ecx4param",0.35145235250323,0.000291531515813998,0.13915491745677
"p1","beta",14,10,"ecx4param",0.473749279583762,0.0416607815821092,0.0742059129221379
"p1","beta",15,11,"ecxwb1",0.509486289290255,0.00843420264255276,0.0300899677896473
"p1","beta",16,9,"ecx4param",0.673239780545187,0.0263486129726563,0.0688580548385193
"p1","beta",17,11,"ecxwb1",0.324573668094094,0.0204513665450905,0.0396592785937734
"p1","beta",18,11,"ecxll4",0.362731292687741,0.0120108593607565,0.0173935492132638
"p1","beta",19,11,"ecxwb1",0.341430318862322,0.032096845298142,0.0330472018004398
"p1","beta",20,11,"ecxwb2",0.290818023544069,0.0803545974989636,0.0890221065061737
"p1","beta",21,11,"ecxwb1",0.74310961397194,0.000116905709874744,0.0752735355734643
"p1","beta",22,9,"ecx4param",0.929517402148893,0.00102540380728868,0.0317785672404391
"p1","beta",23,11,"ecx4param",0.272805667520137,0.0331040590560191,0.0332875051980707
"p1","beta",24,11,"ecxll4",0.375154877960385,0.00624311626421248,0.0526448693288874
"p1","beta",25,11,"ecxwb1",0.449613508105138,0.00213555697981239,0.0384143536451045
"p1","beta",26,9,"ecx4param",0.667239502852927,0.0371890675317511,0.0351410978843755
"p1","beta",27,11,"ecxll4",0.327516706754937,0.00012918029309766,0.10882248589346
"p1","beta",28,10,"ecxwb1",0.371984159812901,0.0461808692260463,0.133230092095601
"p1","beta",29,9,"ecx4param",0.461631002661311,0.0256400341085586,0.078870252040006
"p1","beta",30,9,"ecx4param",0.544717811970255,0.0389383837132244,0.0621013233851402
"p1","beta",31,11,"ecx4param",0.307444489197387,0.00668102491284745,0.0170876489682477
"p1","beta",32,9,"ecx4param",0.501970798554674,0.0166440087193468,0.0687628662796947
"p1","beta",33,11,"ecxwb2",0.344759675515632,0.138836551122165,0.0406007805869863
"p1","beta",34,12,"ecxwb2",0.269237137250494,0.0881947718958391,0.219054917946322
"p1","beta",35,11,"ecxwb1",0.322726690014128,0.00540202499420846,0.0903514661067052
"p1","beta",36,9,"ecx4param",0.699251636231727,0.00402886807371231,0.130711618059336
"p1","beta",37,12,"ecxwb1",0.436282190759246,0.0196470405436335,0.0540119091769578
"p1","beta",38,10,"ecxwb1",0.552550611707828,0.00248109618596291,0.0126023298941132
"p1","beta",39,11,"ecxll4",0.281204740050566,0.0341071539446638,0.0927379036194693
"p1","beta",40,11,"ecx4param",0.319551905563954,0.00160642417393792,0.0247986634870254
"p1","beta",41,11,"ecxll4",0.243920465124535,0.024685544948098,0.0826954729665153
"p1","beta",42,12,"ecxwb2",0.299307448817433,0.0473503211526996,0.072262817760512
"p1","beta",43,11,"ecxll4",0.345086630975414,0.0118120769317858,0.0643473952176123
"p1","beta",44,11,"ecxwb2",0.496216489607878,0.215596794697088,0.185540527513588
"p1","beta",45,11,"ecxwb2",0.313043008362283,0.0970113310750341,0.107105661180387
"p1","beta",46,11,"nec4param",0.306700139535537,0.306700139535537,0.0902230409387728
"p1","beta",47,11,"ecxwb2",0.367116322520171,0.0525654145271678,0.109588378740709
"p1","beta",48,11,"ecx4param",0.387182048955319,0.00767629340661769,0.159857377515191
"p1","beta",49,10,"ecxwb2",0.324537949487604,0.096299137602144,0.117322952410454
"p1","beta",50,11,"ecxll4",0.299899950636706,0.0463279853055548,0.106570148569322
"p1","beta",51,11,"ecxwb1",0.554441783040578,0.000661695623587991,0.0209306961279635
"p1","beta",52,9,"ecx4param",0.501536814562636,0.0117605612923414,0.0898128073361337
"p1","beta",53,12,"ecxwb2",0.391161412266307,0.325289158071699,0.125422664376447
"p1","beta",54,11,"ecxwb2",0.308521178592106,0.0487232158015557,0.0621523149244626
"p1","beta",55,11,"nec4param",0.282715658800627,0.282715658800627,0.158438619032437
"p1","beta",56,11,"ecx4param",0.341370389071687,0.00212159728997598,0.0504997562349374
"p1","beta",57,11,"ecx4param",0.339003185172,0.0241258628548614,0.094901112502736
"p1","beta",58,12,"ecxwb1",0.369521630000451,0.00508232236796672,0.0381983184220728
"p1","beta",59,11,"ecxll4",0.294474981898519,0.0555184371257898,0.182681456216567
"p1","beta",60,10,"ecxwb2",0.392946081752085,0.145569738938733,0.0598770384915237
"p1","beta",61,10,"ecx4param",0.321153472927264,0.18433916341718,0.221414315891048
"p1","beta",62,11,"nec4param",0.328918717746075,0.328918717746075,0.110707749106148
"p1","beta",63,11,"ecxll4",0.271300881690538,0.152168239852176,0.0452042816003129
"p1","beta",64,12,"ecxwb1",0.335980348309687,0.0137170104096056,0.0315258875850657
"p1","beta",65,11,"ecx4param",0.299495577206418,0.0113464353945916,0.0218077380117119
"p1","beta",66,11,"ecxwb1",0.329779051949848,0.0591562550586235,0.0465895061296665
"p1","beta",67,11,"ecxll4",0.342982484774041,0.0211669503717234,0.113014845476322
"p1","beta",68,10,"ecx4param",0.33606306281829,0.0599115755712401,0.0566056581010163
"p1","beta",69,11,"ecxwb1",0.41896163168712,0.000235946650690518,0.25395787589948
"p1","beta",70,12,"ecx4param",0.241635648974492,0.0145258630851163,0.0156033151663055
"p1","beta",71,9,"ecx4param",0.621123285371158,0.0350619023345978,0.0854353519388633
"p1","beta",72,11,"ecxll4",0.300309326750403,0.0977631264858519,0.110294831729572
"p1","beta",73,11,"ecx4param",0.34121618459711,0.0101257233945824,0.0167438378603822
"p1","beta",74,12,"ecxll4",0.300248464792373,0.0340046642250212,0.118256751503222
"p1","beta",75,11,"ecx4param",0.345793521700068,0.00299949919047597,0.0377436469821798
"p1","beta",76,11,"ecxwb1",0.678598185961261,0.00322059160552945,0.0252973834908804
"p1","beta",77,9,"nec4param",0.358108267993752,0.358108267993752,0.288418467187217
"p1","beta",78,11,"ecxwb1",0.313926685320187,0.034032803384379,0.0292315633907842
"p1","beta",79,11,"ecx4param",0.343062481155826,0.00796322836791538,0.0624095617765607
"p1","beta",80,11,"ecx4param",0.315673148672866,0.00590968480051265,0.0278715976950238
"p1","beta",81,11,"ecxll4",0.297939678859152,0.00944959379583613,0.0534323212119852
"p1","beta",82,11,"ecxwb1",0.278668454162774,0.0619695813861105,0.0517939886500255
"p1","beta",83,12,"ecx4param",0.254959443832764,0.103452421380005,0.0709586054841345
"p1","beta",84,12,"nec4param",0.30318322301088,0.30318322301088,0.0735614895849199
"p1","beta",85,11,"ecxwb2",0.314484247341112,0.116115654087959,0.139263814129924
"p1","beta",86,11,"ecxwb1",0.497570279655999,0.00951685302293816,0.0515497098268285
"p1","beta",87,11,"ecxwb1",0.395547570372967,0.0156634857844078,0.0187867894922164
"p1","beta",88,12,"ecxwb1",0.63359595665367,0.000751477797763082,0.0462363260145305
"p1","beta",89,11,"ecxll4",0.289020136097376,0.00781312128937504,0.0323684247739344
"p1","beta",90,11,"ecxwb1",0.286804027919686,0.111217670997071,0.0714857674480682
"p1","beta",91,11,"nec4param",0.47791496187692,0.47791496187692,0.0227770558821525
"p1","beta",92,12,"ecxwb1",0.476489120747862,0.000201084252027942,0.0703755014724083
"p1","beta",93,11,"ecx4param",0.204492612746901,0.146989455662362,0.198684215581584
"p1","beta",94,11,"ecxll4",0.241914400046717,0.181144732884379,0.0414518349021052
"p1","beta",95,11,"ecxll4",0.343536560457503,0.0102747644725214,0.0888811115645376
"p1","beta",96,11,"ecxwb1",0.268441186660044,0.0769353810853376,0.0714436895997285
"p1","beta",97,11,"ecxll4",0.282185676946988,0.0450099851882191,0.0511605076707925
"p1","beta",98,12,"ecxwb1",0.456683222867586,0.00169405505204032,0.0492564492672716
"p1","beta",99,11,"ecxwb2",0.288800493472108,0.110109827091718,0.0318811211271093
"p1","beta",100,11,"ecxwb2",0.329474334591091,0.117947058080168,0.061114197584976
"p1","censored",1,13,"neclin",0.305091001709432,0.293899988819913,0.00958966138628403
"p1","censored",2,14,"neclin",0.206806468994208,0.102914828106009,0.00522235850944114
"p1","censored",3,11,"nec4param",0.55843627438169,0.55843627438169,0.0196323555928245
"p1","censored",4,11,"nec4param",0.694605646446101,0.694605646446101,0.000820736859831152
"p1","censored",5,12,"neclin",0.504058084300259,0.218476019221197,0.00138044526301887
"p1","censored",6,11,"nec4param",0.563386459301059,0.563386459301059,0.00926955579797715
"p1","censored",7,14,"nec4param",0.203784204835007,0.203784204835007,0.00160623404647823
"p1","censored",8,13,"nec4param",0.413642989611511,0.413642989611511,0.0385770495886304
"p1","censored",9,14,"neclin",0.508191718298422,0.26180679371089,0.00040038203400144
"p1","censored",10,13,"neclin",0.349897274132217,0.227416181103045,0.00210537703596729
"p1","censored",11,13,"neclin",0.352947057633981,0.133531722862719,0.0011165533337836
"p1","censored",12,13,"ecxlin",0.225600532344322,0.107103130863808,0.00510412444879051
"p1","censored",13,13,"neclin",0.223816395360762,0.13776158608962,0.00985808269552974
"p1","censored",14,14,"nec4param",0.198439943885815,0.198439943885815,0.00709227116584205
"p1","censored",15,13,"neclin",0.327928168069258,0.151002717071207,0.00101119626382917
"p1","censored",16,13,"neclin",0.467111817869832,0.246332403678621,0.00396198950672316
"p1","censored",17,13,"neclin",0.265596299379932,0.148308253363668,0.00528635544268781
"p1","censored",18,13,"nec4param",0.371329804765404,0.371329804765404,0.0110389302673901
"p1","censored",19,13,"neclin",0.447056752076714,0.155334896160462,0.00148502105017532
"p1","censored",20,14,"nec4param",0.538249922243083,0.538249922243083,0.00923310759452353
"p1","censored",21,13,"ecxwb1",0.235829441985255,0.036325941588952,0.00233583478351455
"p1","censored",22,12,"neclin",0.182835996064054,0.0957313281052205,0.000808269306989468
"p1","censored",23,13,"neclin",0.480125610894544,0.380505408309509,0.00112901674849224
"p1","censored",24,13,"neclin",0.341050494264377,0.29308151330311,0.0189952246384831
"p1","censored",25,13,"ecxll4",0.216923714813037,0.0716870879207098,0.00678716458348775
"p1","censored",26,10,"ecx4param",0.266566161199732,0.0332907143087147,0.0012819743265104
"p1","censored",27,14,"neclin",0.25048789471374,0.0702901701803593,0.00569266558610565
"p1","censored",28,12,"neclin",0.222873733655648,0.141767979880371,0.00271814514665084
"p1","censored",29,13,"neclin",0.502347903446925,0.28638268037404,0.00198981770456915
"p1","censored",30,13,"nec4param",0.474517159734588,0.474517159734588,0.00274946814762023
"p1","censored",31,13,"neclin",0.270731347596951,0.235531699534116,0.00784672348800628
"p1","censored",32,11,"neclin",0.491891892140037,0.241552239966074,0.00183037482928171
"p1","censored",33,13,"nec4param",0.595173410456685,0.595173410456685,0.0232867484243492
"p1","censored",34,13,"neclin",0.590679124858385,0.344770415927757,0.000664222697762607
"p1","censored",35,12,"neclin",0.291845001630293,0.199864020250512,0.0019077754913862
"p1","censored",36,12,"nec4param",0.422727665013374,0.422727665013374,0.00342883038163174
"p1","censored",37,14,"neclin",0.181062368437477,0.132436719131204,0.00458954237583182
"p1","censored",38,13,"neclin",0.392591580176998,0.214384178804294,0.0022647797617142
"p1","censored",39,13,"nec4param",0.747608939304232,0.747608939304232,0.00790453682828417
"p1","censored",40,12,"neclin",0.285332048283013,0.134166601256833,0.0032940876024198
"p1","censored",41,13,"nec4param",0.612645879996519,0.612645879996519,0.010742384045231
"p1","censored",42,11,"neclin",0.557261481012758,0.260781208100739,0.00212802337334517
"p1","censored",43,13,"nec4param",0.175940100191785,0.175940100191785,0.00797946303215524
"p1","censored",44,11,"nec4param",0.757431224455108,0.757431224455108,0.00508049419300358
"p1","censored",45,13,"nec4param",0.476035466740087,0.476035466740087,0.0017406656458513
"p1","censored",46,14,"nec4param",0.52426910975962,0.52426910975962,0.00227151870675223
"p1","censored",47,14,"ecxlin",0.190787064489699,0.131604755579892,0.0034858566407516
"p1","censored",48,14,"nec4param",0.402132224083057,0.402132224083057,0.00582655751668077
"p1","censored",49,12,"neclin",0.465754588301246,0.325400390920216,0.000960854042935893
"p1","censored",50,13,"neclin",0.391684914082229,0.383494977763517,0.00130542892134359
"p1","censored",51,14,"neclin",0.208251201599946,0.0983044346723564,0.00274922713962366
"p1","censored",52,13,"neclin",0.533151599938676,0.21758893838002,0.000715542594971352
"p1","censored",53,13,"nec4param",0.501519956299077,0.501519956299077,0.00285519680391163
"p1","censored",54,14,"neclin",0.400745762594023,0.267517104669263,0.00403428926966348
"p1","censored",55,12,"nec4param",0.495977199132101,0.495977199132101,0.0287382142942372
"p1","censored",56,13,"neclin",0.243668141564612,0.175570623969537,0.00736816352759282
"p1","censored",57,14,"nec4param",0.367835423373824,0.367835423373824,0.00498487223131374
"p1","censored",58,14,"ecxwb1",0.24555501455528,0.0220834816969913,0.00112591054185765
"p1","censored",59,11,"nec4param",0.631184825684273,0.631184825684273,0.00201642142412035
"p1","censored",60,13,"nec4param",0.512560041548049,0.512560041548049,0.00294527058480902
"p1","censored",61,13,"nec4param",0.566668052756073,0.566668052756073,0.00895600818949271
"p1","censored",62,14,"nec4param",0.399396308326104,0.399396308326104,0.0017713568016927
"p1","censored",63,13,"nec4param",0.398569877532547,0.398569877532547,0.00361283630153394
"p1","censored",64,13,"ecxwb1",0.208747088408323,0.139901591552717,0.00197442179711159
"p1","censored",65,14,"neclin",0.198293890171731,0.122509821730277,0.0166949978786855
"p1","censored",66,13,"neclin",0.441222285777946,0.104198810852748,0.000632282629102518
"p1","censored",67,14,"nec4param",0.333728174067562,0.333728174067562,0.0116980910425241
"p1","censored",68,14,"nec4param",0.257409816757221,0.257409816757221,0.00989686247203804
"p1","censored",69,13,"ecxwb1",0.185430775161392,0.0704039569031553,0.00251688703175062
"p1","censored",70,14,"neclin",0.251436372605546,0.131169907048011,0.00317178443445187
"p1","censored",71,9,"neclin",0.472634482144904,0.393807775358097,0.000851654274749481
"p1","censored",72,13,"ecxlin",0.2386469989475,0.10357096463462,0.00744025662757259
"p1","censored",73,12,"ecxwb2",0.279225274195522,0.220582445113324,0.0334236315223178
"p1","censored",74,13,"nec4param",0.713906256918983,0.713906256918983,0.00982721226665098
"p1","censored",75,13,"neclin",0.36755667455162,0.285626486174699,0.00357317314058742
"p1","censored",76,13,"ecx4param",0.256054033137321,0.0146884731611637,0.00892707398705709
"p1","censored",77,10,"nec4param",0.701510506225993,0.701510506225993,0.000601996819996322
"p1","censored",78,13,"neclin",0.348441460447332,0.12563267291253,0.00488858118374742
"p1","censored",79,14,"nec4param",0.304110256169207,0.304110256169207,0.0067135155175098
"p1","censored",80,13,"ecxwb2",0.242872365001202,0.205760819230243,0.00812929435754422
"p1","censored",81,13,"nec4param",0.405012006430246,0.405012006430246,0.00335717185131227
"p1","censored",82,14,"neclin",0.55733920180344,0.287201918280856,0.000224993973223026
"p1","censored",83,14,"neclin",0.405857411206288,0.353260222305144,0.00184400843569004
"p1","censored",84,14,"nec4param",0.539119445758782,0.539119445758782,0.00702707573558507
"p1","censored",85,14,"nec4param",0.391000979419475,0.391000979419475,0.00160663079778254
"p1","censored",86,13,"neclin",0.457166000601551,0.291148948179313,0.00139570501548616
"p1","censored",87,14,"ecxwb2",0.269387450306406,0.0885502655090792,0.00819258245960039
"p1","censored",88,14,"ecxwb1",0.223421150062687,0.0110476284266906,0.00134690495171756
"p1","censored",89,13,"neclin",0.417557078710581,0.322731413061542,0.00192049035584297
"p1","censored",90,11,"neclin",0.396696968108945,0.332915802628979,0.000636732323729212
"p1","censored",91,13,"nec4param",0.490962359319152,0.490962359319152,0.0351699856588712
"p1","censored",92,13,"ecxwb1",0.249810693908463,0.0273393737436781,0.00141310356492838
"p1","censored",93,13,"neclin",0.237308258602485,0.230524581185004,0.00259813155258639
"p1","censored",94,13,"nec4param",0.81106632358544,0.81106632358544,0.0198880577388337
"p1","censored",95,13,"nec4param",0.374242771362338,0.374242771362338,0.00415594326867422
"p1","censored",96,14,"neclin",0.386001661089699,0.303111991844389,0.00319758392611469
"p1","censored",97,13,"nec4param",0.402476611094402,0.402476611094402,0.00135966173856133
"p1","censored",98,13,"ecxwb1",0.203094653217523,0.0452777818207692,0.00177304516808313
"p1","censored",99,14,"neclin",0.45362025550294,0.291299455111897,0.000855961039922325
"p1","censored",100,13,"neclin",0.540550224175245,0.228200454518926,0.000933010014491428
"p1","deleted",1,14,"ecxsigm",0.187874234998984,0.0553796354885611,0.528816914260084
"p1","deleted",2,11,"ecxsigm",0.220623002487571,0.0239702224793206,0.600959691273167
"p1","deleted",3,13,"ecxwb2p3",0.254896415545797,0.0661934329524768,0.54629961956973
"p1","deleted",4,13,"nec4param",0.29121476288892,0.29121476288892,0.231581097937187
"p1","deleted",5,11,"neclin",0.509152082762775,0.086436305622376,0.265366740433779
"p1","deleted",6,12,"ecxwb2p3",0.214865585714725,0.137526177696167,0.557716936685405
"p1","deleted",7,14,"neclin",0.181908849557481,0.0999272925363451,0.316759490967601
"p1","deleted",8,14,"ecxwb2p3",0.223693220935344,0.0140421778607211,0.370358770006234
"p1","deleted",9,12,"neclin",0.579237505970054,0.138102339035282,0.15143282584241
"p1","deleted",10,12,"neclin",0.251949804695333,0.134675133238704,0.403891088883535
"p1","deleted",11,13,"neclin",0.358979797656473,0.0711741959583121,0.25864905659232
"p1","deleted",12,13,"ecxsigm",0.184927183120395,0.0390312054978235,0.499518156265348
"p1","deleted",13,13,"ecxsigm",0.156387962061196,0.0227053011685664,0.535698515534045
"p1","deleted",14,13,"ecxsigm",0.191661883413588,0.0596159000873512,0.60619956951555
"p1","deleted",15,13,"neclin",0.373985440878704,0.0911885310156399,0.269249567351953
"p1","deleted",16,13,"neclin",0.306434917591057,0.0957403746627131,0.389378412827065
"p1","deleted",17,13,"ecxsigm",0.187121708104446,0.0396267839216105,0.579518312389557
"p1","deleted",18,13,"ecxsigm",0.196954758641202,0.0856961517711498,0.62569702987124
"p1","deleted",19,14,"neclin",0.395895273602676,0.0613494866434841,0.27503865773027
"p1","deleted",20,13,"nec3param",0.425483883503256,0.211112423289567,0.525473782773161
"p1","deleted",21,13,"neclin",0.191719132435544,0.0290962468576325,0.422355518339381
"p1","deleted",22,14,"ecxwb1p3",0.202879146579136,0.0266750510293781,0.407558081023967
"p1","deleted",23,13,"neclin",0.443183199726111,0.198639640916008,0.269108600313951
"p1","deleted",24,13,"ecxsigm",0.19915992077332,0.0499223501206347,0.56324904841507
"p1","deleted",25,13,"ecxwb1p3",0.17374525762998,0.0134313863884652,0.555110168822116
"p1","deleted",26,12,"ecxwb1",0.204584413688016,0.00862735098644449,0.174375434294603
"p1","deleted",27,12,"neclin",0.176224921807153,0.0164813796462091,0.380582672652748
"p1","deleted",28,12,"ecxsigm",0.180608849054141,0.0885032025667487,0.434492991953278
"p1","deleted",29,13,"neclin",0.37696454035748,0.183970701676338,0.322032374517489
"p1","deleted",30,13,"nec4param",0.23134699411139,0.23134699411139,0.465147375078989
"p1","deleted",31,12,"ecxsigm",0.246007609105317,0.0517834486379905,0.530755130553469
"p1","deleted",32,14,"neclin",0.289630396418967,0.100465540371541,0.403133773029324
"p1","deleted",33,13,"nec3param",0.263199654071479,0.0903592789740196,0.599441795572267
"p1","deleted",34,14,"neclin",0.495263819314051,0.18137194492177,0.206374154948574
"p1","deleted",35,11,"neclin",0.265985780280696,0.0912328356248394,0.267094263201238
"p1","deleted",36,12,"neclin",0.203903050254464,0.133063686209774,0.4002710316127
"p1","deleted",37,13,"ecxsigm",0.161307997226198,0.0466703758852856,0.52017945636288
"p1","deleted",38,13,"neclin",0.285937140778407,0.107751900484575,0.423581387879422
"p1","deleted",39,13,"nec3param",0.417242014781761,0.176525527187071,0.632097915048055
"p1","deleted",40,13,"neclin",0.172286939417888,0.0427379106555639,0.456284233142685
"p1","deleted",41,13,"ecxwb2p3",0.220593184016376,0.201969526540331,0.477614326504032
"p1","deleted",42,14,"neclin",0.388904527705917,0.0917361851658093,0.347024069139068
"p1","deleted",43,14,"ecxll3",0.192540816912366,0.0306676685173499,0.540979911031319
"p1","deleted",44,13,"nec3param",0.373130331145464,0.23298709118338,0.518637802566493
"p1","deleted",45,13,"neclin",0.284818910049413,0.205975056781126,0.430215495977328
"p1","deleted",46,14,"nec4param",0.236379628631449,0.236379628631449,0.464149364275438
"p1","deleted",47,14,"nec3param",0.157919922482107,0.055724590037681,0.521161905738493
"p1","deleted",48,13,"nec3param",0.210384030729944,0.105815938890223,0.537825536042131
"p1","deleted",49,12,"neclin",0.372967246602714,0.216148229288605,0.286392651971093
"p1","deleted",50,14,"neclin",0.206836985875696,0.172164521066104,0.407294642397706
"p1","deleted",51,13,"ecxwb1p3",0.188958012978395,0.0242731539747875,0.441726956433926
"p1","deleted",52,13,"neclin",0.451722510493987,0.11889702256385,0.293716646777208
"p1","deleted",53,13,"nec4param",0.297332135143122,0.297332135143122,0.312219158705888
"p1","deleted",54,13,"neclin",0.274531565540709,0.0734550330816948,0.504062474233362
"p1","deleted",55,14,"nec3param",0.221698967849397,0.104163279621244,0.422018134111407
"p1","deleted",56,13,"ecxsigm",0.17052176631536,0.0491525200592141,0.504013214552088
"p1","deleted",57,13,"nec3param",0.19671794502238,0.137317728889199,0.593527358357145
"p1","deleted",58,14,"ecxwb1",0.183901343771636,0.00942591540684033,0.218126216980157
"p1","deleted",59,12,"nec3param",0.291333715336558,0.220210038873537,0.506171202207241
"p1","deleted",60,14,"nec4param",0.207936456742301,0.207936456742301,0.383067811726681
"p1","deleted",61,13,"nec3param",0.376256031217837,0.161195053519796,0.605226086583671
"p1","deleted",62,13,"nec4param",0.239727897939751,0.239727897939751,0.467809204583106
"p1","deleted",63,13,"nec3param",0.194207816931538,0.139828351929064,0.555150262989777
"p1","deleted",64,14,"neclin",0.154791782441195,0.051059430614451,0.36996044683037
"p1","deleted",65,13,"ecxwb2p3",0.22605048125165,0.0235073452528906,0.500987946766705
"p1","deleted",66,12,"neclin",0.620709429780406,0.0732466301296468,0.107689176206109
"p1","deleted",67,14,"ecxwb2p3",0.158260294568606,0.0864912160233222,0.533673281168004
"p1","deleted",68,14,"ecxwb2p3",0.169888235070838,0.0636291336748698,0.520177892876892
"p1","deleted",69,13,"neclin",0.163869109731615,0.0264623195746899,0.393660352641472
"p1","deleted",70,14,"neclin",0.193714974194622,0.0585653222042485,0.508865877643859
"p1","deleted",71,14,"neclin",0.350081275557425,0.166868286937785,0.332871910149132
"p1","deleted",72,10,"ecxlin",0.227881027972265,0.0470585499818339,0.32254345541645
"p1","deleted",73,12,"ecxsigm",0.233277396073238,0.0263696632983255,0.604536736870132
"p1","deleted",74,14,"nec3param",0.524897033913403,0.1489873390748,0.681775161049025
"p1","deleted",75,13,"neclin",0.237516104243333,0.104894670608927,0.448870533669018
"p1","deleted",76,12,"ecxwb1p3",0.238172522581204,0.00339932380080667,0.677974079693691
"p1","deleted",77,12,"nec3param",0.414660545814908,0.317807120038438,0.492450153962648
"p1","deleted",78,13,"neclin",0.245428179392605,0.0309956431865706,0.447379455192677
"p1","deleted",79,14,"ecxsigm",0.16774244802531,0.100492318403182,0.547554186366901
"p1","deleted",80,13,"ecxsigm",0.189429874040267,0.0679738037119035,0.554974761635305
"p1","deleted",81,14,"ecxwb2p3",0.174341643064844,0.136550685495391,0.472303414145946
"p1","deleted",82,13,"neclin",0.657413080899175,0.175914305137026,0.0705081615153807
"p1","deleted",83,13,"neclin",0.365615389042709,0.162783915841041,0.361474427786952
"p1","deleted",84,14,"nec3param",0.352109474538477,0.215778462282728,0.491648770947668
"p1","deleted",85,13,"neclin",0.341599926649158,0.230863471226572,0.333433500108387
"p1","deleted",86,13,"neclin",0.390098990118935,0.150074653145571,0.333051823680425
"p1","deleted",87,13,"ecxsigm",0.20336800592606,0.0119575009468514,0.611707885398679
"p1","deleted",88,13,"ecxwb1p3",0.206176287164249,0.00443183034450686,0.286067265178651
"p1","deleted",89,14,"neclin",0.358590725303325,0.120588934296734,0.345238338879787
"p1","deleted",90,14,"neclin",0.279507603260286,0.176432048847709,0.347671776463566
"p1","deleted",91,13,"ecxwb2p3",0.281600810011708,0.0808594103860736,0.649097807950716
"p1","deleted",92,14,"neclin",0.165647218119508,0.0201497936657363,0.300040369608068
"p1","deleted",93,11,"neclin",0.17401563452552,0.118028641218127,0.510320912647577
"p1","deleted",94,13,"nec3param",0.409892768491803,0.223696508238892,0.64463271134255
"p1","deleted",95,12,"neclin",0.187957684171345,0.133328211073654,0.490444737138721
"p1","deleted",96,13,"neclin",0.292627014960538,0.144514944865576,0.38491942382717
"p1","deleted",97,14,"nec4param",0.227434711364351,0.227434711364351,0.379001152707146
"p1","deleted",98,14,"ecxwb1p3",0.167520941387969,0.0116233506607776,0.277800603219647
"p1","deleted",99,13,"neclin",0.425007550119249,0.21315182042386,0.291366476207536
"p1","deleted",100,14,"neclin",0.480567399446135,0.0974265497433812,0.252751959322923
"p1","floored",1,13,"ecxsigm",0.230826991781635,0.00924531800342003,0.665107814784797
"p1","floored",2,14,"ecxsigm",0.215659537594725,0.00419738789514079,0.651295699488867
"p1","floored",3,11,"ecxwb2p3",0.357149676266494,0.0467708179653666,0.729405086167427
"p1","floored",4,11,"ecxsigm",0.288504740451547,0.226041791384273,0.60109219282499
"p1","floored",5,12,"ecxsigm",0.40923604614602,0.00653068004713761,0.592135907850148
"p1","floored",6,11,"ecxwb2p3",0.304099257692011,0.1138248662717,0.65515587073154
"p1","floored",7,14,"ecxwb1p3",0.236688945812053,0.0174139031639879,0.600391774024467
"p1","floored",8,13,"ecxwb2p3",0.423750604793056,0.00723459969476279,0.69257355172066
"p1","floored",9,14,"ecxsigm",0.258626776111389,0.0584657970005734,0.67839050401901
"p1","floored",10,13,"ecxsigm",0.243404099446647,0.0942905805748598,0.677391269780514
"p1","floored",11,13,"ecxwb1p3",0.338827847364592,0.00718230048109224,0.684218388668087
"p1","floored",12,13,"ecxsigm",0.22438070416703,0.00657996949503021,0.694166916857917
"p1","floored",13,13,"ecxll3",0.219642743749269,0.00471012420562817,0.662868008809748
"p1","floored",14,14,"ecxsigm",0.19350091515021,0.0131007770752759,0.627227365882617
"p1","floored",15,13,"ecxwb1p3",0.303877323922545,0.0211653258180446,0.654400393026714
"p1","floored",16,13,"ecxsigm",0.227180335749812,0.0161191943463085,0.68237335424866
"p1","floored",17,13,"ecxsigm",0.199140406737954,0.00390278478514699,0.633288661234692
"p1","floored",18,13,"ecxsigm",0.253848175446517,0.0291793116678114,0.684072318197431
"p1","floored",19,13,"ecxwb1p3",0.242853194000098,0.0114183076844988,0.658657862466256
"p1","floored",20,14,"nec4param",0.287568807715206,0.287568807715206,0.508048057855258
"p1","floored",21,13,"ecxwb1p3",0.406878108539839,0.000305516352665954,0.654207529758885
"p1","floored",22,12,"ecxwb1",0.396906113026941,4.37126456176185e-05,0.180044057027083
"p1","floored",23,13,"ecxsigm",0.297635927261846,0.0696051351951734,0.712425128962031
"p1","floored",24,13,"ecxsigm",0.271414211552431,0.0049868006922203,0.684388032171002
"p1","floored",25,13,"ecxwb1p3",0.205404623266098,0.00501414257794596,0.652677673782635
"p1","floored",26,10,"ecxwb1",0.439898934837619,0.00081944642273565,0.326924758846761
"p1","floored",27,14,"ecxll3",0.221721841741834,0.000180460758532747,0.582770747396344
"p1","floored",28,12,"ecxwb1p3",0.218107435778639,0.00538056381140076,0.528994435112701
"p1","floored",29,13,"ecxsigm",0.25549020076131,0.0280864051495758,0.686363334818433
"p1","floored",30,13,"ecxsigm",0.231687981318366,0.0829600174647531,0.674593075198931
"p1","floored",31,13,"ecxsigm",0.274737803852213,0.00539782048981723,0.557887177441551
"p1","floored",32,11,"ecxsigm",0.452220946683965,0.015600905922962,0.752739331064159
"p1","floored",33,13,"nec3param",0.262112612266182,0.152516498307181,0.642552825647987
"p1","floored",34,13,"ecxsigm",0.279670433349261,0.151710245914239,0.647295561229204
"p1","floored",35,12,"ecxsigm",0.248462723691012,0.0239090586094996,0.601473331504888
"p1","floored",36,12,"ecxsigm",0.293662831834463,0.0452714894619617,0.664460332090304
"p1","floored",37,14,"ecxwb1p3",0.23838667714281,0.00824855896584126,0.641299488361459
"p1","floored",38,13,"ecxsigm",0.226765876445339,0.0055953318955716,0.544114559546868
"p1","floored",39,13,"nec3param",0.242952876801408,0.224288642390619,0.608991070891196
"p1","floored",40,12,"ecxsigm",0.263502390855556,0.0105429673799121,0.596087999462743
"p1","floored",41,13,"ecxwb2p3",0.369447852309734,0.0469905652694894,0.65870494436616
"p1","floored",42,11,"ecxsigm",0.368919513754181,0.0244304356342081,0.569415638191967
"p1","floored",43,13,"ecxll3",0.192544764610975,0.00692684541954269,0.623470846957395
"p1","floored",44,11,"nec4param",0.289275432077698,0.289275432077698,0.590566761612283
"p1","floored",45,13,"ecxsigm",0.307831153386515,0.155902083711775,0.689763534615925
"p1","floored",46,14,"ecxsigm",0.188092131978884,0.136798350840884,0.616977851817671
"p1","floored",47,14,"ecxsigm",0.200501631941958,0.0701613807787905,0.654396685798906
"p1","floored",48,14,"ecxsigm",0.219533379363833,0.105850307347126,0.636624166411275
"p1","floored",49,12,"ecxsigm",0.33245972584364,0.0471188408134801,0.653354603739673
"p1","floored",50,13,"ecxsigm",0.306252641519683,0.117110101216017,0.659729772963363
"p1","floored",51,14,"ecxwb1p3",0.2779560264614,0.00128325941891867,0.58256333310714
"p1","floored",52,13,"ecxsigm",0.422173675723651,0.0102562251783788,0.68757232594038
"p1","floored",53,13,"ecxwb2p3",0.308359244266815,0.0917445781312902,0.589602460905663
"p1","floored",54,14,"ecxsigm",0.283358887415949,0.0273750618955496,0.690947250130099
"p1","floored",55,12,"nec3param",0.29574868315916,0.164457897184396,0.567620946876407
"p1","floored",56,13,"ecxsigm",0.236054571703361,0.0182911025518514,0.666772820169219
"p1","floored",57,14,"ecxwb2p3",0.220450603340002,0.117490285297012,0.63817138222684
"p1","floored",58,14,"ecxwb1p3",0.401462143282108,0.00101445494359806,0.551275430143053
"p1","floored",59,11,"nec4param",0.256115122018238,0.256115122018238,0.533223990233138
"p1","floored",60,13,"ecxwb2p3",0.226683763568994,0.142954983192671,0.649342920773835
"p1","floored",61,13,"nec3param",0.285789931002785,0.234608375215538,0.645819684325206
"p1","floored",62,14,"nec3param",0.207125504501791,0.171728768178472,0.575640689564974
"p1","floored",63,13,"ecxsigm",0.178172490315969,0.140799675564987,0.648557153143943
"p1","floored",64,13,"ecxwb1p3",0.297649389506421,0.0143563207692115,0.654054717535033
"p1","floored",65,14,"ecxll3",0.213341655012811,0.0021734726897208,0.621612855571144
"p1","floored",66,13,"ecxwb1p3",0.31221283030134,0.0137385363444638,0.591619530936603
"p1","floored",67,14,"ecxsigm",0.200994389727467,0.0701258912360577,0.631609645345813
"p1","floored",68,14,"ecxsigm",0.223231102807313,0.012181885838216,0.649805412448797
"p1","floored",69,13,"ecxwb1p3",0.244908029776915,0.00583399293658579,0.660016934592901
"p1","floored",70,14,"ecxsigm",0.201055978336459,0.0102714288040356,0.624132034764932
"p1","floored",71,9,"ecxsigm",0.460787317808982,0.0689626913587845,0.683687060245355
"p1","floored",72,13,"ecxwb1p3",0.174596621349766,0.0329886539363211,0.67670152572065
"p1","floored",73,12,"ecxsigm",0.254360482866209,0.0290465270545765,0.540628228553482
"p1","floored",74,13,"nec4param",0.360078042736713,0.360078042736713,0.567592919408372
"p1","floored",75,13,"ecxsigm",0.298154224821897,0.020956987373869,0.694894200142528
"p1","floored",76,13,"ecxwb1p3",0.332079278666701,0.000630893570690418,0.622219673048885
"p1","floored",77,10,"nec4param",0.37297878096477,0.37297878096477,0.57017760190195
"p1","floored",78,13,"ecxsigm",0.258837286868131,0.00815201467095514,0.675172790704436
"p1","floored",79,14,"ecxsigm",0.220933794789087,0.0373597178694928,0.646591808279044
"p1","floored",80,13,"ecxsigm",0.211930344732205,0.00102212429302038,0.632080371983164
"p1","floored",81,13,"ecxwb2p3",0.256075521467093,0.0377905482407841,0.688961365378451
"p1","floored",82,14,"ecxsigm",0.338744789591628,0.0660687162537003,0.694321649400307
"p1","floored",83,14,"ecxsigm",0.305405153797585,0.0550323906561046,0.693056231307654
"p1","floored",84,14,"nec4param",0.246035883723941,0.246035883723941,0.504282022964814
"p1","floored",85,14,"ecxsigm",0.233701951379503,0.0842831766524589,0.62993665320707
"p1","floored",86,13,"ecxsigm",0.285794789131876,0.0450715336795898,0.683911107349511
"p1","floored",87,14,"ecxsigm",0.223883557511061,0.00936141403952757,0.655304957476954
"p1","floored",88,14,"ecxwb1p3",0.442491052761951,6.63189629995155e-06,0.567820700276571
"p1","floored",89,13,"ecxsigm",0.35328047738332,0.0374915595178594,0.664138287818554
"p1","floored",90,11,"ecxsigm",0.361764873340856,0.0537052486351981,0.538111230807804
"p1","floored",91,13,"ecxwb2p3",0.311816330464306,0.0527810204302842,0.715090151684205
"p1","floored",92,13,"ecxwb1p3",0.421419403241549,0.000875583138900418,0.65070630954768
"p1","floored",93,13,"ecxll3",0.187632131495332,0.0379788254166568,0.655233357314081
"p1","floored",94,13,"nec3param",0.377614364432378,0.23919681911399,0.626563509046825
"p1","floored",95,13,"ecxsigm",0.26017260607452,0.0803270496978664,0.690604329251141
"p1","floored",96,14,"ecxsigm",0.206327703526005,0.0427546532221474,0.661961315510664
"p1","floored",97,13,"ecxsigm",0.227346469238469,0.0924983277644567,0.644860887927708
"p1","floored",98,13,"ecxwb1p3",0.455795417814392,8.45058757970851e-05,0.661195567525551
"p1","floored",99,14,"ecxsigm",0.271524506467408,0.0891715987450529,0.66325300966595
"p1","floored",100,13,"ecxsigm",0.370173752881536,0.0287482351336673,0.668754625562213
"p1","gamma",1,11,"ecxwb1",0.870931858880853,0.0718168314764843,0.0177899967178485
"p1","gamma",2,12,"ecxwb1",0.747472863409466,0.0381596882700268,0.00492651305622353
"p1","gamma",3,11,"ecxwb1",0.923070404813564,7.94720122274374e-09,0.0152975906106706
"p1","gamma",4,11,"ecxwb1",0.966311858640987,2.44367224144834e-11,0.0260029428325609
"p1","gamma",5,11,"ecxwb1",0.740486204335251,0.0165701018492696,0.0312582589857196
"p1","gamma",6,11,"ecxwb1",0.960621553892181,1.20555823421201e-10,0.0346352662842441
"p1","gamma",7,11,"ecxwb1",0.781161191527255,0.020378415415283,0.00267890356974047
"p1","gamma",8,12,"ecxwb1",0.680819289143198,1.55670718948638e-13,2.49914810851499e-08
"p1","gamma",9,11,"ecxwb1",0.827321202378026,0.0460082350292503,0.0570341418624291
"p1","gamma",10,12,"ecxwb1",0.398875962687732,0.0128864282804728,0.0849313768175444
"p1","gamma",11,11,"ecxwb1",0.636217534306291,0.000292998096850819,0.0581249839677475
"p1","gamma",12,11,"ecxwb1",0.977494346247285,0.0177400132935179,0.00100375618127731
"p1","gamma",13,12,"ecxwb1",0.545379059663278,0.0375528258192931,0.0150736373844667
"p1","gamma",14,11,"ecxwb1",0.999984417949979,1.59282739184091e-15,1.51887036685734e-06
"p1","gamma",15,11,"ecxwb1",0.63686510341179,0.0171961302619152,0.0988245899164417
"p1","gamma",16,9,"ecx4param",0.954254830146295,0.00596276191670895,0.0188877545391673
"p1","gamma",17,11,"ecxwb1",0.537789359807606,0.0263145213393482,0.0768151080170501
"p1","gamma",18,12,"ecxwb1",0.783651098326434,0.0561791638726322,0.0323486560468455
"p1","gamma",19,12,"ecxwb1",0.594064110559688,0.000361006327321661,0.0560727093575779
"p1","gamma",20,11,"ecxwb1",0.77845679313507,0.0835278090738278,0.0957345384090668
"p1","gamma",21,11,"ecxll4",0.287318388481567,0.0285167678887521,0.0847399979427985
"p1","gamma",22,12,"ecxll5",0.328265865781801,0.137234648287035,0.0570898056960307
"p1","gamma",23,11,"ecxwb1",0.861923578297443,6.86388640022506e-07,0.00633992312944061
"p1","gamma",24,12,"ecxwb1",0.690134423770066,9.79511026453152e-06,2.21947425759179e-13
"p1","gamma",25,11,"ecxwb1",0.824728244265805,0.0752015541665519,0.0210318198676814
"p1","gamma",26,12,"ecxwb1",0.5641432030305,0.000261954969627382,2.34642682701713e-12
"p1","gamma",27,11,"ecxwb1",0.934863076623989,1.35889800149939e-09,0.000300561196201447
"p1","gamma",28,12,"ecxwb1",0.446521953943875,0.110280584952377,0.0285612284907726
"p1","gamma",29,11,"ecxwb1",0.580625913298657,0.137458429655998,0.0299626408742187
"p1","gamma",30,11,"ecxwb1",0.702652625226222,0.000288698640854993,0.0762741837550848
"p1","gamma",31,10,"ecxwb1",0.902079500218248,1.54933317590587e-08,0.0396447057814302
"p1","gamma",32,11,"ecxwb1",0.95434097360944,0.0055984515704656,1.71002301160488e-07
"p1","gamma",33,11,"ecxwb1",0.611283787072587,0.0545039262258812,0.0712591066760471
"p1","gamma",34,11,"ecxwb1",0.914816928072812,0.0204860372036095,0.00141881233284817
"p1","gamma",35,11,"ecxwb1",0.972727628742468,2.09758779901805e-09,1.1986831013375e-18
"p1","gamma",36,11,"ecxwb1",0.991647288673918,0.00105034643411221,3.62882723202648e-07
"p1","gamma",37,12,"ecxwb1",0.41823996900632,0.104976385751477,0.0753329231325867
"p1","gamma",38,11,"ecxwb1",0.544340301622637,0.0955686364139722,0.121243798583599
"p1","gamma",39,11,"ecxwb1",0.807410074772527,0.00171908273031963,0.0886952106252705
"p1","gamma",40,11,"ecxwb1",0.996943998965306,3.55860179565022e-11,3.19514217847374e-21
"p1","gamma",41,11,"ecxwb1",0.662390168992571,0.000156936993091514,0.066529226981184
"p1","gamma",42,10,"ecxwb1",0.825004714563692,0.0462106603530355,0.023572904210833
"p1","gamma",43,11,"ecxwb1",0.95736203171089,0.0307743567881411,0.00293273009521625
"p1","gamma",44,11,"ecxwb1",0.961380977084246,0.0334211018008874,0.00135644526248546
"p1","gamma",45,11,"ecxwb1",0.958477926786459,0.00288045372463705,0.000221372246130017
"p1","gamma",46,11,"ecxwb1",0.740898444178249,0.0174989540148895,0.0810465459411537
"p1","gamma",47,11,"ecxwb1",0.999996666984705,3.21729684894173e-06,1.20209345558046e-14
"p1","gamma",48,11,"ecxwb1",0.981520905476101,0.0183835048011386,1.84512919833396e-08
"p1","gamma",49,11,"ecxwb1",0.789524297683182,0.02963801443795,0.100117428644136
"p1","gamma",50,11,"ecxwb1",0.976323054587876,0.0159695329472275,8.30620218840193e-07
"p1","gamma",51,10,"ecxwb1",0.74951142536917,0.0227315888581134,0.0670937596620301
"p1","gamma",52,11,"ecxwb1",0.993734120407437,2.67691787465704e-06,1.11726242478857e-15
"p1","gamma",53,12,"ecxwb1",0.627078325227538,8.46717929139012e-05,0.000999848907129305
"p1","gamma",54,11,"ecxwb1",0.872754026130857,0.0700438021217583,0.0273832359499674
"p1","gamma",55,11,"ecxwb1",0.967527362616767,2.08117477761032e-13,0.0316556707342298
"p1","gamma",56,12,"ecxll5",0.477174559970026,0.01582770068146,0.0589631348160502
"p1","gamma",57,11,"ecxwb1",0.990307871085606,3.07500536728384e-11,0.00100300498269127
"p1","gamma",58,9,"nec4param",0.418713130555989,0.418713130555989,0.0185797803458865
"p1","gamma",59,11,"ecxwb1",0.945479436363016,0.0506992268423193,0.0038162464996885
"p1","gamma",60,12,"ecxll5",0.39702132084935,0.187975578347087,0.0453901760995132
"p1","gamma",61,11,"ecxwb1",0.992204272599355,0.00430889484154568,0.00123389524425651
"p1","gamma",62,11,"ecxwb1",0.997358033588848,4.5107220338486e-12,3.73594580496988e-19
"p1","gamma",63,12,"ecxwb1",0.694201293583486,0.0551929588973644,0.0152289182241336
"p1","gamma",64,12,"ecxll5",0.571256326775414,0.00294807236639677,0.000152301518479603
"p1","gamma",65,11,"ecxwb1",0.499915145156844,0.109711424327057,0.0609256050731253
"p1","gamma",66,11,"ecxwb1",0.488381140958161,0.0099654436732342,0.0858264614296977
"p1","gamma",67,12,"ecxwb1",0.758889827959707,1.06446482480564e-14,0.00737438707370688
"p1","gamma",68,11,"ecxwb1",0.625761074470463,0.0865819989864108,0.0495693648966057
"p1","gamma",69,12,"ecxwb1",0.607445635414067,3.03586970549329e-06,9.20337001437347e-14
"p1","gamma",70,11,"ecxwb1",0.76026921238549,0.0733286461158241,0.103277009364016
"p1","gamma",71,10,"ecxwb1",0.940149405794957,0.0413526066326035,0.00478586659067213
"p1","gamma",72,11,"ecxwb1",0.963557153032097,0.0220213998835423,0.0020341090521882
"p1","gamma",73,11,"ecxwb1",0.544853691464126,0.0583874433708927,0.110018129568346
"p1","gamma",74,10,"ecxll5",0.734143467519395,0.116571262394858,0.0370274506425823
"p1","gamma",75,12,"ecxwb1",0.61063574923877,0.0549785880362971,0.0288990567713677
"p1","gamma",76,11,"ecxwb1",0.533567567370294,0.0304497582613702,0.0773177606534819
"p1","gamma",77,12,"ecxwb1",0.747038047304196,3.36209359034057e-15,0.00087032868595757
"p1","gamma",78,11,"ecxwb1",0.830661717804443,0.0430216854505424,0.00453828247702305
"p1","gamma",79,11,"ecxwb1",0.976016335910909,0.00298442283028469,2.5087216138287e-06
"p1","gamma",80,11,"ecxwb1",0.582476851994299,0.0565061659517715,0.0583792558642426
"p1","gamma",81,10,"ecxll4",0.438948844083273,0.176455932223534,1.13663137826738e-05
"p1","gamma",82,11,"ecxwb1",0.823606688398092,0.0264208541469709,3.41230243730318e-07
"p1","gamma",83,11,"ecxwb1",0.894281794012129,0.0259120678715209,0.00280795583822039
"p1","gamma",84,11,"ecxwb1",0.999960095420507,3.69464727419003e-16,1.19536404146424e-10
"p1","gamma",85,12,"ecxwb1",0.602398723095198,0.0849801102259991,0.00831752079565895
"p1","gamma",86,12,"ecxwb1",0.588957874688278,0.000249858642796366,0.0714773152899485
"p1","gamma",87,11,"ecxwb1",0.781270692263624,1.21743099107606e-08,0.0173591445388412
"p1","gamma",88,11,"ecxwb1",0.692943738069738,0.0815859346888442,0.0708917414115133
"p1","gamma",89,12,"ecxll5",0.498334119570885,0.0147115991897757,0.0196554643483411
"p1","gamma",90,9,"ecx4param",0.852688584836305,0.00296146556959465,0.0819808722605148
"p1","gamma",91,10,"ecxwb1",0.768688526640454,0.0365796422843439,0.118576090371234
"p1","gamma",92,11,"ecxwb1",0.620466968575296,0.0295849407059875,0.0952117726606406
"p1","gamma",93,11,"ecxwb1",0.999986076103674,5.48034710919019e-08,5.64595102970918e-09
"p1","gamma",94,11,"ecxwb1",0.845910112980041,0.0270981770556589,0.0284950699768246
"p1","gamma",95,11,"ecxwb1",0.992577438740322,0.000154933024951976,2.04508499177103e-09
"p1","gamma",96,11,"ecxwb1",0.965694957393352,8.82551748640769e-08,2.8894023944728e-28
"p1","gamma",97,11,"ecxwb1",0.701050396295087,2.70308736277509e-05,0.0671356050114842
"p1","gamma",98,12,"ecxwb1",0.550056339429463,0.00318790715613301,1.30784794417412e-25
"p1","gamma",99,11,"ecxwb1",0.577854234672225,0.109436044055245,0.0940464834471148
"p1","gamma",100,11,"ecxwb1",0.998781092526761,1.57336737899204e-13,1.22228858955942e-25
"p1","measured",1,14,"nec4param",0.449255286929857,0.449255286929857,1.76154230039128e-19
"p1","measured",2,12,"ecxll5",0.265552863148062,0.207280199326874,1.69430018684093e-24
"p1","measured",3,13,"nec4param",0.862122477244089,0.862122477244089,2.90926252687696e-21
"p1","measured",4,13,"nec4param",0.645279267861938,0.645279267861938,1.59264629203116e-24
"p1","measured",5,12,"nec4param",0.449224521597886,0.449224521597886,2.63857375248133e-30
"p1","measured",6,13,"nec4param",0.853612988893191,0.853612988893191,1.83883286012986e-21
"p1","measured",7,14,"nec4param",0.34557649894805,0.34557649894805,6.58798357115346e-23
"p1","measured",8,13,"nec4param",0.958529139105252,0.958529139105252,1.75058728701714e-18
"p1","measured",9,13,"nec4param",0.671501546463673,0.671501546463673,2.29544642948429e-23
"p1","measured",10,13,"nec4param",0.404688780894546,0.404688780894546,1.69226751581816e-16
"p1","measured",11,14,"nec4param",0.545355273635828,0.545355273635828,2.40295599459449e-19
"p1","measured",12,13,"ecxwb1",0.161558275526896,0.127134048191437,6.51419047538593e-26
"p1","measured",13,13,"nec4param",0.23976009716432,0.23976009716432,4.14588620897194e-25
"p1","measured",14,13,"nec4param",0.336366262228015,0.336366262228015,3.20256918433869e-25
"p1","measured",15,13,"nec4param",0.511267549265114,0.511267549265114,1.01344731092518e-18
"p1","measured",16,13,"nec4param",0.646707129202006,0.646707129202006,8.83180851993147e-19
"p1","measured",17,12,"nec4param",0.566481487439581,0.566481487439581,1.54496860242444e-24
"p1","measured",18,13,"nec4param",0.641982546895574,0.641982546895574,1.48527218066508e-26
"p1","measured",19,13,"nec4param",0.629551636030038,0.629551636030038,3.29225029926475e-22
"p1","measured",20,14,"nec4param",0.616366923809497,0.616366923809497,3.02084930431099e-24
"p1","measured",21,12,"nec4param",0.522721591302236,0.522721591302236,1.39473879025909e-16
"p1","measured",22,12,"nec4param",0.499342388898446,0.499342388898446,3.01283781441463e-26
"p1","measured",23,13,"nec4param",0.940682181071367,0.940682181071367,1.77092824117397e-19
"p1","measured",24,13,"nec4param",0.431245082957551,0.431245082957551,3.66245960699408e-23
"p1","measured",25,13,"nec4param",0.298667205080182,0.298667205080182,1.07954325534902e-21
"p1","measured",26,12,"neclin",0.267759870373731,0.179254604337237,1.99266086343148e-22
"p1","measured",27,13,"nec4param",0.400150168600723,0.400150168600723,6.77235596282252e-22
"p1","measured",28,12,"nec4param",0.463789422356488,0.463789422356488,4.41599256132983e-22
"p1","measured",29,11,"nec4param",0.697953295904248,0.697953295904248,1.41097682929572e-22
"p1","measured",30,13,"nec4param",0.812916520499704,0.812916520499704,6.10903991358635e-17
"p1","measured",31,13,"nec4param",0.479624300805892,0.479624300805892,8.39068668633428e-26
"p1","measured",32,12,"nec4param",0.389253792790231,0.389253792790231,5.16916889126577e-26
"p1","measured",33,13,"nec4param",0.665254728102026,0.665254728102026,5.68269813551737e-23
"p1","measured",34,13,"nec4param",0.533916405902708,0.533916405902708,4.19943496306103e-15
"p1","measured",35,12,"nec4param",0.405198935085956,0.405198935085956,1.23451079904786e-17
"p1","measured",36,13,"nec4param",0.450459672681948,0.450459672681948,2.51374415055782e-24
"p1","measured",37,12,"nec4param",0.694626965325523,0.694626965325523,7.09016633040153e-21
"p1","measured",38,12,"nec4param",0.786267105165533,0.786267105165533,5.67924186393905e-19
"p1","measured",39,13,"nec4param",0.873761496932505,0.873761496932505,4.2000805910408e-23
"p1","measured",40,12,"nec4param",0.252013256575483,0.252013256575483,9.90397521916976e-24
"p1","measured",41,13,"nec4param",0.90592250531477,0.90592250531477,5.64762658193201e-29
"p1","measured",42,12,"neclin",0.473416808385798,0.344623404026091,1.70599446799397e-22
"p1","measured",43,14,"nec4param",0.316803472188416,0.316803472188416,3.67773399569382e-21
"p1","measured",44,12,"nec4param",0.819001215891843,0.819001215891843,1.80745733164962e-23
"p1","measured",45,14,"nec4param",0.539204083325833,0.539204083325833,3.27601903210475e-19
"p1","measured",46,14,"nec4param",0.686803009117233,0.686803009117233,5.48800989922774e-22
"p1","measured",47,13,"neclin",0.289636341945775,0.0810104980880434,4.8276106298417e-25
"p1","measured",48,13,"nec4param",0.330004506070917,0.330004506070917,1.57453264791775e-26
"p1","measured",49,12,"neclin",0.475666245472326,0.370747078557523,4.10631387942937e-26
"p1","measured",50,13,"neclin",0.566968631316031,0.187908305910566,2.86511997512929e-23
"p1","measured",51,14,"nec4param",0.404543673924547,0.404543673924547,7.55866481346374e-27
"p1","measured",52,13,"nec4param",0.38495286339442,0.38495286339442,1.52682434427386e-26
"p1","measured",53,13,"nec4param",0.683376141063731,0.683376141063731,2.15535558406495e-26
"p1","measured",54,13,"neclin",0.589223672744118,0.375075035130472,2.46560531732714e-19
"p1","measured",55,14,"nec4param",0.606514529882754,0.606514529882754,3.2123813993412e-18
"p1","measured",56,13,"nec4param",0.30606390152197,0.30606390152197,4.40137023545671e-23
"p1","measured",57,14,"nec4param",0.592875791526983,0.592875791526983,2.40880277196755e-25
"p1","measured",58,13,"ecxwb2",0.186518536423296,0.0967959653087486,7.72221608094072e-26
"p1","measured",59,13,"nec4param",0.561658999869759,0.561658999869759,9.28320595318894e-23
"p1","measured",60,14,"nec4param",0.554068957962656,0.554068957962656,1.59535464633643e-19
"p1","measured",61,13,"nec4param",0.583489271997286,0.583489271997286,4.54901319994443e-22
"p1","measured",62,14,"nec4param",0.525012142985509,0.525012142985509,2.00461657372039e-16
"p1","measured",63,13,"nec4param",0.574845189132335,0.574845189132335,6.65260529190248e-23
"p1","measured",64,14,"nec4param",0.255214140679223,0.255214140679223,9.33225561933385e-19
"p1","measured",65,14,"ecxll5",0.443575026241973,0.420091542729365,1.89290174416058e-19
"p1","measured",66,13,"nec4param",0.357851716349912,0.357851716349912,2.70558203615513e-20
"p1","measured",67,14,"nec4param",0.311203439252402,0.311203439252402,3.59938142172028e-21
"p1","measured",68,14,"nec4param",0.515132117001966,0.515132117001966,1.29513477933659e-21
"p1","measured",69,13,"ecx4param",0.210118286415631,0.104175930840964,1.77433445457883e-18
"p1","measured",70,14,"nec4param",0.532161942161744,0.532161942161744,1.5571963945361e-17
"p1","measured",71,9,"neclin",0.543105773297406,0.312494546730978,8.95667412538255e-25
"p1","measured",72,12,"ecxlin",0.457548744032235,0.0448633113098149,2.41340671989701e-20
"p1","measured",73,12,"nec4param",0.524326768438276,0.524326768438276,2.62114995287621e-22
"p1","measured",74,14,"neclin",0.495663330482693,0.370781772937459,4.1039132536863e-24
"p1","measured",75,14,"nec4param",0.536894975397171,0.536894975397171,1.60203446221195e-19
"p1","measured",76,13,"nec4param",0.526058642794583,0.526058642794583,3.38509060195439e-21
"p1","measured",77,11,"nec4param",0.821102345431631,0.821102345431631,1.49843845401343e-18
"p1","measured",78,13,"nec4param",0.545439265926546,0.545439265926546,1.27389219938655e-21
"p1","measured",79,14,"nec4param",0.364690159063986,0.364690159063986,4.89196566414627e-28
"p1","measured",80,13,"nec4param",0.53298415566392,0.53298415566392,9.65927421641713e-17
"p1","measured",81,14,"nec4param",0.615934101128652,0.615934101128652,1.43523596065961e-22
"p1","measured",82,12,"nec4param",0.615980159416604,0.615980159416604,9.23249237767251e-19
"p1","measured",83,12,"nec4param",0.603953875611033,0.603953875611033,2.6412738423047e-22
"p1","measured",84,14,"nec4param",0.554940304195166,0.554940304195166,1.17751056604345e-19
"p1","measured",85,12,"nec4param",0.853134266349112,0.853134266349112,4.86661400834589e-25
"p1","measured",86,12,"nec4param",0.714726305794515,0.714726305794515,3.64427585316132e-21
"p1","measured",87,14,"ecxll5",0.530747173767108,0.237717057791809,3.05847060563322e-17
"p1","measured",88,13,"nec4param",0.333121741084876,0.333121741084876,5.04360662816276e-28
"p1","measured",89,14,"nec4param",0.597627547081156,0.597627547081156,9.16362616989939e-23
"p1","measured",90,11,"nec4param",0.805110468736211,0.805110468736211,7.97968654401954e-24
"p1","measured",91,14,"nec4param",0.516794682985806,0.516794682985806,3.70995804327e-17
"p1","measured",92,14,"ecxll5",0.218294907628502,0.0704165695821401,1.4880807460415e-22
"p1","measured",93,13,"neclin",0.228307941690286,0.225364182309644,2.95820333287052e-21
"p1","measured",94,13,"nec4param",0.869988136758613,0.869988136758613,3.07336091937373e-22
"p1","measured",95,13,"nec4param",0.406070393606936,0.406070393606936,1.85449950186655e-22
"p1","measured",96,14,"nec4param",0.681403862243308,0.681403862243308,2.03893494805564e-18
"p1","measured",97,11,"nec4param",0.791128214607689,0.791128214607689,2.03983769331302e-22
"p1","measured",98,12,"nec4param",0.432861704860612,0.432861704860612,1.40466535092355e-26
"p1","measured",99,12,"nec4param",0.863320196789442,0.863320196789442,7.31773505492976e-17
"p1","measured",100,13,"neclin",0.505238661926677,0.39456165746483,4.13275635379143e-22
"p2","beta",1,11,"ecxwb2",0.593057105492288,0.0186236979616318,0.0217931675565833
"p2","beta",2,9,"ecx4param",0.922136673596572,0.000312745849209756,0.0281467514639919
"p2","beta",3,11,"ecxwb1",0.527502738718645,0.000354472088646142,0.0330142926235676
"p2","beta",4,11,"ecx4param",0.400507100707122,0.00230071331307336,0.0152107455430969
"p2","beta",5,11,"ecxll4",0.40207754414543,0.0032000864810999,0.0771251093634398
"p2","beta",6,11,"ecx4param",0.39224125001163,0.000203271362487374,0.0475367160622909
"p2","beta",7,11,"ecxll4",0.342072471152084,0.0174825079216862,0.0366493084495628
"p2","beta",8,10,"ecxwb1",0.313887147949363,0.0806693578473766,0.0334312995249217
"p2","beta",9,11,"ecxwb2",0.411037079769459,0.0213250544353794,0.0252771295074075
"p2","beta",10,11,"ecxll4",0.438258806980894,0.000668613747065588,0.0235702029855013
"p2","beta",11,11,"ecxwb2",0.325869490782663,0.0253360393632806,0.0382193929477107
"p2","beta",12,9,"ecx4param",0.851272824912277,0.000276242319589423,0.0392448734515476
"p2","beta",13,11,"ecxwb2",0.530958423005718,0.0869207009957501,0.115535552848122
"p2","beta",14,10,"ecx4param",0.556504868707746,0.000392370160972598,0.0845605183665997
"p2","beta",15,11,"ecx4param",0.392932032904259,0.0010524263295914,0.0116277690527921
"p2","beta",16,9,"ecx4param",0.737935646177086,0.00211329353454362,0.0176949748977051
"p2","beta",17,11,"ecxll4",0.339511876792628,0.0109152952971592,0.0180526124561786
"p2","beta",18,11,"ecxll4",0.339674359716261,0.00420279904948441,0.0441176439713435
"p2","beta",19,11,"ecx4param",0.36756030381207,0.0707542487570819,0.0852965665221356
"p2","beta",20,11,"ecx4param",0.373871846417367,0.000559518455113664,0.00987381535222057
"p2","beta",21,11,"ecxwb2",0.587338552273504,0.0521925360740572,0.0804557679723156
"p2","beta",22,9,"ecx4param",0.513852454126947,0.0233575497289086,0.0558938219575327
"p2","beta",23,11,"ecxll4",0.343709229817451,0.00642308253605884,0.0656947884572653
"p2","beta",24,11,"ecxwb2",0.27156524486837,0.148691026298525,0.15638280583906
"p2","beta",25,11,"ecx4param",0.319574111630244,0.0391298219436289,0.0704034919965011
"p2","beta",26,9,"ecx4param",0.876892407066845,0.000317258560262316,0.0124432182786255
"p2","beta",27,11,"ecxwb1",0.287070501634998,0.00899889841751191,0.0309110415101318
"p2","beta",28,10,"ecxwb2",0.479604705250945,0.0187722379966691,0.0310982705868742
"p2","beta",29,9,"ecx4param",0.63723847609891,0.0153163778103618,0.151340596034036
"p2","beta",30,9,"ecxwb2",0.496861371268265,0.102031544376592,0.0476154153155298
"p2","beta",31,11,"ecxwb2",0.326015698473804,0.0720628573933629,0.0339502935571369
"p2","beta",32,9,"ecx4param",0.874732937186408,0.00441291205726878,0.0277611461392666
"p2","beta",33,11,"ecxwb2",0.353351245821487,0.0984587859589544,0.129339622471162
"p2","beta",34,12,"ecxwb2",0.461910528505038,0.19591205108644,0.0410807557635185
"p2","beta",35,11,"ecx4param",0.383464934684601,0.00111544364180168,0.0246786761465657
"p2","beta",36,9,"ecxwb2",0.446719635109965,0.0587462300354991,0.0553555361643026
"p2","beta",37,12,"ecxll4",0.221245017401392,0.0138878311141917,0.041464169573816
"p2","beta",38,10,"ecxwb2",0.666423688401789,0.046938462234761,0.0371453049902152
"p2","beta",39,11,"ecx4param",0.337349374514984,0.0133629509636532,0.0769804895866931
"p2","beta",40,11,"ecxll4",0.369018116335158,0.000334448810603328,0.0274782883558292
"p2","beta",41,11,"ecxll4",0.310324525795176,0.00663830134823558,0.0497087965402163
"p2","beta",42,12,"ecx4param",0.289883506862924,0.0070666933707641,0.079315678319565
"p2","beta",43,11,"ecxwb1",0.540038650451829,0.00244249218161591,0.0136135511347645
"p2","beta",44,11,"ecxwb2",0.444775404738286,0.0129291230864927,0.0126685110108438
"p2","beta",45,11,"ecx4param",0.433449212182152,0.00606276219145403,0.0276932446688651
"p2","beta",46,11,"ecx4param",0.341764347019902,0.0133241359739269,0.0580911625507975
"p2","beta",47,11,"ecxll4",0.345431917481902,0.00446635294157241,0.0394414679180669
"p2","beta",48,11,"ecxwb2",0.545967278848858,0.128039297590739,0.262467959221823
"p2","beta",49,10,"ecxwb2",0.539400805921331,0.141862571768703,0.0918779946569122
"p2","beta",50,11,"ecxll4",0.291380751855589,0.0154828549380375,0.0234658532190938
"p2","beta",51,11,"ecx4param",0.300499754870921,0.0329289903688595,0.0566781450663345
"p2","beta",52,9,"ecxwb2",0.509521091608573,0.165070893386762,0.213965868472456
"p2","beta",53,12,"ecxwb2",0.462754558738126,0.0201716527896415,0.0295255964330675
"p2","beta",54,11,"ecxll4",0.368881575061018,0.00734918165706552,0.0444926272531809
"p2","beta",55,11,"ecxwb2",0.442131071382402,0.193771570485539,0.241378603464435
"p2","beta",56,11,"ecxwb2",0.338280711968702,0.0291151466458927,0.0198803200719353
"p2","beta",57,11,"ecx4param",0.348880311130006,0.0132031874304488,0.0743013713721085
"p2","beta",58,12,"ecx4param",0.295556420501431,0.0143369672907369,0.0917526611516735
"p2","beta",59,11,"ecxwb2",0.421070785714244,0.0818985511043615,0.0553989006520677
"p2","beta",60,10,"ecxwb2",0.682683744206945,0.0326441695282644,0.0532299759688279
"p2","beta",61,10,"ecx4param",0.437646434149771,0.00360746410842103,0.0433060913726204
"p2","beta",62,11,"ecxll4",0.335583335060211,0.0159674775002943,0.022031896034183
"p2","beta",63,11,"ecxwb2",0.532659339946041,0.0665914857868703,0.0695736907133937
"p2","beta",64,12,"ecx4param",0.342269843657375,0.000377245231061121,0.0216902176647355
"p2","beta",65,11,"ecxll4",0.335020502584798,0.042123733402706,0.0306203788338255
"p2","beta",66,11,"ecxwb2",0.477088812863248,0.0493957516279879,0.0583838436135186
"p2","beta",67,11,"ecxwb1",0.368459968090743,0.0808164389659295,0.0866416955639816
"p2","beta",68,10,"ecxwb2",0.28998866110397,0.092431917008756,0.10694550427193
"p2","beta",69,11,"nec4param",0.407947646250391,0.407947646250391,0.389603753168825
"p2","beta",70,12,"ecxll4",0.286951548384602,0.025706554875771,0.0546180523611281
"p2","beta",71,9,"ecx4param",0.522004739303193,0.016961858766817,0.0413081045319372
"p2","beta",72,11,"ecx4param",0.324447515480742,0.0103801252329942,0.0226329577364544
"p2","beta",73,11,"ecxwb2",0.40918385213765,0.0160335023882731,0.0310102803797372
"p2","beta",74,12,"nec4param",0.267984971829134,0.267984971829134,0.118802939645981
"p2","beta",75,11,"ecxll4",0.320643605584567,0.0103581485937629,0.0228043391179517
"p2","beta",76,11,"ecxwb1",0.423777494342223,0.0153886957380621,0.0498308282190539
"p2","beta",77,9,"ecxwb2",0.512765625410029,0.0102180478017501,0.0313584991208888
"p2","beta",78,11,"ecxwb2",0.43649204227082,0.1003179528129,0.0762117416623157
"p2","beta",79,11,"ecxwb2",0.30799802766979,0.0446669256645215,0.0241868879264832
"p2","beta",80,11,"ecxwb2",0.347042010019296,0.27766223031888,0.0476982501152211
"p2","beta",81,11,"ecx4param",0.3063444043569,0.0422401420523128,0.0970002904859372
"p2","beta",82,11,"ecxwb1",0.410260611927582,0.000353922051719316,0.0512207999980634
"p2","beta",83,12,"ecxwb2",0.633914045228446,0.00990629254142785,0.0132300658405666
"p2","beta",84,12,"nec4param",0.313498817661257,0.313498817661257,0.283835127789376
"p2","beta",85,11,"ecxwb1",0.475465427141857,0.00235946982302408,0.0294383165150512
"p2","beta",86,11,"ecxwb2",0.387928888138547,0.0401114636466517,0.0527494947259727
"p2","beta",87,11,"ecx4param",0.38695923785324,0.00421295892321821,0.0114676197050645
"p2","beta",88,12,"ecxwb2",0.301839837611492,0.0246401982595648,0.0454136856553399
"p2","beta",89,11,"ecxwb1",0.425277991329366,0.00287489509743565,0.083522258514966
"p2","beta",90,11,"ecxwb2",0.435982959372278,0.107600642644696,0.222021627515806
"p2","beta",91,11,"ecxwb2",0.391039949067212,0.25611067012165,0.156826408598077
"p2","beta",92,12,"ecxwb1",0.361499685759548,0.00112919802702404,0.0611981065961197
"p2","beta",93,11,"ecxwb1",0.474879521566587,5.05297289134592e-05,0.0171524990417586
"p2","beta",94,11,"ecxwb2",0.446506269214474,0.17990235963111,0.109478213651393
"p2","beta",95,11,"ecxll4",0.315095590894954,0.0273868183402361,0.0514833457613526
"p2","beta",96,11,"ecxll4",0.308494307704749,0.00705677567327128,0.0214061291474637
"p2","beta",97,11,"ecxwb2",0.544904824644548,0.0579315092309814,0.0652853139682084
"p2","beta",98,12,"ecxwb2",0.625127270538463,0.129311475530605,0.0600068685718302
"p2","beta",99,11,"ecxwb1",0.367079049657927,0.000479400033953419,0.0256625165482427
"p2","beta",100,11,"ecxwb2",0.359345529063287,0.00856471785150511,0.0206359685735775
"p2","censored",1,13,"nec4param",0.620296185120989,0.620296185120989,0.0152905353810018
"p2","censored",2,14,"neclin",0.469514386596706,0.108276366649447,0.00222848986523053
"p2","censored",3,12,"neclin",0.552773148572792,0.057700216727526,0.000930278784503108
"p2","censored",4,11,"neclin",0.479263868442914,0.207927597430809,0.000916283229890704
"p2","censored",5,12,"nec4param",0.360957755947676,0.360957755947676,0.000321250960356932
"p2","censored",6,11,"neclin",0.332493609269161,0.166827594118491,0.00257741272254901
"p2","censored",7,14,"neclin",0.495859731303155,0.18155202442426,0.00177811759068844
"p2","censored",8,13,"neclin",0.526206310171224,0.282529665662251,0.000364645152178458
"p2","censored",9,14,"neclin",0.464803260485266,0.330918371770104,0.00123457086477319
"p2","censored",10,14,"neclin",0.34464332494053,0.11980041797238,0.00346310961815536
"p2","censored",11,13,"neclin",0.695277277115899,0.273579639962387,0.000148563263015896
"p2","censored",12,13,"ecxwb2",0.323475733483742,0.0304547330274722,0.0108491249089374
"p2","censored",13,13,"nec4param",0.483247164360943,0.483247164360943,0.000971039330457997
"p2","censored",14,14,"neclin",0.330205407871904,0.180379155412115,0.00452412505237248
"p2","censored",15,13,"nec4param",0.518521869522575,0.518521869522575,0.00110434643742156
"p2","censored",16,13,"neclin",0.595424422611299,0.226241265682087,0.00161107853020945
"p2","censored",17,12,"neclin",0.600839228695168,0.243250875358112,0.00335914687553762
"p2","censored",18,13,"nec4param",0.470078369796154,0.470078369796154,0.000976671421249742
"p2","censored",19,13,"neclin",0.640520157465104,0.218844512979791,0.000669673427054416
"p2","censored",20,14,"neclin",0.576410411617293,0.125605506166998,0.000784223111540151
"p2","censored",21,13,"nec4param",0.71847850610629,0.71847850610629,0.000710568937448251
"p2","censored",22,12,"neclin",0.544109999568921,0.309343524653738,0.000242933466846796
"p2","censored",23,14,"neclin",0.394229449222128,0.388992129140303,0.000423806208473712
"p2","censored",24,13,"nec4param",0.637767874584344,0.637767874584344,0.000465354672482979
"p2","censored",25,13,"nec4param",0.921905547697087,0.921905547697087,0.00123096667209016
"p2","censored",26,11,"neclin",0.755203149152907,0.126985803119099,0.000251160860944866
"p2","censored",27,14,"neclin",0.542382250352991,0.312962034636525,5.7571110271199e-05
"p2","censored",28,12,"neclin",0.759470499897219,0.21337825958294,0.00143845817940347
"p2","censored",29,13,"nec4param",0.729395866167946,0.729395866167946,0.000644949505548478
"p2","censored",30,13,"neclin",0.552186662559712,0.295749303389109,0.00278922165692263
"p2","censored",31,13,"neclin",0.707497805753738,0.198009435815687,8.50391145694641e-05
"p2","censored",32,11,"ecxwb2",0.395377159888452,0.111297058489381,0.0100831720306189
"p2","censored",33,13,"nec4param",0.443968124627019,0.443968124627019,0.00701518673136871
"p2","censored",34,14,"neclin",0.519323014549191,0.278992693477942,0.00397452829222616
"p2","censored",35,12,"nec4param",0.535094504531236,0.535094504531236,0.000439055950933654
"p2","censored",36,12,"nec4param",0.554728945883856,0.554728945883856,0.00337894590553254
"p2","censored",37,13,"nec4param",0.465687781823852,0.465687781823852,0.000707101539536404
"p2","censored",38,12,"nec4param",0.810995143935167,0.810995143935167,0.00298480034952764
"p2","censored",39,13,"neclin",0.496742329744858,0.308324859064485,0.0101418188991001
"p2","censored",40,11,"ecxwb2",0.436915035945447,0.204849767301125,0.0153716834282999
"p2","censored",41,13,"neclin",0.682722534041952,0.170038018174913,0.000249572897206416
"p2","censored",42,11,"neclin",0.476673364342573,0.464907312325665,0.000254250898179326
"p2","censored",43,14,"ecxwb2",0.225637145474789,0.0262692887574451,0.00518456283832323
"p2","censored",44,11,"neclin",0.515874871751744,0.306803929271106,0.00416910720886596
"p2","censored",45,13,"neclin",0.351259384366741,0.305718825707187,0.0139799601195542
"p2","censored",46,14,"nec4param",0.500135669992811,0.500135669992811,0.0013695791619523
"p2","censored",47,13,"neclin",0.589784212557569,0.320777999936715,0.00174777419338725
"p2","censored",48,14,"nec4param",0.519091803605645,0.519091803605645,0.0021288392142102
"p2","censored",49,12,"nec4param",0.528355776459185,0.528355776459185,0.00255613317802121
"p2","censored",50,13,"neclin",0.430659530527979,0.355185295816999,0.00371003088317244
"p2","censored",51,14,"nec4param",0.432057168220819,0.432057168220819,0.00438466085182646
"p2","censored",52,13,"nec4param",0.586544837831361,0.586544837831361,0.00107710832573302
"p2","censored",53,13,"neclin",0.419592301126052,0.286421399301098,0.00276186707749305
"p2","censored",54,14,"ecxwb2",0.283045816603212,0.0324053345634642,0.0115709382678848
"p2","censored",55,11,"nec4param",0.585362810015817,0.585362810015817,3.31120275276804e-05
"p2","censored",56,13,"nec4param",0.427525621839527,0.427525621839527,0.00154907127916329
"p2","censored",57,14,"nec4param",0.407231179416641,0.407231179416641,0.00147278801094471
"p2","censored",58,14,"nec4param",0.468486901300339,0.468486901300339,0.000373299335442025
"p2","censored",59,11,"neclin",0.551697314662555,0.392623387250208,0.000371005509210374
"p2","censored",60,14,"nec4param",0.450539868522135,0.450539868522135,0.000912708680557199
"p2","censored",61,13,"neclin",0.673816135542889,0.0861903196477457,0.00379713582091536
"p2","censored",62,14,"neclin",0.531508909068486,0.207927069790031,0.000654876505002079
"p2","censored",63,13,"nec4param",0.489337552762462,0.489337552762462,0.000683233611785425
"p2","censored",64,13,"neclin",0.525391948672937,0.246328945694233,0.00417915699346647
"p2","censored",65,13,"neclin",0.570788388925711,0.300616954630991,0.000796731231388763
"p2","censored",66,13,"nec4param",0.515261148240373,0.515261148240373,0.00365181327373566
"p2","censored",67,13,"neclin",0.502877387971059,0.11856188328783,0.000645513630471496
"p2","censored",68,13,"nec4param",0.502547112279213,0.502547112279213,4.02795599096845e-05
"p2","censored",69,13,"nec4param",0.822495005702894,0.822495005702894,7.03665682942376e-05
"p2","censored",70,14,"nec4param",0.541738848363254,0.541738848363254,0.000161137391207578
"p2","censored",71,12,"neclin",0.532280603883357,0.207811225875286,0.00148125053263054
"p2","censored",72,14,"neclin",0.47460854793322,0.327953625969754,0.000444681375182768
"p2","censored",73,12,"nec4param",0.469292089796736,0.469292089796736,0.00331599436734994
"p2","censored",74,13,"nec4param",0.412229552963847,0.412229552963847,0.000875376771373889
"p2","censored",75,14,"nec4param",0.362512528444056,0.362512528444056,0.00145075944435471
"p2","censored",76,14,"neclin",0.27168206769053,0.089762269028202,0.00505086485591781
"p2","censored",77,11,"neclin",0.372262344835571,0.325180467208734,0.00203524356605523
"p2","censored",78,13,"neclin",0.612508906225166,0.333527949269104,0.000124619673717831
"p2","censored",79,14,"neclin",0.646504011046937,0.126789804402862,0.000998629107101391
"p2","censored",80,13,"neclin",0.511838175174055,0.342495177112955,0.0157347192583793
"p2","censored",81,14,"nec4param",0.410614128750192,0.410614128750192,0.000527702323874163
"p2","censored",82,14,"neclin",0.290850741759865,0.084461136662613,0.00654874170117504
"p2","censored",83,14,"neclin",0.364654250263929,0.317539677822891,0.00270388904171634
"p2","censored",84,14,"nec4param",0.610787735951508,0.610787735951508,0.000648711707677989
"p2","censored",85,13,"neclin",0.424220860514495,0.200797503837274,0.011647268709875
"p2","censored",86,13,"neclin",0.43736434482657,0.37393515830819,0.00963533960939006
"p2","censored",87,14,"neclin",0.285747546142644,0.172750969426359,0.00233790766751531
"p2","censored",88,14,"ecxll5",0.324352359809513,0.268845937539044,0.0078098481933777
"p2","censored",89,13,"ecxwb2",0.201533765596637,0.0668438365146303,0.00368259245705397
"p2","censored",90,11,"nec4param",0.479984923161266,0.479984923161266,0.00296644248225995
"p2","censored",91,13,"nec4param",0.778134164415066,0.778134164415066,0.00360062764943139
"p2","censored",92,14,"neclin",0.4395757092576,0.274124882140944,0.000957810251441407
"p2","censored",93,13,"ecxwb2",0.240264152505464,0.00730690195350302,0.00263253172080593
"p2","censored",94,13,"nec4param",0.597332510024249,0.597332510024249,0.00170803410721384
"p2","censored",95,13,"nec4param",0.632604716906243,0.632604716906243,0.0106743890178941
"p2","censored",96,14,"neclin",0.391272954212428,0.10560445262767,0.0053978046507886
"p2","censored",97,13,"nec4param",0.718287878071101,0.718287878071101,0.00175302656311567
"p2","censored",98,13,"nec4param",0.710769447545253,0.710769447545253,0.00823897087716788
"p2","censored",99,14,"neclin",0.359701374339024,0.2470856283019,0.00460149522198247
"p2","censored",100,13,"nec4param",0.305140503735801,0.305140503735801,0.017895260645108
"p2","deleted",1,14,"nec4param",0.23727617194188,0.23727617194188,0.433135294357539
"p2","deleted",2,12,"neclin",0.390413051909687,0.0460058431203261,0.354174768211009
"p2","deleted",3,13,"neclin",0.506479980785875,0.0424034024870377,0.186587194811348
"p2","deleted",4,13,"neclin",0.474225568668925,0.0897104324230789,0.210508816224627
"p2","deleted",5,12,"neclin",0.249463816447714,0.213607203237224,0.20179489193991
"p2","deleted",6,12,"neclin",0.202411043254998,0.064142888998652,0.404841515630025
"p2","deleted",7,14,"neclin",0.374603091731979,0.0624429281391648,0.375984005011924
"p2","deleted",8,13,"neclin",0.586463054307138,0.166494545633184,0.107378880529342
"p2","deleted",9,12,"neclin",0.525410831077213,0.222531251110465,0.194852213938215
"p2","deleted",10,13,"neclin",0.198240773494405,0.0307109693132787,0.507260538901134
"p2","deleted",11,14,"neclin",0.706808312768342,0.145021620664556,0.0444598750089291
"p2","deleted",12,13,"ecxll3",0.252254620139516,0.00342176967675349,0.619762324261889
"p2","deleted",13,13,"neclin",0.451387057532649,0.29742092769508,0.182371856659464
"p2","deleted",14,13,"ecxwb2p3",0.21562230259963,0.0432291890651751,0.575139901148975
"p2","deleted",15,13,"neclin",0.323759938814989,0.314085853408631,0.269873837582829
"p2","deleted",16,13,"neclin",0.47635219195686,0.105106311140857,0.296495909150477
"p2","deleted",17,13,"neclin",0.391425500327059,0.104382680885045,0.386816911251103
"p2","deleted",18,13,"neclin",0.367385768801216,0.287829019820137,0.2319981248918
"p2","deleted",19,14,"neclin",0.589417868110872,0.105905765657886,0.177972445786704
"p2","deleted",20,13,"neclin",0.585969972814599,0.0581285659464728,0.164594428354706
"p2","deleted",21,14,"nec4param",0.371821780707631,0.371821780707631,0.282260536881182
"p2","deleted",22,14,"neclin",0.616675660819851,0.207294432453092,0.0853667849728457
"p2","deleted",23,13,"neclin",0.477369044869053,0.287122975569504,0.179875909801446
"p2","deleted",24,13,"nec4param",0.412028118499234,0.412028118499234,0.221378440081366
"p2","deleted",25,13,"nec4param",0.537266997788882,0.537266997788882,0.350496620777683
"p2","deleted",26,12,"neclin",0.778117372488569,0.0734492328569738,0.0645566087279474
"p2","deleted",27,12,"neclin",0.709318665350261,0.242816077307301,0.0324045727495684
"p2","deleted",28,12,"neclin",0.657571296374717,0.211301478697609,0.109431227296117
"p2","deleted",29,13,"nec4param",0.497789627055324,0.497789627055324,0.233223325179
"p2","deleted",30,13,"neclin",0.46853662566162,0.148337709317724,0.258238071004486
"p2","deleted",31,13,"neclin",0.805283656044771,0.13137929465491,0.0222452060308575
"p2","deleted",32,14,"ecxll3",0.210335780044843,0.016745056711777,0.578256612972614
"p2","deleted",33,13,"neclin",0.285709213561481,0.120185362955008,0.510865742518326
"p2","deleted",34,14,"neclin",0.438496288908293,0.139497652704887,0.297454561098773
"p2","deleted",35,12,"nec4param",0.400442607694671,0.400442607694671,0.126582802244611
"p2","deleted",36,13,"neclin",0.262532394044606,0.227406010193668,0.322591524209568
"p2","deleted",37,13,"neclin",0.42655721470244,0.309529920760423,0.190602942989629
"p2","deleted",38,14,"nec4param",0.217132283820005,0.217132283820005,0.434017185552453
"p2","deleted",39,13,"ecxsigm",0.233317391128427,0.0393772604406505,0.558753250602163
"p2","deleted",40,13,"ecxsigm",0.251182939266967,0.0180233648819494,0.755612578731363
"p2","deleted",41,13,"neclin",0.737388520735962,0.094845015830172,0.0801306890900125
"p2","deleted",42,14,"neclin",0.437341267618296,0.262514229226172,0.142028475243459
"p2","deleted",43,14,"ecxsigm",0.160448155674808,0.0356624342921869,0.479698739807748
"p2","deleted",44,13,"neclin",0.336140874640793,0.135458252993079,0.400741659699048
"p2","deleted",45,14,"ecxwb2p3",0.215427895278374,0.0706181300891896,0.53165919918606
"p2","deleted",46,14,"nec4param",0.304260158728611,0.304260158728611,0.412210808008564
"p2","deleted",47,13,"neclin",0.473769616577181,0.149384795298993,0.313746701724011
"p2","deleted",48,13,"nec4param",0.461132575349288,0.461132575349288,0.160285116311469
"p2","deleted",49,12,"neclin",0.228397493691785,0.189442522166967,0.440554815723694
"p2","deleted",50,14,"neclin",0.220605383577364,0.158447139541277,0.402320358065113
"p2","deleted",51,14,"nec3param",0.213305171518498,0.194627305738512,0.524176820990243
"p2","deleted",52,14,"nec4param",0.313579658021526,0.313579658021526,0.352456041691441
"p2","deleted",53,12,"neclin",0.44986654870772,0.167221093859434,0.321356918099814
"p2","deleted",54,13,"ecxll3",0.210497921793993,0.00977106705308139,0.564324534639643
"p2","deleted",55,14,"neclin",0.41768533167919,0.391330191541714,0.0209629331818112
"p2","deleted",56,13,"neclin",0.328794833710246,0.26128757920949,0.302081100758658
"p2","deleted",57,13,"nec4param",0.20684087412757,0.20684087412757,0.430072400843928
"p2","deleted",58,13,"nec4param",0.363467117112321,0.363467117112321,0.237663898164048
"p2","deleted",59,13,"neclin",0.53084381590494,0.244027172594311,0.173722521205078
"p2","deleted",60,14,"nec4param",0.325504013529936,0.325504013529936,0.204828828409996
"p2","deleted",61,13,"neclin",0.499648807314272,0.0226981293998921,0.361970714276904
"p2","deleted",62,14,"neclin",0.512237939304038,0.123879458128874,0.185954906011265
"p2","deleted",63,13,"neclin",0.484148643570847,0.286155274023617,0.198771239946465
"p2","deleted",64,14,"neclin",0.424841645961909,0.083900230701375,0.320599576800031
"p2","deleted",65,14,"neclin",0.652016103690361,0.150631305349129,0.125191260051831
"p2","deleted",66,12,"nec4param",0.335929228070402,0.335929228070402,0.30506064819018
"p2","deleted",67,14,"neclin",0.485878248897407,0.0714103062764103,0.145289448473813
"p2","deleted",68,14,"nec4param",0.394976406412498,0.394976406412498,0.0403279387298174
"p2","deleted",69,13,"nec4param",0.640025569128341,0.640025569128341,0.142576570501427
"p2","deleted",70,14,"nec4param",0.425582060733315,0.425582060733315,0.100222182783023
"p2","deleted",71,13,"neclin",0.458507166523712,0.0663070234371156,0.369216569713214
"p2","deleted",72,13,"neclin",0.504546226659362,0.290933147499042,0.146716508823874
"p2","deleted",73,12,"neclin",0.256911153847509,0.219018096182707,0.366902263407022
"p2","deleted",74,14,"neclin",0.331779252719833,0.225634051281946,0.249412561106541
"p2","deleted",75,14,"neclin",0.254349716960252,0.204590903573572,0.325981420755048
"p2","deleted",76,13,"neclin",0.262692059740991,0.0306356573613346,0.475423880992914
"p2","deleted",77,12,"neclin",0.299716653688621,0.160330196369213,0.421574990746398
"p2","deleted",78,13,"neclin",0.700224743533059,0.224109531331517,0.0417498640319102
"p2","deleted",79,14,"neclin",0.562663631750643,0.0967779843605166,0.22101279511183
"p2","deleted",80,13,"neclin",0.409581461713568,0.193881415364916,0.312016099551748
"p2","deleted",81,14,"neclin",0.400422548340213,0.235910234631761,0.217792201329698
"p2","deleted",82,13,"ecxsigm",0.169485575558145,0.0290040786687372,0.404030686040794
"p2","deleted",83,13,"neclin",0.282764628862748,0.205115567980923,0.399459894407123
"p2","deleted",84,14,"nec4param",0.402641945805659,0.402641945805659,0.278287558524889
"p2","deleted",85,13,"ecxsigm",0.235140195315214,0.0571011412240193,0.550546597127008
"p2","deleted",86,13,"neclin",0.229366936871093,0.102909667196376,0.543519585046469
"p2","deleted",87,14,"neclin",0.177507086839563,0.0869697714361612,0.38917938819688
"p2","deleted",88,13,"ecxwb2p3",0.271261812940379,0.0893162795185176,0.498164458580766
"p2","deleted",89,14,"ecxwb1p3",0.150032287217244,0.0138641399106063,0.494273291569476
"p2","deleted",90,14,"ecxsigm",0.19733751832669,0.18888532611245,0.420987410553955
"p2","deleted",91,14,"nec4param",0.36324807661038,0.36324807661038,0.342205863517963
"p2","deleted",92,14,"neclin",0.38948970046016,0.153346305029181,0.232569582210462
"p2","deleted",93,13,"ecxwb1p3",0.200280019772856,0.00187762926464487,0.341758865511607
"p2","deleted",94,13,"nec4param",0.361153107121365,0.361153107121365,0.31901999294037
"p2","deleted",95,12,"nec4param",0.261536035578209,0.261536035578209,0.486541389566022
"p2","deleted",96,13,"neclin",0.232372003532664,0.0368411391603982,0.486850991070768
"p2","deleted",97,14,"nec4param",0.293213801185777,0.293213801185777,0.262044681390686
"p2","deleted",98,14,"ecxwb2p3",0.177488222950748,0.148861272384865,0.362452224087449
"p2","deleted",99,13,"nec4param",0.17763533336692,0.17763533336692,0.506181989264836
"p2","deleted",100,13,"ecxwb2p3",0.277478592643071,0.104580536657438,0.605079754983958
"p2","floored",1,13,"ecxwb2p3",0.3289013370549,0.0185254278773633,0.715744179964855
"p2","floored",2,14,"ecxwb1p3",0.234317031171584,0.00140013378262442,0.593801198831873
"p2","floored",3,12,"ecxwb1p3",0.554943838729333,9.57855076061685e-05,0.787844906870735
"p2","floored",4,11,"ecxsigm",0.322847051089989,0.00516650652381009,0.400727449374089
"p2","floored",5,12,"ecxsigm",0.355294097533579,0.0258320657961077,0.439219993866734
"p2","floored",6,11,"ecxsigm",0.372036534863787,0.000875937064455903,0.443489355435453
"p2","floored",7,14,"ecxsigm",0.416206091790227,0.000359634657023785,0.715517345496703
"p2","floored",8,13,"ecxwb1p3",0.251139781914994,0.0448869048322013,0.665609434968287
"p2","floored",9,14,"ecxsigm",0.372105154546261,0.0156003666385964,0.732763794682558
"p2","floored",10,14,"ecxsigm",0.308213703397714,0.000290275706764607,0.657994363901626
"p2","floored",11,13,"ecxsigm",0.456913183178327,0.0692045358544028,0.732896084222195
"p2","floored",12,13,"ecxll3",0.242557053109897,6.3291823895804e-07,0.582063451514744
"p2","floored",13,13,"ecxsigm",0.474436917965706,0.0271945443530543,0.745644629313344
"p2","floored",14,14,"ecxsigm",0.339374746785817,0.0171964483952712,0.65786625457513
"p2","floored",15,13,"ecxsigm",0.41553538103308,0.0740072977578393,0.695547574882401
"p2","floored",16,13,"ecxsigm",0.458310842418708,0.00641923322460786,0.747061209650107
"p2","floored",17,12,"ecxsigm",0.450041726769786,0.00422247524595261,0.783716510786295
"p2","floored",18,13,"ecxsigm",0.367942645343418,0.0209944297831919,0.714285793070467
"p2","floored",19,13,"ecxsigm",0.42127147723363,0.00634862565971002,0.735299241339466
"p2","floored",20,14,"ecxsigm",0.310093620984445,0.000742466177069026,0.689584629938479
"p2","floored",21,13,"ecxsigm",0.411885972509001,0.0984408456248591,0.684302457382553
"p2","floored",22,12,"ecxsigm",0.482353932099672,0.0201894904638545,0.707233532138619
"p2","floored",23,14,"ecxsigm",0.379901280787571,0.0685919773952883,0.691025019935557
"p2","floored",24,13,"ecxsigm",0.308113110042797,0.137393906552914,0.637093380676558
"p2","floored",25,13,"nec4param",0.272577272968015,0.272577272968015,0.567744655132981
"p2","floored",26,11,"ecxsigm",0.516516083581227,0.00496242074255013,0.579691325841634
"p2","floored",27,14,"ecxsigm",0.446969979887392,0.107243375272108,0.703502933287408
"p2","floored",28,12,"ecxsigm",0.589807449138892,0.000240304875114659,0.769096410690424
"p2","floored",29,13,"ecxsigm",0.427287867634465,0.0685342532174162,0.713804707961764
"p2","floored",30,13,"ecxsigm",0.320245910972367,0.0181545237664113,0.695313430914402
"p2","floored",31,13,"ecxsigm",0.457486892040268,0.0230264789288313,0.723739584143967
"p2","floored",32,11,"ecxsigm",0.326276216275053,0.0083173758103489,0.568094895454581
"p2","floored",33,13,"ecxsigm",0.241485477572273,0.1353304619018,0.685272748587016
"p2","floored",34,14,"ecxsigm",0.316794325047592,0.0468416871873372,0.695604720230188
"p2","floored",35,12,"ecxsigm",0.323587411241551,0.0703594996035197,0.621758952350455
"p2","floored",36,12,"ecxsigm",0.404843691043406,0.0700347187369366,0.687370340796682
"p2","floored",37,13,"ecxsigm",0.364396183619305,0.0829695438284563,0.686736921137593
"p2","floored",38,12,"ecxsigm",0.278450911012266,0.182971382595759,0.631330436939093
"p2","floored",39,13,"ecxsigm",0.37016768333252,0.019448377567815,0.714445347685959
"p2","floored",40,11,"ecxsigm",0.383830659236608,0.0069746495826425,0.674932118848191
"p2","floored",41,13,"ecxsigm",0.323634548265817,0.0114822587985162,0.716103105146857
"p2","floored",42,11,"ecxsigm",0.451259453051991,0.0789974773594841,0.608448449353503
"p2","floored",43,14,"ecxwb1p3",0.298446957478373,1.16309603700745e-05,0.562215906337142
"p2","floored",44,11,"ecxsigm",0.504745051979466,0.0178628590391516,0.70278121888922
"p2","floored",45,13,"ecxsigm",0.257327082234616,0.0123112640636389,0.675202347158325
"p2","floored",46,14,"ecxsigm",0.229674883316535,0.188113291210593,0.578604114356142
"p2","floored",47,13,"ecxsigm",0.392742965847651,0.0531031872975016,0.722969962182473
"p2","floored",48,14,"ecxwb2p3",0.359817462561012,0.110549905037646,0.63579089427745
"p2","floored",49,12,"ecxsigm",0.315007677047003,0.0905562151366616,0.688155760239912
"p2","floored",50,13,"ecxsigm",0.318345100600852,0.0139292653521361,0.683038203959267
"p2","floored",51,14,"ecxsigm",0.317120204619545,0.0694381701136356,0.661317867741626
"p2","floored",52,13,"nec4param",0.390491708069743,0.390491708069743,0.405804711471942
"p2","floored",53,13,"ecxsigm",0.433451080692595,0.0476011561735587,0.712789972447065
"p2","floored",54,14,"ecxll3",0.224647739736488,0.00032197425731848,0.597844751142694
"p2","floored",55,11,"ecxsigm",0.423825014583723,0.201882182306749,0.605262900493145
"p2","floored",56,13,"ecxsigm",0.378773724569873,0.0315506510842157,0.712400300545457
"p2","floored",57,14,"ecxsigm",0.258115226572498,0.0650927608094357,0.630474185999628
"p2","floored",58,14,"ecxsigm",0.34824657483002,0.0477077384732598,0.669789620266841
"p2","floored",59,11,"ecxsigm",0.443356568890902,0.0813631259618965,0.641849983282052
"p2","floored",60,14,"ecxsigm",0.267552330453957,0.18266117582007,0.615258726493571
"p2","floored",61,13,"ecxsigm",0.449167484857334,0.000149596158397783,0.748437634956706
"p2","floored",62,14,"ecxsigm",0.302570618668137,0.0104894212277096,0.664759584316618
"p2","floored",63,13,"ecxsigm",0.367839944560289,0.0498510368104659,0.716740676862682
"p2","floored",64,13,"ecxsigm",0.309148642640737,0.000910753470682647,0.686332439401545
"p2","floored",65,13,"ecxsigm",0.350268030790409,0.00832358711386428,0.636896165935726
"p2","floored",66,13,"ecxsigm",0.351244117213747,0.0568744706905614,0.641909953798128
"p2","floored",67,13,"ecxwb1p3",0.393840279361839,0.00552472706488215,0.674082976915616
"p2","floored",68,13,"ecxsigm",0.51867496913714,0.189633899361543,0.708857152066884
"p2","floored",69,13,"nec4param",0.518244284774096,0.518244284774096,0.40993931764151
"p2","floored",70,14,"ecxsigm",0.367994376945408,0.16803197770118,0.644313611648974
"p2","floored",71,12,"ecxsigm",0.504975326521611,0.00319035492241204,0.625234002736201
"p2","floored",72,14,"ecxsigm",0.412589649337987,0.045017229578929,0.714139766643641
"p2","floored",73,12,"ecxsigm",0.446373573482058,0.0151984468205832,0.714865735043665
"p2","floored",74,13,"ecxsigm",0.224131973079773,0.0805463359981748,0.637414543804054
"p2","floored",75,14,"ecxwb2p3",0.254146686544917,0.114995417804207,0.641528803067022
"p2","floored",76,14,"ecxwb1p3",0.257948859504067,0.0017224774943339,0.625018712159275
"p2","floored",77,11,"ecxsigm",0.540850271687312,0.0240205236638443,0.778595712710406
"p2","floored",78,13,"ecxsigm",0.431478271183967,0.0241994891735287,0.740492403724903
"p2","floored",79,14,"ecxsigm",0.498604538131726,0.00315196266940255,0.757292114636532
"p2","floored",80,13,"ecxsigm",0.319827451842733,0.152971445230861,0.684001511279095
"p2","floored",81,14,"ecxsigm",0.394146783388944,0.0761909124017837,0.676541598880182
"p2","floored",82,14,"ecxll3",0.212939200219214,3.83478133324124e-05,0.577892117589578
"p2","floored",83,14,"ecxsigm",0.432564580863831,0.00162717594742667,0.746279939718622
"p2","floored",84,14,"nec4param",0.315498189547778,0.315498189547778,0.474467086246632
"p2","floored",85,13,"ecxsigm",0.318246291420396,9.03659258314968e-05,0.688891948422957
"p2","floored",86,13,"ecxsigm",0.293872995359475,0.064535872281529,0.69015644623206
"p2","floored",87,14,"ecxsigm",0.211267794228373,0.00600441308433188,0.594845169607567
"p2","floored",88,14,"ecxwb2p3",0.35085568641769,0.0141291262798489,0.733923326691818
"p2","floored",89,13,"ecxsigm",0.214465265382138,0.000784351457635017,0.497277836008285
"p2","floored",90,11,"ecxsigm",0.437493031355135,0.0352159363348068,0.691665651191254
"p2","floored",91,13,"ecxsigm",0.338464051191769,0.0750507118888984,0.694458972182748
"p2","floored",92,14,"ecxsigm",0.329152351278721,0.012506093370037,0.695992773245455
"p2","floored",93,13,"ecxwb1p3",0.442908253134946,7.00307507551482e-07,0.649577136116728
"p2","floored",94,13,"ecxsigm",0.342193235504818,0.132115846689143,0.668827833005084
"p2","floored",95,13,"ecxwb2p3",0.330384138717408,0.0344305286144973,0.70685312692539
"p2","floored",96,14,"ecxsigm",0.276173143270862,0.000221998265249945,0.623643174234252
"p2","floored",97,13,"ecxsigm",0.254822158033983,0.195160991083651,0.629286926803764
"p2","floored",98,13,"ecxwb2p3",0.379429327808886,0.121030987398993,0.632516891902231
"p2","floored",99,14,"ecxsigm",0.183172979362184,0.00705299608510956,0.618576810737623
"p2","floored",100,13,"ecxwb2p3",0.322683096059224,0.0406561920944429,0.586970321306407
"p2","gamma",1,11,"ecxwb1",0.861322715300544,8.87311478713667e-10,0.00100015850466117
"p2","gamma",2,12,"ecxll5",0.52900842537446,1.90883495917924e-08,0.0108306744202741
"p2","gamma",3,11,"ecxwb1",0.509853269411842,0.133488473516051,0.0606051782706633
"p2","gamma",4,11,"ecxwb1",0.999963416645038,2.47320590839783e-14,4.5737665367366e-34
"p2","gamma",5,11,"ecxwb1",0.819461069708257,4.48287011158661e-19,3.32226964108118e-23
"p2","gamma",6,10,"ecxwb1",0.936659215263285,5.12803921028846e-10,1.09499603664973e-17
"p2","gamma",7,11,"ecxwb1",0.66227268525192,4.58010760782563e-06,1.04826363955323e-16
"p2","gamma",8,12,"ecxwb1",0.649854396913801,2.86256058817919e-06,1.86203794053139e-18
"p2","gamma",9,11,"ecxwb1",0.817244291375149,0.028487588906693,0.0144189298700565
"p2","gamma",10,12,"ecxwb1",0.811085366801187,0.0048932704798384,2.57206227392759e-06
"p2","gamma",11,11,"ecxwb1",0.970309991137541,0.00709038522889985,5.24936131883064e-09
"p2","gamma",12,11,"ecxwb1",0.866414285645116,7.95838667736844e-06,0.0204163250453756
"p2","gamma",13,12,"ecxwb1",0.493296081580709,3.12303883793157e-08,1.83139054694777e-06
"p2","gamma",14,11,"ecxwb1",0.991987270893852,8.48002178238538e-07,7.18589843066475e-22
"p2","gamma",15,11,"ecxwb1",0.872746096080178,0.0210782804183867,2.70300248176357e-05
"p2","gamma",16,9,"ecx4param",0.891270860269488,0.10707234422448,1.51825231180608e-08
"p2","gamma",17,11,"ecxwb1",0.784334232393641,0.0179300025922512,0.0602730400554308
"p2","gamma",18,12,"ecxll5",0.549496731548544,0.0376962414969518,0.00972683124257492
"p2","gamma",19,12,"ecxwb1",0.715449781243618,0.00101181098224528,1.70468687835168e-19
"p2","gamma",20,11,"ecxwb1",0.790796724375439,0.041402845190054,0.00127652736346494
"p2","gamma",21,11,"ecxwb1",0.999976728218394,1.69881743654189e-05,1.42006398301308e-16
"p2","gamma",22,12,"ecxll5",0.506514410287366,1.56246053523915e-12,4.57927388221594e-14
"p2","gamma",23,11,"ecxwb1",0.999617817697408,2.22817018035679e-17,8.91566029773487e-16
"p2","gamma",24,12,"ecxwb1",0.72127179829933,0.0147117554758646,0.000999805152100324
"p2","gamma",25,11,"ecxwb1",0.998976826052877,2.30114056299971e-17,0.00102297630769798
"p2","gamma",26,11,"ecxwb1",0.516770065786229,0.0644875718744148,0.0436723426275225
"p2","gamma",27,11,"ecxwb1",0.795762286937273,0.0515279591889629,0.00192687529241664
"p2","gamma",28,11,"ecxwb1",0.585007561127402,0.0080615184899554,0.0926167001817445
"p2","gamma",29,11,"ecxwb1",0.999999528209459,8.50527215309822e-16,4.71772938891184e-07
"p2","gamma",30,11,"ecxwb1",0.950452046567104,8.29293929867642e-06,8.39430177626891e-17
"p2","gamma",31,10,"ecxwb1",0.776320902211709,0.0752178530626858,0.0153508534686538
"p2","gamma",32,11,"ecxwb1",0.96693404923863,1.39197135777767e-12,0.000856537010089129
"p2","gamma",33,11,"ecxwb1",0.887907657947056,0.0547108713170492,0.00358599072875877
"p2","gamma",34,11,"ecxwb1",0.892526516937141,0.00348845313649593,0.00121584372712147
"p2","gamma",35,11,"ecxwb1",0.836289163831778,0.0221222502567804,0.029492402854048
"p2","gamma",36,11,"ecxwb1",0.973560590752349,1.25543674459024e-08,0.0132860976210546
"p2","gamma",37,12,"ecxwb1",0.593445119427269,0.0030965119615232,0.0543230367885448
"p2","gamma",38,11,"ecxwb1",0.999972063007365,2.31531114459747e-16,7.45159496310415e-13
"p2","gamma",39,11,"ecxwb1",0.990293835687952,0.00825632436419192,6.48083003943438e-11
"p2","gamma",40,11,"ecxwb1",0.836409936126658,0.0878774067715461,0.0247395976448075
"p2","gamma",41,11,"ecxwb1",0.997411253215753,3.39787151494368e-10,7.03134090656458e-22
"p2","gamma",42,10,"ecxwb1",0.940904739836852,0.0401347230007632,0.00115587406613216
"p2","gamma",43,11,"ecxwb1",0.390627879816239,0.243529262332906,0.0249638473497157
"p2","gamma",44,11,"ecxwb1",0.931228832145238,2.13951687559946e-12,2.40625266342298e-16
"p2","gamma",45,11,"ecxwb1",0.969351410342845,0.0073351477513129,2.72576593344778e-05
"p2","gamma",46,11,"ecxwb1",0.742296201825588,6.45197738674193e-05,0.0917768322138045
"p2","gamma",47,11,"ecxwb1",0.82537816476453,0.0741351263182232,0.0237015367790477
"p2","gamma",48,11,"ecxwb1",0.974060904755948,6.57351395419143e-12,1.11049256938162e-11
"p2","gamma",49,11,"ecxwb1",0.997488440818609,3.21700471107445e-13,1.3709085472581e-13
"p2","gamma",50,11,"ecxwb1",0.710588752324004,0.0058059637971827,0.0901673538826257
"p2","gamma",51,11,"ecxwb1",0.683892940018236,1.13366375771453e-05,0.0978877590752206
"p2","gamma",52,11,"ecxwb1",0.998989862466155,0.00100900828860696,1.82483713158287e-07
"p2","gamma",53,12,"ecxwb1",0.508999491231748,0.0129452990021379,7.83039384713166e-05
"p2","gamma",54,11,"ecxwb1",0.859349866091003,1.3332717800498e-06,0.00299869557001055
"p2","gamma",55,11,"ecxwb1",0.924578860650487,8.74346745377683e-05,3.13295275743929e-12
"p2","gamma",56,12,"ecxll5",0.486603480544009,2.54495970535465e-05,0.00293017623567478
"p2","gamma",57,11,"ecxwb1",0.994504327384217,0.00241265145234098,1.63051282534246e-09
"p2","gamma",58,9,"ecx4param",0.998998364758204,1.11638544066058e-07,0.00100000783197096
"p2","gamma",59,11,"ecxwb1",0.903928685088453,2.54024633896617e-08,0.000999998286899173
"p2","gamma",60,12,"ecxwb1",0.539308281834491,0.0776247359779752,0.0399811904856845
"p2","gamma",61,11,"ecxwb1",0.925334391323709,8.55120096438924e-11,4.97375105193851e-09
"p2","gamma",62,11,"ecxwb1",0.835348114484383,0.0199543745367971,0.0022934105324215
"p2","gamma",63,12,"ecxwb1",0.71387435435294,0.0254534041572949,0.00332627894082958
"p2","gamma",64,12,"ecxwb1",0.618891815330405,0.0296669555802652,0.00265615488830141
"p2","gamma",65,11,"ecxwb1",0.999326796369478,4.26536652430815e-08,2.24756937955607e-09
"p2","gamma",66,11,"ecxwb1",0.922092367430794,0.0154598289800684,0.00172250929710379
"p2","gamma",67,12,"ecxwb1",0.535510440284612,0.00741858386302478,6.75070130742455e-12
"p2","gamma",68,11,"ecxwb1",0.953521040167204,3.90761960544107e-11,3.93903282905599e-17
"p2","gamma",69,12,"ecxwb1",0.76509187307919,1.68960851858482e-16,7.99765437974521e-25
"p2","gamma",70,11,"ecxwb1",0.929685588449667,0.00947957846317734,1.46028312761643e-07
"p2","gamma",71,10,"ecxwb1",0.920113934849852,0.00926237418383791,2.87812451145423e-06
"p2","gamma",72,11,"ecxwb1",0.921059733585548,1.72501135977218e-09,8.85841156812177e-09
"p2","gamma",73,12,"ecxwb1",0.70549138494497,9.77871512763983e-20,7.6314088818258e-26
"p2","gamma",74,10,"ecxll5",0.991347807992973,6.6488852562528e-13,1.3458330883683e-07
"p2","gamma",75,12,"ecxwb1",0.502726446732316,0.045029311405262,0.0673493852489088
"p2","gamma",76,11,"ecxwb1",0.602204487136072,0.0426395202885521,0.115402184445699
"p2","gamma",77,12,"ecxll5",0.491545172133336,0.0118632970445215,3.89664196698655e-09
"p2","gamma",78,11,"ecxwb1",0.90250638572545,1.59145796340065e-10,2.66840795281397e-15
"p2","gamma",79,11,"ecxwb1",0.513111726401642,0.149619702568677,0.0690964165622241
"p2","gamma",80,11,"ecxwb1",0.997999764774769,1.19294489591259e-11,4.79262434166026e-29
"p2","gamma",81,11,"ecxwb1",0.933520943742356,0.0153617455675065,6.18166337997327e-05
"p2","gamma",82,11,"ecxwb1",0.80606433552056,0.0179554770090346,0.00387350546673631
"p2","gamma",83,12,"ecxll5",0.54395642642751,1.24217629520539e-09,2.36464648486516e-12
"p2","gamma",84,11,"ecxwb1",0.993803551174432,1.0799806063701e-11,0.002255933918158
"p2","gamma",85,12,"ecxwb1",0.500303716124558,0.00784805740105278,0.0843019459597213
"p2","gamma",86,11,"ecxwb1",0.896978220217976,0.022918869572205,0.00400194667367446
"p2","gamma",87,12,"ecxll5",0.52473349455455,7.74272023969093e-10,1.85309681260768e-22
"p2","gamma",88,11,"ecxwb1",0.995943277956761,8.61300052853941e-16,5.60256392887472e-15
"p2","gamma",89,12,"ecxwb1",0.475254935110264,5.98177757062405e-09,0.00289862029247333
"p2","gamma",90,9,"ecx4param",0.891589301039185,0.108403002285563,7.98544194440266e-07
"p2","gamma",91,11,"ecxwb1",0.885875770692762,0.00628120933026626,1.62495959958033e-05
"p2","gamma",92,11,"ecxwb1",0.79404843047789,0.0433697834531363,0.0387327307161023
"p2","gamma",93,11,"ecxwb1",0.823742157353358,7.52354168361062e-11,4.43928233881834e-10
"p2","gamma",94,11,"ecxwb1",0.99999991076699,5.03248377439832e-24,2.01518848398608e-25
"p2","gamma",95,11,"ecxwb1",0.922718021865782,0.00143961585091395,0.00499519745840663
"p2","gamma",96,12,"ecxwb1",0.611827074091422,0.0481174181362255,0.00660252509203778
"p2","gamma",97,11,"ecxwb1",0.995939724902449,8.23352599347615e-15,2.24368994888702e-07
"p2","gamma",98,12,"ecxwb1",0.833675040383338,3.73551389471537e-23,2.23296457324113e-21
"p2","gamma",99,11,"ecxwb1",0.439626979646681,0.166462801990688,0.0263804185391382
"p2","gamma",100,11,"ecxwb1",0.98445325150823,4.50580782867228e-13,6.60982747401529e-11
"p2","measured",1,14,"nec4param",0.581844958882323,0.581844958882323,1.79860562208413e-29
"p2","measured",2,14,"nec4param",0.636994196231934,0.636994196231934,1.30231285887507e-31
"p2","measured",3,12,"nec4param",0.871979135864186,0.871979135864186,2.13863741628639e-32
"p2","measured",4,13,"nec4param",0.817867997466344,0.817867997466344,2.79908087704388e-35
"p2","measured",5,12,"nec4param",0.306676503484215,0.306676503484215,3.22711521496383e-31
"p2","measured",6,13,"nec4param",0.664206916438697,0.664206916438697,1.68704855938675e-36
"p2","measured",7,14,"nec4param",0.467598046735163,0.467598046735163,7.93518837159915e-36
"p2","measured",8,14,"nec4param",0.654828493382783,0.654828493382783,1.64989737495026e-28
"p2","measured",9,13,"nec4param",0.98584824014299,0.98584824014299,8.04982278274739e-33
"p2","measured",10,13,"nec4param",0.621224695621694,0.621224695621694,2.60597715390504e-34
"p2","measured",11,14,"neclin",0.443907156484837,0.418642210825655,8.277191617639e-37
"p2","measured",12,13,"nec4param",0.46010074100535,0.46010074100535,1.54546154017803e-34
"p2","measured",13,13,"nec4param",0.965402653615665,0.965402653615665,3.22670325502948e-29
"p2","measured",14,13,"ecxwb2",0.331503930363086,0.243668565942061,2.68029517815443e-35
"p2","measured",15,13,"nec4param",0.93337361296627,0.93337361296627,3.84396178557685e-38
"p2","measured",16,13,"nec4param",0.843624625584975,0.843624625584975,6.57954355632117e-29
"p2","measured",17,12,"nec4param",0.9673392672123,0.9673392672123,7.1495726618945e-34
"p2","measured",18,13,"nec4param",0.891653111394768,0.891653111394768,1.20957603350182e-33
"p2","measured",19,13,"nec4param",0.550841605112308,0.550841605112308,2.50783437722282e-31
"p2","measured",20,14,"nec4param",0.580667755452995,0.580667755452995,2.56788466132578e-36
"p2","measured",21,13,"nec4param",0.883743817258282,0.883743817258282,2.44848697318807e-31
"p2","measured",22,12,"nec4param",0.667884306718792,0.667884306718792,1.51138962229123e-29
"p2","measured",23,13,"nec4param",0.789068486185618,0.789068486185618,2.04675931693515e-33
"p2","measured",24,13,"nec4param",0.903275895726671,0.903275895726671,2.21041111878127e-31
"p2","measured",25,13,"nec4param",0.944483247699435,0.944483247699435,5.18785947961695e-33
"p2","measured",26,12,"nec4param",0.649684324796691,0.649684324796691,6.32607075387435e-32
"p2","measured",27,14,"nec4param",0.677205916534885,0.677205916534885,2.83786785543585e-33
"p2","measured",28,12,"nec4param",0.982259003298686,0.982259003298686,9.82727304910715e-34
"p2","measured",29,13,"nec4param",0.826211465830306,0.826211465830306,2.53441768136734e-29
"p2","measured",30,13,"nec4param",0.933335491510971,0.933335491510971,6.2676332588397e-29
"p2","measured",31,13,"nec4param",0.678863015728019,0.678863015728019,4.36155213878623e-34
"p2","measured",32,13,"ecxll5",0.492047224343768,0.395099548875921,1.23853203440503e-33
"p2","measured",33,13,"nec4param",0.528797968971514,0.528797968971514,5.69098458110416e-23
"p2","measured",34,13,"nec4param",0.690271886127713,0.690271886127713,2.23983609548408e-24
"p2","measured",35,12,"nec4param",0.895479137042718,0.895479137042718,3.54662169084266e-35
"p2","measured",36,13,"nec4param",0.614756307917249,0.614756307917249,5.71149535879173e-32
"p2","measured",37,13,"nec4param",0.880859565118583,0.880859565118583,1.73288329124614e-29
"p2","measured",38,12,"nec4param",0.928844315803771,0.928844315803771,1.41707481549339e-28
"p2","measured",39,13,"nec4param",0.710696833774205,0.710696833774205,9.96905397416377e-29
"p2","measured",40,11,"nec4param",0.543679586013219,0.543679586013219,7.7458383150438e-34
"p2","measured",41,13,"nec4param",0.622041176376426,0.622041176376426,1.80863725711381e-35
"p2","measured",42,11,"nec4param",0.486436756096695,0.486436756096695,8.07790128155285e-31
"p2","measured",43,14,"nec4param",0.503158831116301,0.503158831116301,2.16818498553947e-29
"p2","measured",44,12,"nec4param",0.815720327651616,0.815720327651616,4.93008578372974e-26
"p2","measured",45,13,"nec4param",0.657277993960933,0.657277993960933,1.22297106718854e-32
"p2","measured",46,13,"nec4param",0.859992996478474,0.859992996478474,1.20241695258707e-29
"p2","measured",47,13,"nec4param",0.830024958941053,0.830024958941053,1.23259910321559e-31
"p2","measured",48,13,"nec4param",0.998500605225717,0.998500605225717,3.58144908763099e-32
"p2","measured",49,13,"nec4param",0.668258175824572,0.668258175824572,3.84411624819193e-30
"p2","measured",50,12,"nec4param",0.92633608368001,0.92633608368001,4.82667286679538e-25
"p2","measured",51,13,"nec4param",0.638980365206894,0.638980365206894,2.73111326605099e-32
"p2","measured",52,13,"nec4param",0.634322765659682,0.634322765659682,1.6428437996928e-31
"p2","measured",53,13,"nec4param",0.536847272722124,0.536847272722124,4.25430731881686e-29
"p2","measured",54,13,"nec4param",0.898147368703204,0.898147368703204,1.10141154185214e-34
"p2","measured",55,12,"nec4param",0.973379884491585,0.973379884491585,1.33610349214154e-32
"p2","measured",56,13,"nec4param",0.845029243677682,0.845029243677682,9.09560555648783e-32
"p2","measured",57,14,"nec4param",0.456277621185655,0.456277621185655,5.65956173574459e-29
"p2","measured",58,13,"nec4param",0.379731971569682,0.379731971569682,1.1837249861985e-37
"p2","measured",59,14,"nec4param",0.657256658855381,0.657256658855381,2.85762292108836e-29
"p2","measured",60,13,"nec4param",0.996703582003287,0.996703582003287,1.71481785850835e-27
"p2","measured",61,12,"nec4param",0.857928383055147,0.857928383055147,1.40287693962458e-29
"p2","measured",62,14,"nec4param",0.667991424524394,0.667991424524394,3.71846870477661e-33
"p2","measured",63,13,"nec4param",0.866181764254518,0.866181764254518,2.72769474449578e-32
"p2","measured",64,13,"nec4param",0.77245917951501,0.77245917951501,1.53645696052683e-31
"p2","measured",65,14,"nec4param",0.7890464339296,0.7890464339296,3.89587236746913e-35
"p2","measured",66,13,"nec4param",0.657836590562952,0.657836590562952,3.2337550128712e-34
"p2","measured",67,14,"nec4param",0.582071465674482,0.582071465674482,2.82881821574754e-32
"p2","measured",68,14,"nec4param",0.621255827492671,0.621255827492671,4.07094754307887e-27
"p2","measured",69,13,"nec4param",0.989727439071288,0.989727439071288,5.29938946410756e-36
"p2","measured",70,14,"nec4param",0.649996614291523,0.649996614291523,6.69941887001381e-35
"p2","measured",71,9,"nec4param",0.720180610123596,0.720180610123596,2.654715760278e-32
"p2","measured",72,12,"nec4param",0.878138928778271,0.878138928778271,7.23147608116447e-30
"p2","measured",73,12,"nec4param",0.873472362285541,0.873472362285541,3.93373417993825e-30
"p2","measured",74,13,"nec4param",0.730810563478854,0.730810563478854,2.09444122637e-29
"p2","measured",75,13,"nec4param",0.835765788046445,0.835765788046445,4.53927727901566e-29
"p2","measured",76,13,"nec4param",0.36437071759969,0.36437071759969,2.86413066485361e-31
"p2","measured",77,11,"nec4param",0.780706741726195,0.780706741726195,4.07653324954823e-32
"p2","measured",78,13,"nec4param",0.939297618461987,0.939297618461987,3.35159955527299e-37
"p2","measured",79,14,"ecxll5",0.541897778378218,0.451611836824686,8.08919119410475e-32
"p2","measured",80,13,"nec4param",0.856474172848496,0.856474172848496,5.2952244331416e-18
"p2","measured",81,14,"nec4param",0.498806732884878,0.498806732884878,4.93955022979691e-32
"p2","measured",82,13,"nec4param",0.486220739737094,0.486220739737094,3.14109325751498e-39
"p2","measured",83,12,"nec4param",0.969774457081302,0.969774457081302,7.06060851799398e-38
"p2","measured",84,14,"nec4param",0.708247255642303,0.708247255642303,1.03549230416766e-30
"p2","measured",85,13,"nec4param",0.526611709929887,0.526611709929887,2.88116810413847e-30
"p2","measured",86,12,"nec4param",0.712073114179011,0.712073114179011,3.14526538219538e-30
"p2","measured",87,14,"nec4param",0.567041286385388,0.567041286385388,5.98661133786177e-25
"p2","measured",88,14,"nec4param",0.571816184310516,0.571816184310516,2.49205437392553e-36
"p2","measured",89,14,"ecxll5",0.371380410482451,0.319913240832669,1.38678127686249e-21
"p2","measured",90,13,"nec4param",0.502422440819696,0.502422440819696,1.1108636467323e-31
"p2","measured",91,13,"nec4param",0.986447861420026,0.986447861420026,2.80887796455395e-32
"p2","measured",92,14,"nec4param",0.611507311918177,0.611507311918177,8.03221564666405e-33
"p2","measured",93,12,"nec4param",0.517223291201675,0.517223291201675,1.9212346381291e-31
"p2","measured",94,13,"nec4param",0.911506774874655,0.911506774874655,5.4688791256534e-32
"p2","measured",95,13,"nec4param",0.980817391351577,0.980817391351577,5.40251672077698e-27
"p2","measured",96,14,"nec4param",0.549069171307255,0.549069171307255,1.37445282817503e-33
"p2","measured",97,11,"nec4param",0.806181694449838,0.806181694449838,1.24418649214126e-33
"p2","measured",98,12,"nec4param",0.974989415338595,0.974989415338595,1.55707997661448e-30
"p2","measured",99,13,"nec4param",0.605543315667286,0.605543315667286,6.97749803615025e-29
"p2","measured",100,13,"nec4param",0.718831501332613,0.718831501332613,1.96064453973295e-30
"p3","beta",1,11,"ecxwb2",0.464360625763621,0.0041363068598625,0.0191463663424544
"p3","beta",2,9,"ecx4param",0.865541241463219,0.00165078580447292,0.00484278205638684
"p3","beta",3,11,"ecx4param",0.456865193320347,0.00595440370660613,0.0103394135509819
"p3","beta",4,11,"ecxwb2",0.728530748002702,0.0373365490572042,0.0383242840975134
"p3","beta",5,11,"ecxwb2",0.832860777480588,0.0230517463652788,0.0275861409419408
"p3","beta",6,11,"ecxwb2",0.814027733917446,0.0784108197244905,0.0664891733685671
"p3","beta",7,11,"ecxwb2",0.747203474002041,0.108890020837965,0.0573295357264427
"p3","beta",8,10,"ecxwb2",0.896765275448154,0.00297474110335168,0.0427110976764595
"p3","beta",9,11,"ecxwb2",0.469472728517654,0.000318491631294361,0.0167974776777081
"p3","beta",10,11,"ecxwb2",0.50889315352568,0.0255215168229646,0.040442484836523
"p3","beta",11,11,"ecxwb2",0.861588425200437,0.0364887656833307,0.0298394200478467
"p3","beta",12,9,"ecx4param",0.95882460609583,0.00617207135993245,0.0156928798098525
"p3","beta",13,11,"ecxwb2",0.731112860404548,0.0420802020337534,0.0609630761031941
"p3","beta",14,10,"ecxwb2",0.614098014567754,0.00425530820700069,0.0185123791284709
"p3","beta",15,11,"ecxwb2",0.893017286209169,3.10269086280947e-05,0.0647897029669655
"p3","beta",16,9,"ecxwb2",0.834914693469843,0.000231489489237067,0.0310299107546237
"p3","beta",17,11,"ecxwb2",0.685595117413294,0.00324008692014456,0.026878122487403
"p3","beta",18,11,"ecxwb2",0.694628537353505,0.098754366219717,0.131013080498026
"p3","beta",19,11,"ecxwb2",0.480373061022771,3.13342784660253e-06,0.0483565126212504
"p3","beta",20,11,"ecxwb2",0.674578493371808,0.0223076251485827,0.0406782081947982
"p3","beta",21,11,"ecxwb2",0.660321629801496,0.0095270438129909,0.038206867924451
"p3","beta",22,9,"ecxwb2",0.717664156804249,0.0444129826684375,0.0639236044836492
"p3","beta",23,11,"ecxll4",0.364821451988332,0.0041392052129858,0.0268947005870468
"p3","beta",24,11,"ecxwb2",0.469551208140185,3.7918837030414e-05,0.033583189837455
"p3","beta",25,11,"ecx4param",0.447153586871835,0.00550733375019781,0.00974481026469896
"p3","beta",26,9,"ecxwb2",0.792016677796618,0.00527087694665054,0.0343806041221408
"p3","beta",27,11,"ecxwb2",0.835284546932667,0.051712884963583,0.0411842122737977
"p3","beta",28,10,"ecxwb2",0.839072915422035,0.0189963514606551,0.0507724690235715
"p3","beta",29,9,"ecxwb2",0.899265059561691,0.0364136326519736,0.023066573342937
"p3","beta",30,9,"ecxwb2",0.708561675038307,0.000165149741884837,0.0506888076811583
"p3","beta",31,11,"ecxwb2",0.724365231598691,0.0494115917321026,0.051289526995081
"p3","beta",32,9,"ecxwb2",0.768255602921121,0.0121262840060484,0.053949136075164
"p3","beta",33,11,"ecxwb2",0.410392016613826,6.39107042826454e-06,0.0391605432866552
"p3","beta",34,12,"ecxwb2",0.780505027653607,0.0075343047616246,0.0713037266251157
"p3","beta",35,11,"ecxwb2",0.811300717072613,0.0299525168519683,0.0697724012833601
"p3","beta",36,9,"ecxwb2",0.682739517111686,0.024162515476812,0.0592174367682648
"p3","beta",37,12,"ecxwb2",0.495405460386997,0.00710741371046815,0.019714560788782
"p3","beta",38,10,"ecxwb2",0.809842165553131,0.0256439463744711,0.0515326860475679
"p3","beta",39,11,"ecxwb2",0.848885756736858,0.0344336176347891,0.0401856626515494
"p3","beta",40,11,"ecxwb2",0.616176936417477,0.0251292761687662,0.0282604786739908
"p3","beta",41,11,"ecxwb2",0.431090984228274,0.00543306702154528,0.0667752862573746
"p3","beta",42,12,"ecxwb2",0.666688566001808,0.0821412928133808,0.0501162917761757
"p3","beta",43,11,"ecxwb2",0.671050609381128,0.00566261360783371,0.0408550925842929
"p3","beta",44,11,"ecxwb2",0.52676352380931,0.00322036752742349,0.0176556035446179
"p3","beta",45,11,"ecxll4",0.370107221438253,4.32807510830856e-05,0.00577526200546536
"p3","beta",46,11,"ecxwb2",0.446975650779631,0.00186225726536108,0.0243055353893172
"p3","beta",47,11,"ecxwb2",0.545088170717075,0.00437550088734908,0.0293837789336138
"p3","beta",48,11,"ecxwb2",0.529261764364066,0.00374780538374374,0.037748795619241
"p3","beta",49,10,"ecx4param",0.861031524516015,0.00537171738847253,0.0453050439887109
"p3","beta",50,11,"ecxwb2",0.341914941527748,0.00206014374622958,0.0223316886576839
"p3","beta",51,11,"ecxwb2",0.728155561156062,0.000906549441779946,0.0272517224517692
"p3","beta",52,9,"ecx4param",0.766124170758996,0.00443400536920192,0.0154602773899199
"p3","beta",53,12,"ecxwb2",0.576847306637752,0.0310577608029539,0.0361770537465761
"p3","beta",54,11,"ecxll4",0.53133327017122,0.000861038605470261,0.00370910278108251
"p3","beta",55,11,"ecxwb2",0.615985433960688,0.000940779229812339,0.0306144193496576
"p3","beta",56,11,"ecxwb2",0.787900844213304,0.0285168345228801,0.0408969126908474
"p3","beta",57,11,"ecxwb2",0.716859286607939,8.39198689846674e-05,0.0547948725457661
"p3","beta",58,12,"ecx4param",0.340310508269223,0.0142688374942875,0.0249497223471008
"p3","beta",59,11,"ecxwb2",0.47673181334512,0.000512721508131895,0.038632912026774
"p3","beta",60,10,"ecx4param",0.458322818650135,0.0140786789783926,0.0542342306641218
"p3","beta",61,10,"ecxwb2",0.932987493620493,0.00037716472169217,0.0436172222051353
"p3","beta",62,11,"ecxwb2",0.60847230426237,0.00755608150717265,0.0257154846788705
"p3","beta",63,11,"ecxwb2",0.784520191565471,0.0465746739374049,0.0712116627505334
"p3","beta",64,12,"ecxwb2",0.705328282184373,0.0265810193256945,0.0387714047583381
"p3","beta",65,11,"ecxwb2",0.552485416380685,0.00278746148308704,0.0256634223774291
"p3","beta",66,11,"ecxwb2",0.358194421196102,0.00637679203118026,0.020213213436116
"p3","beta",67,11,"ecxwb2",0.388848067702081,0.000214061637052109,0.008779238710771
"p3","beta",68,10,"ecxwb2",0.775052982977411,0.00206627171519572,0.0251154762555869
"p3","beta",69,11,"ecxwb2",0.455885460093389,8.28509313689633e-07,0.0428524104192346
"p3","beta",70,12,"ecxwb2",0.797689795261906,0.0214008416091479,0.0214308205907756
"p3","beta",71,9,"ecx4param",0.827160718112513,0.00439446919217435,0.0160414736524382
"p3","beta",72,11,"ecxwb2",0.404101555906241,0.0279487601036778,0.0254277799849008
"p3","beta",73,11,"ecxwb2",0.833491237911588,0.065406539353464,0.0771175661126051
"p3","beta",74,12,"ecxwb2",0.676937276203317,0.0616772507956831,0.0254251292492117
"p3","beta",75,11,"ecxll4",0.393244562048667,0.000353846507011229,0.00677053356740775
"p3","beta",76,11,"ecxll4",0.515712617574123,0.00642393216657265,0.00993931663335383
"p3","beta",77,9,"ecx4param",0.596869919646148,0.0141082330084143,0.0198313126152689
"p3","beta",78,11,"ecxwb2",0.876904179639667,0.00522150691528587,0.0472190023365151
"p3","beta",79,11,"ecxll4",0.525518012110338,0.000337105735383636,0.00493677613993252
"p3","beta",80,11,"ecxwb2",0.709756580569006,0.00675908735762544,0.0322950087550394
"p3","beta",81,11,"ecxwb2",0.877276187392901,0.00818926397032617,0.0310677909946301
"p3","beta",82,11,"ecxll4",0.443687406481056,4.68810298740263e-05,0.00943219797563533
"p3","beta",83,12,"ecx4param",0.502137458708302,0.00665495931680364,0.0403208433322949
"p3","beta",84,12,"ecxwb2",0.772713458051912,0.0595701382582153,0.0755278158960537
"p3","beta",85,11,"ecx4param",0.414372831079745,0.000876931052585101,0.0164607696617904
"p3","beta",86,11,"ecxwb2",0.80584487654675,0.0580641096458096,0.0742929781902524
"p3","beta",87,11,"ecxwb2",0.618089787551053,0.0927030491591699,0.0703569271650368
"p3","beta",88,12,"ecxll4",0.362564967370727,0.000571126552126177,0.00616748553165945
"p3","beta",89,11,"ecxwb2",0.497693732444491,0.00322892908150047,0.0169897316947593
"p3","beta",90,11,"ecxwb2",0.628772704966556,0.00564400661507075,0.0134311331339965
"p3","beta",91,11,"ecx4param",0.410800933103019,0.0024714765650455,0.0156706637632994
"p3","beta",92,12,"ecx4param",0.353566399154686,0.00267673407023512,0.0135338674098337
"p3","beta",93,11,"ecxwb2",0.709031838294809,0.00966795431443395,0.0397516603042678
"p3","beta",94,11,"ecxwb2",0.792915435698426,0.0114954670451389,0.0382029562310472
"p3","beta",95,11,"ecxwb2",0.826813331167066,0.0044830207682038,0.0370396924983563
"p3","beta",96,11,"ecxll4",0.3734991757797,0.0012579075692631,0.0193723306540601
"p3","beta",97,11,"ecx4param",0.359591819499429,0.00312201861390635,0.0192530953551807
"p3","beta",98,12,"ecxwb2",0.449806995034757,0.0272014633969763,0.0302174693272249
"p3","beta",99,11,"ecx4param",0.4268465851634,0.00137772739320213,0.0106532351832795
"p3","beta",100,11,"ecxll4",0.422927523779132,0.00279096462548893,0.0123148802087821
"p3","censored",1,14,"neclin",0.82388988006214,0.109980954190169,0.000193050109451696
"p3","censored",2,13,"neclin",0.792353077058519,0.102654192806407,0.000836224128876847
"p3","censored",3,12,"neclin",0.574227578884386,0.232057286460158,0.000313491813738172
"p3","censored",4,11,"nec4param",0.545965865509921,0.545965865509921,8.05988456792273e-06
"p3","censored",5,12,"nec4param",0.420543896448712,0.420543896448712,0.000492677999341077
"p3","censored",6,11,"nec4param",0.631796773673873,0.631796773673873,2.68309245630616e-07
"p3","censored",7,14,"neclin",0.560042160988234,0.239726830246841,0.00022273097364259
"p3","censored",8,13,"nec4param",0.753542395716937,0.753542395716937,0.00251151627151648
"p3","censored",9,14,"nec4param",0.371135832061286,0.371135832061286,0.000146800875645631
"p3","censored",10,14,"neclin",0.592456051059741,0.269982050535601,4.82105924307059e-05
"p3","censored",11,14,"nec4param",0.494713098623515,0.494713098623515,7.60551676860412e-05
"p3","censored",12,13,"neclin",0.594820911202031,0.223456744043649,0.000984663035081598
"p3","censored",13,13,"nec4param",0.801750254666963,0.801750254666963,2.48708463161705e-05
"p3","censored",14,14,"nec4param",0.474748724449847,0.474748724449847,0.000998989279039315
"p3","censored",15,14,"nec4param",0.561096347072067,0.561096347072067,0.00160297495778606
"p3","censored",16,13,"neclin",0.676349813832675,0.219941478158651,0.00202786382800137
"p3","censored",17,13,"neclin",0.855594964162943,0.0956932114345716,0.000167611049712462
"p3","censored",18,14,"neclin",0.403196820650422,0.37179735603067,0.000356333928009034
"p3","censored",19,13,"neclin",0.689128348913372,0.302087407164797,6.32699452560543e-05
"p3","censored",20,14,"neclin",0.651037868883514,0.230711402257217,6.63640955873546e-06
"p3","censored",21,13,"nec4param",0.454991248019145,0.454991248019145,0.0075927935649182
"p3","censored",22,12,"neclin",0.469708502503987,0.342639181058001,0.000362899431637696
"p3","censored",23,14,"nec4param",0.419853516384681,0.419853516384681,0.00028807976743069
"p3","censored",24,13,"neclin",0.429176985460051,0.378182186049958,0.00330366992257503
"p3","censored",25,13,"neclin",0.621209618489608,0.32004307293634,0.000159362882089484
"p3","censored",26,12,"neclin",0.826233698011194,0.120460100083222,0.00022989901972739
"p3","censored",27,13,"neclin",0.648609984107168,0.3473394349502,0.000255086930280282
"p3","censored",28,12,"nec4param",0.609088421106025,0.609088421106025,5.00034972868303e-06
"p3","censored",29,13,"nec4param",0.71404740004368,0.71404740004368,1.89126659798966e-05
"p3","censored",30,13,"neclin",0.539547873014317,0.280719115005889,0.00555123288146906
"p3","censored",31,13,"nec4param",0.487302900425532,0.487302900425532,1.10634004646199e-05
"p3","censored",32,11,"nec4param",0.454488041950253,0.454488041950253,0.000216343805491696
"p3","censored",33,14,"neclin",0.600671310162017,0.0453203549107776,0.000745386654028096
"p3","censored",34,14,"nec4param",0.408214011892624,0.408214011892624,5.12647087038602e-05
"p3","censored",35,12,"neclin",0.722798504314264,0.255633557781065,0.000345713034071755
"p3","censored",36,12,"neclin",0.624248516603178,0.289396760695062,0.00266814853817204
"p3","censored",37,13,"neclin",0.527774411433586,0.358689188152258,0.000543701399502484
"p3","censored",38,13,"nec4param",0.514705395685298,0.514705395685298,4.9575163092322e-07
"p3","censored",39,13,"nec4param",0.574229172430574,0.574229172430574,1.24609407385854e-05
"p3","censored",40,13,"nec4param",0.528288653062259,0.528288653062259,6.51760300744342e-07
"p3","censored",41,13,"neclin",0.876316173545899,0.0388377197660941,0.00135027920193375
"p3","censored",42,11,"neclin",0.976434589164121,0.023157952418281,1.96602639115627e-06
"p3","censored",43,14,"neclin",0.859453127482491,0.0605929692529387,0.000164408929434169
"p3","censored",44,11,"neclin",0.616477800792369,0.0512969492449681,0.00726264009763088
"p3","censored",45,13,"neclin",0.624693413544379,0.17613954867491,0.00434142381800473
"p3","censored",46,14,"neclin",0.601609917668501,0.0151984696022244,0.00117349006763642
"p3","censored",47,13,"nec4param",0.76394024921603,0.76394024921603,0.000867345505236836
"p3","censored",48,13,"neclin",0.784155479883027,0.208435923138012,4.13128538941096e-05
"p3","censored",49,12,"nec4param",0.564933393958114,0.564933393958114,0.00203687422183592
"p3","censored",50,13,"neclin",0.849169823665978,0.082849176506636,0.000546777256844305
"p3","censored",51,14,"neclin",0.615158985061479,0.219487305373065,7.32689404005564e-05
"p3","censored",52,13,"neclin",0.743473537056124,0.104206117626919,7.15048323925111e-05
"p3","censored",53,13,"neclin",0.388206720856388,0.388053628628721,0.000158409809510497
"p3","censored",54,13,"neclin",0.924715417017829,0.0309995971834251,5.81735503843245e-05
"p3","censored",55,12,"neclin",0.456045892287494,0.262729270773433,0.000540205992376007
"p3","censored",56,13,"nec4param",0.68784572084417,0.68784572084417,0.00152102850639453
"p3","censored",57,14,"neclin",0.528915218163992,0.0998724610666432,0.00160751449483446
"p3","censored",58,14,"nec4param",0.643066257844492,0.643066257844492,8.32419839235583e-05
"p3","censored",59,12,"neclin",0.40564020981466,0.385524520631841,7.19007736946421e-05
"p3","censored",60,13,"neclin",0.401609925137012,0.0226069824486911,0.00267737937834138
"p3","censored",61,13,"nec4param",0.634665235517718,0.634665235517718,0.0132951375249155
"p3","censored",62,14,"neclin",0.598935997633212,0.223745433110189,0.000154288835017111
"p3","censored",63,13,"neclin",0.631530966671383,0.365107353718646,1.46813293833952e-05
"p3","censored",64,14,"nec4param",0.477314895610673,0.477314895610673,9.73319971394294e-06
"p3","censored",65,14,"nec4param",0.485081780248858,0.485081780248858,5.22286944275479e-06
"p3","censored",66,13,"neclin",0.692698153096825,0.217182767625696,8.25213092906002e-06
"p3","censored",67,13,"nec4param",0.610430879126499,0.610430879126499,0.00669675943032756
"p3","censored",68,13,"neclin",0.469308279895922,0.316865858559405,1.0496060198266e-05
"p3","censored",69,13,"ecxwb2",0.340619285865478,0.317742664168382,0.00370983438334259
"p3","censored",70,14,"neclin",0.327212546803127,0.261875203676344,0.00471162786835631
"p3","censored",71,12,"nec4param",0.468629281015996,0.468629281015996,8.60152865859649e-05
"p3","censored",72,14,"neclin",0.650277362212279,0.237044135747235,7.56218569910823e-06
"p3","censored",73,12,"nec4param",0.85198088178217,0.85198088178217,7.36898794454495e-08
"p3","censored",74,14,"neclin",0.791531255763488,0.149072263141874,2.76128208715444e-06
"p3","censored",75,13,"neclin",0.952638820679505,0.0432515439818783,5.14288664090038e-06
"p3","censored",76,14,"neclin",0.559540950305756,0.100817909055648,0.000508083489612975
"p3","censored",77,11,"neclin",0.556586444442186,0.163348210205548,0.000275166754247933
"p3","censored",78,13,"nec4param",0.850733713384875,0.850733713384875,0.00145995559329414
"p3","censored",79,14,"ecxll5",0.292792758801014,0.0445770275260346,0.00597570444698561
"p3","censored",80,13,"nec4param",0.533310556186162,0.533310556186162,2.91616846431038e-05
"p3","censored",81,14,"ecxll5",0.497007170196552,0.43419112940919,0.000160065054804168
"p3","censored",82,14,"neclin",0.57697011492638,0.00210302574702112,0.000346019488310747
"p3","censored",83,13,"neclin",0.536748363426459,0.252675060327612,0.000333618316385242
"p3","censored",84,14,"neclin",0.409075525196611,0.406569031706339,8.13985153868319e-06
"p3","censored",85,13,"nec4param",0.535811874546932,0.535811874546932,0.000693918107130982
"p3","censored",86,13,"nec4param",0.752834563458998,0.752834563458998,0.0029666482113398
"p3","censored",87,14,"neclin",0.707491504231043,0.190220045730019,8.3997740866225e-08
"p3","censored",88,13,"nec4param",0.467712419208921,0.467712419208921,0.000586377174715029
"p3","censored",89,14,"ecxll5",0.44037349797317,0.117506234066052,0.000466885245305864
"p3","censored",90,13,"nec4param",0.400135687899593,0.400135687899593,0.00359574039202661
"p3","censored",91,13,"neclin",0.486122965905706,0.161966077071022,0.000797226608864355
"p3","censored",92,14,"neclin",0.536999046432108,0.290967838001341,7.35150789065368e-06
"p3","censored",93,13,"nec4param",0.86782768462367,0.86782768462367,0.000568912001201327
"p3","censored",94,13,"neclin",0.550054754395274,0.448330634326367,7.5799129988576e-06
"p3","censored",95,13,"neclin",0.633751589071886,0.365499247562553,9.30825356394967e-06
"p3","censored",96,13,"neclin",0.624533371704777,0.124665131210072,0.000588629641740855
"p3","censored",97,13,"neclin",0.740970619542909,0.216896665274943,0.00028869268202879
"p3","censored",98,13,"neclin",0.508963215420183,0.383604820755784,0.00167540162596274
"p3","censored",99,14,"neclin",0.433461055076156,0.368110539215059,1.33601836396497e-05
"p3","censored",100,13,"neclin",0.641504872650221,0.0718045709206528,0.00125660551576183
"p3","deleted",1,14,"neclin",0.857267469911369,0.0661895996841411,0.0539442346166065
"p3","deleted",2,12,"neclin",0.763745492721593,0.035094014095849,0.130813499523846
"p3","deleted",3,13,"neclin",0.698449642543303,0.194233601285336,0.0817106813388929
"p3","deleted",4,14,"neclin",0.512598654022885,0.288489921033613,0.00154136395594835
"p3","deleted",5,13,"nec4param",0.485859349328049,0.485859349328049,0.272320790863735
"p3","deleted",6,13,"nec4param",0.501604240920644,0.501604240920644,0.00108369427916859
"p3","deleted",7,14,"neclin",0.669387654100867,0.167625919707075,0.0215926681714369
"p3","deleted",8,14,"nec4param",0.372433641926886,0.372433641926886,0.297532088018119
"p3","deleted",9,13,"neclin",0.531456899392558,0.397323090373793,0.0631976127852948
"p3","deleted",10,13,"neclin",0.767754081392616,0.179128256272563,0.0428427939649261
"p3","deleted",11,14,"nec4param",0.449846528181381,0.449846528181381,0.0158111520597472
"p3","deleted",12,14,"neclin",0.576732746655362,0.0999034047104351,0.0843574310660878
"p3","deleted",13,13,"nec4param",0.648984451375923,0.648984451375923,0.0309096523262105
"p3","deleted",14,13,"nec4param",0.387005146244857,0.387005146244857,0.222060061701259
"p3","deleted",15,13,"nec4param",0.754062128033156,0.754062128033156,0.145640987012352
"p3","deleted",16,13,"neclin",0.656814427576149,0.119418155264382,0.205402984296903
"p3","deleted",17,14,"neclin",0.882240919466274,0.0510073906056388,0.0433437222459583
"p3","deleted",18,14,"neclin",0.492366993086172,0.307009935551744,0.0653371040254286
"p3","deleted",19,13,"neclin",0.811856160027601,0.157120890563721,0.026420846549624
"p3","deleted",20,14,"neclin",0.827862137095101,0.119969481247639,0.00344712326946358
"p3","deleted",21,14,"ecxsigm",0.275459369038436,0.0994462853074961,0.495010537356953
"p3","deleted",22,14,"neclin",0.523553993342816,0.238122640434883,0.165170772612979
"p3","deleted",23,13,"nec4param",0.608471425911894,0.608471425911894,0.116143333839443
"p3","deleted",24,13,"neclin",0.395617404771632,0.192095259301542,0.327171973104767
"p3","deleted",25,13,"neclin",0.766400504276804,0.151834438113651,0.0517866450588978
"p3","deleted",26,14,"neclin",0.900214610012713,0.0584454486051196,0.024613889705126
"p3","deleted",27,13,"neclin",0.750064301833769,0.223095659071871,0.0248091365454289
"p3","deleted",28,13,"neclin",0.544875489532647,0.446396115562386,0.00818424231316793
"p3","deleted",29,13,"nec4param",0.587991475353902,0.587991475353902,0.0151436905813662
"p3","deleted",30,13,"neclin",0.525325255600569,0.104086123567908,0.332614789836906
"p3","deleted",31,14,"nec4param",0.427413858786327,0.427413858786327,0.0150705802170775
"p3","deleted",32,14,"nec4param",0.37506575026348,0.37506575026348,0.150081795174205
"p3","deleted",33,13,"neclin",0.590955398274198,0.0306430897441677,0.326923120172466
"p3","deleted",34,14,"neclin",0.43080763754804,0.385308986977551,0.0441928454871944
"p3","deleted",35,13,"neclin",0.741308345500584,0.152629025274341,0.098479211799702
"p3","deleted",36,14,"neclin",0.532018923605409,0.129817446005806,0.25095164081907
"p3","deleted",37,13,"neclin",0.523143702700415,0.255910706608863,0.166464702062328
"p3","deleted",38,13,"nec4param",0.652108974084051,0.652108974084051,0.000902665031853501
"p3","deleted",39,13,"neclin",0.527461154393815,0.455291921003907,0.0152127352806539
"p3","deleted",40,13,"nec4param",0.633170370697448,0.633170370697448,0.00383429232484868
"p3","deleted",41,13,"neclin",0.798004442225908,0.00412776719819117,0.155061045511904
"p3","deleted",42,14,"neclin",0.992175440443243,0.00627503043615484,0.000296829046499409
"p3","deleted",43,13,"neclin",0.891657905486918,0.0239477119587309,0.0568704093081885
"p3","deleted",44,13,"neclin",0.418580278282732,0.00636626091833748,0.487179132264433
"p3","deleted",45,14,"neclin",0.486506066267038,0.0617571146943083,0.344802719256416
"p3","deleted",46,13,"neclin",0.654761925888682,0.00693448732904756,0.312184784436015
"p3","deleted",47,13,"nec4param",0.58333864450903,0.58333864450903,0.152983592233308
"p3","deleted",48,13,"neclin",0.866074131073564,0.110993040828794,0.0171045078821989
"p3","deleted",49,13,"nec4param",0.277158577642741,0.277158577642741,0.462153301726186
"p3","deleted",50,13,"neclin",0.847880238464528,0.0303876324302439,0.0885552839552023
"p3","deleted",51,14,"neclin",0.741121440773235,0.138515803521939,0.0372343437243333
"p3","deleted",52,14,"neclin",0.818255122957864,0.0571971228510809,0.0282989396450981
"p3","deleted",53,13,"neclin",0.483403629696319,0.387331240340292,0.0992737972498462
"p3","deleted",54,13,"neclin",0.952191277813323,0.00545979404073024,0.0155404413215762
"p3","deleted",55,13,"neclin",0.583273949874494,0.153784428065713,0.231194975835605
"p3","deleted",56,13,"nec4param",0.524522291964326,0.524522291964326,0.265828434854496
"p3","deleted",57,14,"neclin",0.555471067057289,0.0539208413370365,0.155193732023602
"p3","deleted",58,13,"nec4param",0.708609634514522,0.708609634514522,0.0902133287435997
"p3","deleted",59,14,"neclin",0.498871648905985,0.319789679054117,0.0656180100922115
"p3","deleted",60,14,"neclin",0.347499463472353,0.00180508175617271,0.414366433689175
"p3","deleted",61,13,"ecxwb2p3",0.338932607972972,0.118392167310385,0.630515593816944
"p3","deleted",62,14,"neclin",0.675017386123121,0.155238444269059,0.051111151801916
"p3","deleted",63,13,"neclin",0.732212849888642,0.253168131417663,0.013025775297196
"p3","deleted",64,13,"nec4param",0.626153219536241,0.626153219536241,0.0128949830861972
"p3","deleted",65,14,"nec4param",0.428767792488886,0.428767792488886,0.00960953279143387
"p3","deleted",66,14,"neclin",0.828714231104181,0.12848832702516,0.00783752768354636
"p3","deleted",67,14,"ecxwb2p3",0.27953142154661,0.22428037748797,0.43549644797128
"p3","deleted",68,14,"neclin",0.612882936083733,0.222168076604286,0.00723147252695929
"p3","deleted",69,13,"ecxsigm",0.361905433466262,0.120698499238688,0.41835100642784
"p3","deleted",70,14,"ecxsigm",0.448238603597644,0.117040650377733,0.544080641784619
"p3","deleted",71,13,"neclin",0.469723858541491,0.357418239431105,0.0861387076102976
"p3","deleted",72,13,"neclin",0.758169218267462,0.2275714038458,0.0112349108545232
"p3","deleted",73,13,"nec4param",0.788881276979597,0.788881276979597,8.6129921778019e-05
"p3","deleted",74,13,"neclin",0.897028220730011,0.0985076058732721,0.00365867012710936
"p3","deleted",75,13,"neclin",0.977476944223819,0.013898547764984,0.00313790153543047
"p3","deleted",76,13,"neclin",0.684073080876068,0.0567577926497822,0.200878205777297
"p3","deleted",77,13,"neclin",0.685619535348832,0.124810518662376,0.15116197519704
"p3","deleted",78,13,"nec4param",0.763914726716584,0.763914726716584,0.0178627705374652
"p3","deleted",79,14,"ecxsigm",0.259063510616679,0.0115890698658177,0.50872041799299
"p3","deleted",80,13,"neclin",0.563245096925043,0.424442828969602,0.0110938082831557
"p3","deleted",81,14,"nec4param",0.396854502380964,0.396854502380964,0.117120966600925
"p3","deleted",82,14,"neclin",0.572504871481623,0.000133452041074035,0.0884823006916487
"p3","deleted",83,13,"neclin",0.624003723049742,0.173803833598285,0.0926854392294134
"p3","deleted",84,14,"neclin",0.549167437434705,0.301076515688121,0.00553610923296244
"p3","deleted",85,13,"neclin",0.448811937056925,0.403675224759249,0.125186249065637
"p3","deleted",86,13,"nec4param",0.455590660092917,0.455590660092917,0.417613254635029
"p3","deleted",87,14,"neclin",0.815507602384741,0.126279126352828,0.000164261161668646
"p3","deleted",88,13,"neclin",0.529783014056151,0.26663916489732,0.12953847927219
"p3","deleted",89,14,"neclin",0.376856221734066,0.0956971950801131,0.149755125035185
"p3","deleted",90,13,"neclin",0.235358413277682,0.216244371072537,0.438964326070383
"p3","deleted",91,14,"neclin",0.458938575314733,0.0417818843068906,0.185422130317337
"p3","deleted",92,14,"neclin",0.657774548143368,0.234061570191742,0.00828471887056225
"p3","deleted",93,13,"nec4param",0.749839462883825,0.749839462883825,0.0892137793504819
"p3","deleted",94,13,"neclin",0.676212774323632,0.307386907169637,0.014984256349956
"p3","deleted",95,13,"neclin",0.729136656625228,0.257849051400699,0.0116173254967046
"p3","deleted",96,13,"neclin",0.749325378590263,0.0534396895044218,0.161042592714765
"p3","deleted",97,13,"neclin",0.801974548108477,0.101471925087969,0.067514781334734
"p3","deleted",98,14,"neclin",0.512094752183525,0.215709980613581,0.167984087696576
"p3","deleted",99,13,"neclin",0.590326650351464,0.291851712139478,0.00644992569925931
"p3","deleted",100,13,"neclin",0.652868536749194,0.018065714933853,0.210408512193818
"p3","floored",1,14,"ecxsigm",0.941771945286,1.08456210646307e-07,0.968262350042694
"p3","floored",2,13,"ecxsigm",0.658846453693734,2.20567285522497e-07,0.819668001647416
"p3","floored",3,12,"ecxsigm",0.774934563804334,0.000121314153771037,0.927762544949377
"p3","floored",4,11,"ecxsigm",0.909387270717433,0.00769320686945393,0.950063219837035
"p3","floored",5,12,"ecxsigm",0.603467338977799,0.00208357118648089,0.791415026589346
"p3","floored",6,11,"ecxsigm",0.898904167061565,0.0129620725300654,0.943684526229984
"p3","floored",7,14,"ecxsigm",0.888615684428099,0.00303592812338884,0.943506802080841
"p3","floored",8,13,"ecxsigm",0.887810112061439,1.82341353949716e-06,0.944501259366675
"p3","floored",9,14,"ecxsigm",0.858395003897687,5.90966934589485e-05,0.929197580330135
"p3","floored",10,14,"ecxsigm",0.884362116560235,0.000304318851637939,0.931361354503514
"p3","floored",11,14,"ecxsigm",0.876904032167975,0.000846823786173342,0.940047883798199
"p3","floored",12,13,"ecxsigm",0.617058879087202,3.411657348018e-09,0.795618467891986
"p3","floored",13,13,"ecxsigm",0.833161268843353,0.0002105913513364,0.907853717251615
"p3","floored",14,14,"ecxsigm",0.739912819028905,0.000838542683074024,0.86308363837134
"p3","floored",15,14,"ecxsigm",0.901727373910868,0.000142957990572952,0.950227703888982
"p3","floored",16,13,"ecxsigm",0.917190064294336,1.68522334403284e-09,0.951787348779495
"p3","floored",17,13,"ecxsigm",0.901343691605552,7.43683067126173e-09,0.953397568711487
"p3","floored",18,14,"ecxsigm",0.872695979415925,0.00749352295491712,0.935253406166246
"p3","floored",19,13,"ecxsigm",0.887953474066243,0.00101944960345381,0.93535820098939
"p3","floored",20,14,"ecxsigm",0.895705607246111,5.22372028623746e-05,0.940369406404582
"p3","floored",21,13,"ecxsigm",0.774942610718014,0.000935414709276141,0.87423049786382
"p3","floored",22,12,"ecxsigm",0.853047367703026,0.00206307035762731,0.900798835701039
"p3","floored",23,14,"ecxsigm",0.629449424217888,0.0197977802357283,0.802623319450154
"p3","floored",24,13,"ecxsigm",0.864861411388158,1.71976835368358e-05,0.924397654131421
"p3","floored",25,13,"ecxsigm",0.85742560097583,8.81609792190847e-05,0.92194127546538
"p3","floored",26,12,"ecxsigm",0.959636026124609,8.38866463566491e-10,0.966760622391579
"p3","floored",27,13,"ecxsigm",0.886362259696033,0.000457510555314663,0.940836659582212
"p3","floored",28,12,"ecxsigm",0.942687546494006,0.00117950306559846,0.966569420003246
"p3","floored",29,13,"ecxsigm",0.851974173287863,0.00184014689960047,0.931501689000783
"p3","floored",30,13,"ecxsigm",0.877103515923844,3.08761590385849e-05,0.940647903410039
"p3","floored",31,13,"ecxsigm",0.836006689814879,0.00196147032267883,0.913428330168545
"p3","floored",32,11,"ecxsigm",0.910332629019057,0.000107281767415992,0.94576032694945
"p3","floored",33,14,"ecxsigm",0.857105443186146,7.26258758213089e-08,0.91476608779575
"p3","floored",34,14,"ecxsigm",0.919617702905483,0.00218532532064011,0.958345710322261
"p3","floored",35,12,"ecxsigm",0.909940969333794,0.000128645549161436,0.948911076200599
"p3","floored",36,12,"ecxsigm",0.873695630930699,0.00413696548176115,0.924110698633645
"p3","floored",37,13,"ecxsigm",0.787034105988797,0.00395866295028178,0.887098722264404
"p3","floored",38,13,"ecxsigm",0.893528825891175,0.00802293155642523,0.939437506451055
"p3","floored",39,13,"ecxsigm",0.852661764892215,0.00821877099742709,0.923651915056642
"p3","floored",40,13,"ecxsigm",0.809433618748435,0.0571199566824032,0.877449381290904
"p3","floored",41,13,"ecxsigm",0.842785886337025,2.82663742942903e-10,0.919382185744182
"p3","floored",42,11,"ecxsigm",0.83296582548317,2.10650516717064e-05,0.838744144845913
"p3","floored",43,14,"ecxsigm",0.764479236738059,8.00067275343211e-08,0.866077828741967
"p3","floored",44,11,"ecxsigm",0.871379288990986,3.51757733190955e-09,0.911848886159909
"p3","floored",45,13,"ecxsigm",0.733600446807148,1.39623076499122e-06,0.879778935641713
"p3","floored",46,14,"ecxsigm",0.96711453635535,3.1002776689967e-06,0.981242217465076
"p3","floored",47,13,"ecxsigm",0.56771881537495,0.000780944214581558,0.792344078709623
"p3","floored",48,13,"ecxsigm",0.756910733517986,1.70098102701715e-08,0.870034631116099
"p3","floored",49,12,"ecxsigm",0.640787061863836,3.21642302692194e-06,0.734062316530934
"p3","floored",50,13,"ecxsigm",0.823860674448513,8.6208421238887e-07,0.900655712075804
"p3","floored",51,14,"ecxsigm",0.876021464890055,0.000204720370205889,0.93493201875672
"p3","floored",52,13,"ecxsigm",0.901274491417851,0.00077057246322423,0.934490581433408
"p3","floored",53,13,"ecxsigm",0.823529859275624,0.00126054042490947,0.880037273079217
"p3","floored",54,13,"ecxsigm",0.484814034460607,1.8803564065953e-11,0.788394540404875
"p3","floored",55,12,"ecxsigm",0.923918946359453,1.57549520294246e-05,0.945630244539655
"p3","floored",56,13,"ecxsigm",0.546489171257517,1.23715255711442e-05,0.768838067636298
"p3","floored",57,14,"ecxsigm",0.452848113436107,3.92791801507377e-07,0.689036858356587
"p3","floored",58,14,"ecxsigm",0.916764441117789,1.12551035876802e-05,0.953967277269795
"p3","floored",59,12,"ecxsigm",0.772483593178928,2.08337146473101e-05,0.812076811463489
"p3","floored",60,13,"ecxsigm",0.625826088164146,1.46738629918222e-08,0.725874904462241
"p3","floored",61,13,"ecxsigm",0.712945389421482,2.30889622471923e-05,0.858189051531354
"p3","floored",62,14,"ecxsigm",0.931561882680132,0.00188112104015699,0.965089004578424
"p3","floored",63,13,"ecxsigm",0.836573295627595,0.0137927953101019,0.911028938767637
"p3","floored",64,14,"ecxsigm",0.914588941726972,0.00132588861342377,0.955034792906684
"p3","floored",65,14,"ecxsigm",0.816780804727864,0.0109223504614389,0.900721675977106
"p3","floored",66,13,"ecxsigm",0.829490672548348,0.00299621150742205,0.901539274265353
"p3","floored",67,13,"ecxsigm",0.503012740903751,0.000251084870219745,0.770060369096439
"p3","floored",68,13,"ecxsigm",0.908681850032484,0.00327980859720693,0.954332858195886
"p3","floored",69,13,"ecxsigm",0.875277180123595,2.22592039319132e-06,0.931380690521053
"p3","floored",70,14,"ecxsigm",0.881913149696637,0.000995077459796965,0.934995858516057
"p3","floored",71,12,"ecxsigm",0.75206185781376,0.000280336182526613,0.76933273697233
"p3","floored",72,14,"ecxsigm",0.893708252495089,0.00588954504953184,0.943917236242782
"p3","floored",73,12,"ecxsigm",0.888087987559021,0.0376391707137774,0.925658865038745
"p3","floored",74,14,"ecxsigm",0.947951359135039,6.50901676199025e-05,0.970456396404608
"p3","floored",75,13,"ecxsigm",0.811060776335752,1.23322441737871e-06,0.911740467650954
"p3","floored",76,14,"ecxsigm",0.879337191877684,4.39214921718029e-07,0.927124992508373
"p3","floored",77,11,"ecxsigm",0.826430712307211,0.000103208951365218,0.904952187087586
"p3","floored",78,13,"ecxsigm",0.734643651272565,0.0588416548977048,0.865201681455867
"p3","floored",79,14,"ecxsigm",0.544622936584701,1.46918704457731e-05,0.763649164657731
"p3","floored",80,13,"ecxsigm",0.865935383697263,0.00340266885487326,0.929640188736358
"p3","floored",81,14,"ecxsigm",0.717960204008209,0.0221838904250671,0.858748664303546
"p3","floored",82,14,"ecxwb1p3",0.301823647424995,2.31400687131623e-12,0.568530918823053
"p3","floored",83,13,"ecxsigm",0.420160291728332,5.00885811086134e-06,0.621144499608249
"p3","floored",84,14,"ecxsigm",0.899849054653247,0.0036808157149765,0.94326958893559
"p3","floored",85,13,"ecxsigm",0.834559130253776,3.56329874994514e-05,0.910896566313573
"p3","floored",86,13,"ecxsigm",0.689531940693615,0.00317745902216418,0.832755254295145
"p3","floored",87,14,"ecxsigm",0.899387526935823,0.00101527277580804,0.954855429508674
"p3","floored",88,13,"ecxsigm",0.856400228023527,2.13549236586185e-07,0.914263826332683
"p3","floored",89,14,"ecxsigm",0.824205742867336,2.35045193532272e-05,0.894887386842902
"p3","floored",90,13,"ecxsigm",0.578696475376328,3.91580615863076e-05,0.786898455399403
"p3","floored",91,13,"ecxsigm",0.524870906075819,6.74116877183768e-08,0.753615257795942
"p3","floored",92,14,"ecxsigm",0.767831061900377,0.00421273260782681,0.88317826047891
"p3","floored",93,13,"ecxsigm",0.780954200924201,0.0106597563337735,0.883916344300961
"p3","floored",94,13,"ecxsigm",0.955630230686692,6.61501600542307e-05,0.975370581341428
"p3","floored",95,13,"ecxsigm",0.944839315047273,5.13181747906629e-06,0.969022761515007
"p3","floored",96,13,"ecxsigm",0.899658570604452,0.000260383859130978,0.92156560691266
"p3","floored",97,13,"ecxsigm",0.834126416360311,1.67627807977632e-05,0.905386592906813
"p3","floored",98,13,"ecxsigm",0.887256499736245,8.61921830627121e-08,0.938952478953998
"p3","floored",99,14,"ecxsigm",0.847179117640321,0.00134218040905635,0.916472102773492
"p3","floored",100,13,"ecxsigm",0.684366610062228,7.7788534360912e-05,0.770314195082265
"p3","gamma",1,11,"ecxwb1",0.998164639262804,1.01763747706828e-08,0.000989304587344049
"p3","gamma",2,12,"ecxll5",0.516952048896121,1.06416179156619e-20,2.38199947144176e-42
"p3","gamma",3,11,"ecxwb1",0.987642366253997,1.18483499871308e-12,1.46621059598494e-26
"p3","gamma",4,11,"ecxwb1",0.999867262609871,3.4992870765097e-18,2.09873821759855e-34
"p3","gamma",5,11,"ecxwb1",0.719566948809399,9.786740001915e-31,1.22110407796279e-40
"p3","gamma",6,11,"ecxwb1",0.999999998706541,5.58495135436503e-23,4.12979316862058e-34
"p3","gamma",7,11,"ecxwb1",0.730704081633503,3.39149486119568e-15,1.31630106923107e-20
"p3","gamma",8,11,"ecxwb1",1,2.64432821082163e-30,5.80885487097892e-38
"p3","gamma",9,11,"ecxwb1",0.999999969208627,2.23797546726327e-17,5.7361450643987e-26
"p3","gamma",10,12,"ecxwb1",0.615626980966304,1.11744559102411e-17,1.80400056117639e-35
"p3","gamma",11,11,"ecxwb1",0.999999999999869,2.82434753230393e-32,4.42280220789166e-42
"p3","gamma",12,11,"ecxwb1",0.98526592315244,1.21327332783498e-05,5.69932061021673e-08
"p3","gamma",13,12,"ecxwb1",0.85416144792464,1.24365279991086e-17,7.73668424515333e-24
"p3","gamma",14,11,"ecxwb1",0.996578663126559,4.108595591687e-13,9.38309524216045e-22
"p3","gamma",15,11,"ecxwb1",0.999999966009323,3.89635227206737e-15,2.40458033505185e-16
"p3","gamma",16,9,"ecx4param",0.999820810457836,5.73319661335173e-12,1.0571540299593e-10
"p3","gamma",17,11,"ecxwb1",0.999999999999993,5.02247251632066e-28,2.34442147592966e-44
"p3","gamma",18,12,"ecxwb1",0.665172535814766,5.26421112087974e-18,1.36923325230094e-27
"p3","gamma",19,12,"ecxwb1",0.700382066443486,6.96552226467141e-09,4.68402702501308e-05
"p3","gamma",20,11,"ecxwb1",0.999999999852158,1.26512164332378e-24,2.75869040151017e-42
"p3","gamma",21,11,"ecxwb1",0.983427514617281,1.17634755859823e-07,0.00574290701954099
"p3","gamma",22,12,"ecxwb1",0.535023031906329,8.94337814538552e-24,1.23184109110846e-28
"p3","gamma",23,11,"ecxwb1",0.928290473434133,5.36589639607477e-14,5.19843827503457e-18
"p3","gamma",24,12,"ecxwb1",0.696337283334823,5.48377045905526e-34,1.64280565848479e-42
"p3","gamma",25,11,"ecxwb1",0.992060113430393,3.27933602339884e-14,2.89245335967884e-32
"p3","gamma",26,11,"ecxwb1",0.991030453171139,9.37894878497122e-08,0.000135069070655418
"p3","gamma",27,11,"ecxwb1",0.986868407487824,6.69808363798212e-11,0.00206375496008851
"p3","gamma",28,11,"ecxwb1",0.985960967452406,2.35372157101338e-16,8.07948271205088e-17
"p3","gamma",29,11,"ecxwb1",0.999999992118939,5.14826519343426e-21,5.37786931377576e-36
"p3","gamma",30,11,"ecxwb1",0.848274060782978,2.80993139776488e-10,4.88492897678571e-08
"p3","gamma",31,11,"ecxwb1",0.99670454573435,5.71801861180698e-18,1.69862786347045e-25
"p3","gamma",32,11,"ecxwb1",0.999999999980727,7.11380074692742e-26,5.2707717719085e-22
"p3","gamma",33,11,"ecxwb1",0.937434048428606,4.31727640750458e-14,2.17470421287955e-17
"p3","gamma",34,11,"ecxwb1",0.98349278677929,8.77085839315124e-18,7.13561817426402e-22
"p3","gamma",35,11,"ecxwb1",0.959061691105564,1.10613718597411e-15,2.58106143288389e-22
"p3","gamma",36,11,"ecxwb1",0.976383134590167,1.65574139465764e-15,2.3742177743581e-22
"p3","gamma",37,12,"ecxwb1",0.669374309804256,6.62328353271767e-19,3.33636006809421e-26
"p3","gamma",38,12,"ecxwb1",0.655341527521678,1.95168358132048e-29,6.7365240432772e-39
"p3","gamma",39,11,"ecxwb1",0.99300836421318,3.39246212092577e-17,1.20049958308968e-26
"p3","gamma",40,11,"ecxwb1",0.999999999999998,1.76106907804313e-30,2.77576814973969e-38
"p3","gamma",41,11,"ecxwb1",0.904997517936309,6.29471682187952e-06,1.15496144440001e-14
"p3","gamma",42,10,"ecxwb1",0.989082385318562,3.17032737970856e-16,1.09218646419808e-22
"p3","gamma",43,11,"ecxwb1",0.935462895268605,3.64914389530592e-14,2.89088606813099e-16
"p3","gamma",44,11,"ecxwb1",0.993249148868786,3.09385505745818e-13,1.10127417924773e-20
"p3","gamma",45,11,"ecxwb1",0.999999811107899,6.32927425197676e-18,4.28342636734137e-34
"p3","gamma",46,11,"ecxwb1",0.999999999999896,1.59451562068401e-28,7.26998809066404e-46
"p3","gamma",47,11,"ecxwb1",0.985320570599774,3.38641493280222e-17,3.82886233220939e-10
"p3","gamma",48,11,"ecxwb1",0.945646950031433,7.82009973027137e-09,8.77504525603139e-17
"p3","gamma",49,11,"ecxwb1",1,1.52353027255212e-29,2.10653319182796e-39
"p3","gamma",50,11,"ecxwb1",0.87019941156043,4.92821289415125e-13,8.97388370605592e-14
"p3","gamma",51,11,"ecxwb1",0.995995436441465,5.75689858094543e-08,1.07277365341228e-12
"p3","gamma",52,12,"ecxwb1",0.671702707341584,3.97858303936983e-12,1.14800146364335e-27
"p3","gamma",53,12,"ecxwb1",0.611576572788493,4.94481027747749e-12,3.8430620330932e-23
"p3","gamma",54,11,"ecxwb1",0.984263071468817,2.23311464733762e-11,3.1304480462218e-32
"p3","gamma",55,11,"ecxwb1",0.992215480902241,1.16970037683511e-18,9.90234624490409e-27
"p3","gamma",56,12,"ecxwb1",0.57997173736993,2.70121082569071e-16,2.22310651685089e-17
"p3","gamma",57,11,"ecxwb1",0.999999999999411,1.61561176620588e-33,2.53998741692074e-43
"p3","gamma",58,11,"ecxwb1",0.999999999999997,6.88833309282537e-37,1.19194228686491e-44
"p3","gamma",59,11,"ecxwb1",0.929456579356825,2.12044766848607e-10,3.21506443573561e-07
"p3","gamma",60,11,"ecxwb1",0.853543489245204,0.0062210722736174,3.74829609417899e-11
"p3","gamma",61,11,"ecxwb1",0.999999999288164,2.86279536819981e-17,2.29529455411804e-15
"p3","gamma",62,11,"ecxwb1",0.999999988299081,2.84768309508406e-23,6.32263357342384e-43
"p3","gamma",63,12,"ecxwb1",0.515078455963025,0.00500242775123343,1.13994651103696e-13
"p3","gamma",64,12,"ecxwb1",0.747546913213254,5.98282396826656e-34,2.97244779020208e-40
"p3","gamma",65,11,"ecxwb1",0.996171293331914,1.84528262283476e-09,7.14156084864079e-05
"p3","gamma",66,11,"ecxwb1",0.999999775966801,4.03297526735061e-22,3.64075179373756e-42
"p3","gamma",67,12,"ecxwb1",0.807200953721765,5.65498568185801e-27,5.15075012918273e-41
"p3","gamma",68,10,"ecxwb1",0.997355439472989,2.28476779892191e-14,4.15117757762527e-18
"p3","gamma",69,12,"ecxwb1",0.787190800199816,2.74566621791385e-12,3.68435602936958e-25
"p3","gamma",70,11,"ecxwb1",0.998966006726942,6.85409944826374e-06,0.000946486770986258
"p3","gamma",71,10,"ecxwb1",1,1.44590600688949e-34,2.93688389490045e-46
"p3","gamma",72,11,"ecxwb1",0.974850402259815,5.22460907674682e-17,1.80276290850527e-26
"p3","gamma",73,12,"ecxll5",0.508757101534375,2.06383033646851e-14,8.47587535588678e-17
"p3","gamma",74,10,"ecxll5",1,1.13157975317523e-33,1.61273457593979e-40
"p3","gamma",75,12,"ecxll5",0.509387567907287,1.43378902897973e-33,2.11204723389534e-55
"p3","gamma",76,11,"ecxwb1",0.968422227330528,6.68101301509101e-18,3.35915017949652e-27
"p3","gamma",77,12,"ecxwb1",0.673075038633208,8.96915904944211e-17,9.49842525398985e-24
"p3","gamma",78,11,"ecxwb1",0.940641710332525,2.47944493389163e-11,0.00285653638958261
"p3","gamma",79,11,"ecxwb1",0.99804346802788,1.37815731673996e-10,8.58026711929577e-09
"p3","gamma",80,11,"ecxwb1",0.91531057612862,7.080434988345e-10,1.33624508451072e-10
"p3","gamma",81,11,"ecxwb1",0.999999999999999,4.46811679583064e-32,1.54410104731366e-33
"p3","gamma",82,11,"ecxwb1",0.98536655257168,5.02600042691486e-15,1.95075934675014e-34
"p3","gamma",83,12,"ecxll5",0.670504223220422,2.2678339476848e-12,8.23127669759711e-16
"p3","gamma",84,11,"ecxwb1",0.993342637626709,4.12469533549102e-19,1.14457859610964e-29
"p3","gamma",85,12,"ecxwb1",0.577882868462724,8.52433489025581e-14,5.28802049341818e-20
"p3","gamma",86,11,"ecxwb1",0.989037397539105,1.6631522364959e-12,1.12437556247498e-24
"p3","gamma",87,12,"ecxwb1",0.73555942438565,2.69563995592187e-19,9.22739657933764e-36
"p3","gamma",88,11,"ecxwb1",0.999999711456352,4.9137084231521e-22,3.9764777708086e-39
"p3","gamma",89,12,"ecxwb1",0.587519953313884,2.20865864010917e-35,4.94978812158173e-46
"p3","gamma",90,9,"ecx4param",0.999999905890385,2.38422451652707e-13,7.71521351152771e-26
"p3","gamma",91,11,"ecxwb1",0.975185933257939,3.13671679620008e-12,4.03046907039386e-24
"p3","gamma",92,11,"ecxwb1",0.930152882973911,2.14738356914785e-14,4.85813751587428e-19
"p3","gamma",93,11,"ecxwb1",0.999999993631893,3.25156501968492e-28,2.96268387382602e-35
"p3","gamma",94,11,"ecxwb1",0.956977231981273,7.76676525485023e-15,3.0168908580947e-22
"p3","gamma",95,11,"ecxwb1",0.99999999999958,6.15386451629171e-30,2.74476956605957e-31
"p3","gamma",96,12,"ecxwb1",0.68858076601207,6.53423769795277e-16,6.91593777746096e-29
"p3","gamma",97,11,"ecxwb1",0.992644920458947,6.56236923773727e-19,6.06082031554312e-29
"p3","gamma",98,12,"ecxwb1",0.580923791587691,3.35080666906329e-11,7.52903748323227e-26
"p3","gamma",99,11,"ecxwb1",0.946592782450532,1.27300544968721e-11,8.16151561797461e-14
"p3","gamma",100,11,"ecxwb1",0.998191862448154,1.04298135429022e-15,2.37350248447312e-26
"p3","measured",1,13,"nec4param",0.999999817071522,0.999999817071522,2.3272765486034e-53
"p3","measured",2,14,"nec4param",0.600822771487535,0.600822771487535,6.23824683473525e-47
"p3","measured",3,13,"nec4param",0.997044283173401,0.997044283173401,7.25093551352376e-51
"p3","measured",4,13,"nec4param",0.999989297780596,0.999989297780596,2.93707968133191e-52
"p3","measured",5,12,"ecxll5",0.52192916907576,0.477460993067043,2.84049132221641e-50
"p3","measured",6,13,"nec4param",0.999999420077199,0.999999420077199,4.43884621352185e-57
"p3","measured",7,14,"nec4param",0.564636009332471,0.564636009332471,9.97105105624558e-54
"p3","measured",8,13,"nec4param",0.65128296711775,0.65128296711775,1.69978346724435e-59
"p3","measured",9,13,"nec4param",0.997711292618424,0.997711292618424,1.12232830556854e-50
"p3","measured",10,13,"nec4param",0.999854442002113,0.999854442002113,2.49398625069139e-55
"p3","measured",11,13,"nec4param",0.999999999794105,0.999999999794105,6.00576880814345e-57
"p3","measured",12,14,"ecxll5",0.592004163237292,0.406762239842214,3.54234719938386e-61
"p3","measured",13,13,"nec4param",0.999999398262568,0.999999398262568,6.71193218142651e-58
"p3","measured",14,13,"nec4param",0.999061851629272,0.999061851629272,4.19787390087604e-54
"p3","measured",15,13,"nec4param",0.999999739759213,0.999999739759213,1.53945810450555e-58
"p3","measured",16,13,"nec4param",0.99487632175408,0.99487632175408,9.45876467177132e-52
"p3","measured",17,11,"nec4param",0.999977287458955,0.999977287458955,3.10213228668096e-56
"p3","measured",18,13,"nec4param",0.999999343036489,0.999999343036489,1.54076591197548e-56
"p3","measured",19,13,"nec4param",0.999010247782248,0.999010247782248,3.37889229734524e-56
"p3","measured",20,14,"nec4param",0.618255622307566,0.618255622307566,6.71059063567285e-59
"p3","measured",21,13,"nec4param",0.991491726565598,0.991491726565598,5.72874894190569e-56
"p3","measured",22,12,"nec4param",0.584539810898057,0.584539810898057,2.70420210746201e-53
"p3","measured",23,13,"nec4param",0.99881727428828,0.99881727428828,7.26733930950834e-49
"p3","measured",24,13,"nec4param",0.9955290309869,0.9955290309869,6.97839386548336e-55
"p3","measured",25,13,"nec4param",0.992679492146401,0.992679492146401,1.62957453564823e-55
"p3","measured",26,12,"nec4param",0.585878620028151,0.585878620028151,1.78515406157948e-59
"p3","measured",27,14,"nec4param",0.62512348765628,0.62512348765628,9.03590243329993e-55
"p3","measured",28,12,"nec4param",0.999982248974601,0.999982248974601,1.60400381282619e-58
"p3","measured",29,13,"nec4param",0.999999895876073,0.999999895876073,9.2595616085867e-51
"p3","measured",30,13,"nec4param",0.999110678920705,0.999110678920705,4.35092528172733e-56
"p3","measured",31,13,"nec4param",0.635698024494053,0.635698024494053,1.30696836208736e-55
"p3","measured",32,13,"nec4param",0.543415699211048,0.543415699211048,1.17331007441842e-58
"p3","measured",33,13,"nec4param",0.999434971006468,0.999434971006468,4.25016633113303e-54
"p3","measured",34,12,"nec4param",0.984543803919095,0.984543803919095,2.4051428897723e-53
"p3","measured",35,12,"nec4param",0.999999865723326,0.999999865723326,1.52090193091381e-57
"p3","measured",36,13,"nec4param",0.571245593860472,0.571245593860472,1.5037275819983e-51
"p3","measured",37,13,"nec4param",0.999914018613201,0.999914018613201,4.86352698787477e-50
"p3","measured",38,12,"nec4param",0.999989891576788,0.999989891576788,5.93120511965226e-56
"p3","measured",39,13,"nec4param",0.997816104542288,0.997816104542288,1.19592238511475e-49
"p3","measured",40,13,"nec4param",0.667516397539023,0.667516397539023,3.84475666057205e-57
"p3","measured",41,13,"nec4param",0.996467539994506,0.996467539994506,1.70489704547829e-53
"p3","measured",42,11,"nec4param",0.980280061363404,0.980280061363404,1.57594826001142e-48
"p3","measured",43,14,"nec4param",0.60258484767111,0.60258484767111,4.72391674037199e-57
"p3","measured",44,12,"nec4param",0.999982777653658,0.999982777653658,1.88490798651146e-54
"p3","measured",45,13,"nec4param",0.984642041551917,0.984642041551917,4.62838942574816e-48
"p3","measured",46,13,"nec4param",0.976705780328842,0.976705780328842,3.63134349794152e-52
"p3","measured",47,13,"nec4param",0.999934717298785,0.999934717298785,3.79139291196529e-54
"p3","measured",48,13,"nec4param",0.999963766036667,0.999963766036667,1.69356684387639e-59
"p3","measured",49,13,"nec4param",0.971337573517578,0.971337573517578,1.96736683916806e-53
"p3","measured",50,12,"nec4param",0.999995887355135,0.999995887355135,2.24112804028265e-53
"p3","measured",51,12,"nec4param",0.999949530811188,0.999949530811188,3.65210057376903e-56
"p3","measured",52,13,"nec4param",0.509022890321747,0.509022890321747,7.21638949178386e-53
"p3","measured",53,12,"nec4param",0.997308617572105,0.997308617572105,4.74693562445563e-56
"p3","measured",54,13,"nec4param",0.981151343678333,0.981151343678333,4.00320171039532e-57
"p3","measured",55,13,"nec4param",0.999957681614948,0.999957681614948,2.07749832341286e-57
"p3","measured",56,13,"nec4param",0.99996079082717,0.99996079082717,4.85328505257565e-53
"p3","measured",57,14,"nec4param",0.581382554918529,0.581382554918529,6.56145940950133e-52
"p3","measured",58,13,"nec4param",0.999981264056412,0.999981264056412,2.46825587482557e-60
"p3","measured",59,14,"nec4param",0.653374285570885,0.653374285570885,8.20147828815077e-44
"p3","measured",60,13,"nec4param",0.983328095885628,0.983328095885628,9.47123488534845e-46
"p3","measured",61,13,"nec4param",0.982040466338454,0.982040466338454,3.28619031581492e-54
"p3","measured",62,14,"nec4param",0.604906970666346,0.604906970666346,2.32382303956959e-58
"p3","measured",63,12,"nec4param",0.999944897848305,0.999944897848305,1.41732161624432e-51
"p3","measured",64,13,"nec4param",0.999909857906833,0.999909857906833,5.83522887470709e-57
"p3","measured",65,14,"nec4param",0.590931813084295,0.590931813084295,6.68174022468619e-51
"p3","measured",66,13,"nec4param",0.636893093808097,0.636893093808097,1.19508770878739e-52
"p3","measured",67,14,"nec4param",0.523074722729648,0.523074722729648,1.38576145717309e-51
"p3","measured",68,14,"nec4param",0.601293190046384,0.601293190046384,3.92893853861679e-55
"p3","measured",69,13,"nec4param",0.999586987414358,0.999586987414358,6.06777962798146e-57
"p3","measured",70,14,"nec4param",0.568525108006332,0.568525108006332,5.59170891477324e-55
"p3","measured",71,9,"nec4param",0.984084244410797,0.984084244410797,1.99676427289377e-54
"p3","measured",72,13,"nec4param",0.998898907477835,0.998898907477835,7.75780530520989e-51
"p3","measured",73,12,"nec4param",0.999999990904467,0.999999990904467,5.15077427659588e-58
"p3","measured",74,13,"nec4param",0.999904951490273,0.999904951490273,1.22621431512547e-52
"p3","measured",75,13,"nec4param",0.999903171399818,0.999903171399818,1.38561330606878e-60
"p3","measured",76,12,"nec4param",0.998323476465435,0.998323476465435,2.44798774256825e-52
"p3","measured",77,11,"nec4param",0.999812799293087,0.999812799293087,1.3908125432395e-47
"p3","measured",78,13,"nec4param",0.996612538973779,0.996612538973779,3.47904354472261e-50
"p3","measured",79,14,"ecxll5",0.769164295461309,0.227394069197682,2.55886710932036e-54
"p3","measured",80,13,"nec4param",0.999306470817755,0.999306470817755,5.06148946059867e-57
"p3","measured",81,14,"nec4param",0.587632207115314,0.587632207115314,6.71986556408512e-57
"p3","measured",82,13,"ecxll5",0.866846594679692,0.132117513761521,4.27465055076057e-58
"p3","measured",83,13,"nec4param",0.69989623821867,0.69989623821867,4.05062815285676e-52
"p3","measured",84,14,"nec4param",0.612118575787323,0.612118575787323,4.33716771953037e-54
"p3","measured",85,13,"nec4param",0.625897027457181,0.625897027457181,5.17776526336537e-57
"p3","measured",86,12,"nec4param",0.999995796282208,0.999995796282208,4.8308177681591e-53
"p3","measured",87,13,"nec4param",0.588453109622606,0.588453109622606,2.59697561169546e-56
"p3","measured",88,13,"nec4param",0.650188649678086,0.650188649678086,1.39080110039748e-59
"p3","measured",89,13,"nec4param",0.999011920944216,0.999011920944216,3.23971524751842e-51
"p3","measured",90,13,"nec4param",0.999951886916488,0.999951886916488,6.3204827373049e-52
"p3","measured",91,13,"nec4param",0.990821706521817,0.990821706521817,2.07766093906723e-52
"p3","measured",92,13,"nec4param",0.998962533110153,0.998962533110153,6.95068569308072e-51
"p3","measured",93,12,"nec4param",0.999998284972117,0.999998284972117,8.60014868712855e-57
"p3","measured",94,13,"nec4param",0.999728186836302,0.999728186836302,1.20718171490017e-55
"p3","measured",95,13,"nec4param",0.999977425012696,0.999977425012696,9.83357693785121e-63
"p3","measured",96,14,"nec4param",0.539886949665397,0.539886949665397,7.26187384260647e-57
"p3","measured",97,11,"nec4param",0.980877534875176,0.980877534875176,2.27016111124592e-57
"p3","measured",98,13,"nec4param",0.999800655075625,0.999800655075625,1.35081806295534e-55
"p3","measured",99,14,"nec4param",0.628946263381398,0.628946263381398,9.82697094142504e-55
"p3","measured",100,14,"ecxll5",0.57117133845546,0.428761879052564,4.67384284938157e-55
"p4","beta",1,10,"ecxwb2",0.752443066477667,0.000122499642358906,0.0374439596110571
"p4","beta",2,9,"ecxwb2",0.862868641573295,0.0778358481798849,0.0566296589254971
"p4","beta",3,11,"ecxwb2",0.827159130583023,0.0213415646164034,0.0254744130595508
"p4","beta",4,11,"ecxwb2",0.772071674356969,6.92500625681511e-05,0.0326241081553558
"p4","beta",5,11,"ecxwb2",0.928881961117268,0.000120632128955483,0.0374468791852697
"p4","beta",6,11,"ecxwb2",0.719772392239109,0.0551760177698199,0.0376179034310256
"p4","beta",7,11,"ecxwb2",0.435630278676915,5.59120845078115e-05,0.0369384821675717
"p4","beta",8,10,"ecxwb2",0.925306320943791,0.0266895747949706,0.0392110084708532
"p4","beta",9,11,"ecxwb2",0.96590937484328,0.000207323456770739,0.0240010234940655
"p4","beta",10,11,"ecxwb2",0.702123040532744,0.000635342633833066,0.0336532608887633
"p4","beta",11,11,"ecxwb2",0.943792887558523,1.16715412636514e-05,0.0263348618775483
"p4","beta",12,9,"ecxwb2",0.936976940771383,0.0142084289045086,0.0471889864797565
"p4","beta",13,11,"ecxwb2",0.943249083934866,0.0157523519000275,0.0373370035932897
"p4","beta",14,10,"ecxwb2",0.885116826198954,0.0204606076450019,0.0497793651093787
"p4","beta",15,11,"ecxwb2",0.888033882550558,0.0446335473939708,0.0569921544050927
"p4","beta",16,9,"ecxwb2",0.909657698625365,0.0247670109167488,0.0589726949573266
"p4","beta",17,11,"ecxwb2",0.913272071142451,8.08395437210333e-06,0.0545702486944034
"p4","beta",18,11,"ecxwb2",0.385375523738455,0.00193133493462106,0.0301972244805307
"p4","beta",19,11,"ecxwb2",0.880768452571709,0.000111790143898377,0.0360701729887779
"p4","beta",20,11,"ecxwb2",0.929091793321431,0.00165012126928236,0.0423693457052165
"p4","beta",21,11,"ecxll4",0.385508985695062,6.88194549571759e-05,0.0222613493746709
"p4","beta",22,9,"ecxwb2",0.960519667858161,0.00163413720960969,0.0376241505980961
"p4","beta",23,11,"ecxwb2",0.899431284425993,0.0168201122911182,0.0331984307065151
"p4","beta",24,11,"ecxwb2",0.532291941347128,0.00639119666350803,0.0397780036679743
"p4","beta",25,11,"ecxwb2",0.891998008257972,4.55855932561702e-06,0.0482142718657506
"p4","beta",26,9,"ecxwb2",0.874885281000321,0.0653290155367944,0.0574421245268369
"p4","beta",27,11,"ecxwb2",0.466998544970429,4.47521871235253e-06,0.0482107579384233
"p4","beta",28,10,"ecxwb2",0.84272178138556,0.0816531784072645,0.0648466146364886
"p4","beta",29,9,"ecxwb2",0.929447204392587,0.00466276151866385,0.0437017617630583
"p4","beta",30,9,"ecxwb2",0.929483888802383,0.00178050803309612,0.0480444982201415
"p4","beta",31,11,"ecxwb2",0.781906904927322,0.00263784419290306,0.02885923861966
"p4","beta",32,9,"ecxwb2",0.788570732428115,0.00186964121051223,0.0359899695518699
"p4","beta",33,11,"ecxwb2",0.952719933606796,0.00124294702954352,0.0365899093696478
"p4","beta",34,12,"ecxwb2",0.820038963350679,0.000381986499948861,0.0326822361873287
"p4","beta",35,11,"ecxwb2",0.965665263855208,0.00304805222125392,0.030185986455212
"p4","beta",36,9,"ecxwb2",0.713689141067212,0.000297107613116448,0.0416554848593937
"p4","beta",37,12,"ecxwb2",0.864788968377074,0.00130417836915825,0.0420847113497488
"p4","beta",38,10,"ecxwb2",0.924190226237432,0.00134325954322567,0.041774244949868
"p4","beta",39,11,"ecxwb2",0.838245540717005,0.0115754468848683,0.0327705104477271
"p4","beta",40,11,"ecxwb2",0.839532888812241,0.0141958889854858,0.0447290279048007
"p4","beta",41,11,"ecxwb2",0.949805748373719,0.00263900503042982,0.0197900947926466
"p4","beta",42,12,"ecxwb2",0.942376100863789,0.0015087945089386,0.0334113316356592
"p4","beta",43,11,"ecxwb2",0.358000744094216,1.04357599805472e-05,0.0243996030377031
"p4","beta",44,11,"ecxwb2",0.89447043427128,0.0334139618905775,0.0552757935329964
"p4","beta",45,11,"ecxwb2",0.913023329417979,0.0150485232111112,0.0515260288226796
"p4","beta",46,11,"ecxwb2",0.947126911389855,0.00948928264381955,0.0263111118539408
"p4","beta",47,11,"ecxwb2",0.888651968296215,7.08591598667513e-05,0.0555552701230862
"p4","beta",48,11,"ecxwb2",0.732158100296956,0.00257507874291645,0.041591864492203
"p4","beta",49,10,"ecxwb2",0.9272468409012,0.000621743035518733,0.0538941264270206
"p4","beta",50,11,"ecxwb2",0.701899143187336,0.00679731888197049,0.0393724392034191
"p4","beta",51,11,"ecxwb2",0.857741090564754,0.0131498966761769,0.0427679923093065
"p4","beta",52,9,"ecxwb2",0.959963359800458,0.000621291692358868,0.0289256653623928
"p4","beta",53,12,"ecxwb2",0.868578123064946,0.00799491168343142,0.0294313948278227
"p4","beta",54,11,"ecxwb2",0.703741149056055,4.77160659388826e-07,0.0322552197619202
"p4","beta",55,11,"ecxwb2",0.671718869982409,0.000250637114137241,0.0575435848580393
"p4","beta",56,11,"ecxwb2",0.822983928316833,4.68512615000327e-05,0.049794602632731
"p4","beta",57,11,"ecxwb2",0.380349421216317,5.43524690942937e-05,0.0179039721011411
"p4","beta",58,12,"ecxwb2",0.918126402766661,0.000604320549789751,0.0227189880051387
"p4","beta",59,11,"ecxwb2",0.941649585995937,0.00208141395687082,0.0286464209169856
"p4","beta",60,10,"ecx4param",0.471535194201319,4.56040452657778e-06,0.0123887345083762
"p4","beta",61,10,"ecxwb2",0.940427238540539,0.00530993269094043,0.0248554078641602
"p4","beta",62,11,"ecxwb2",0.929342042756338,0.0334006746865809,0.0341560746255754
"p4","beta",63,11,"ecxwb2",0.796081035753692,0.000907308812481715,0.040755454086188
"p4","beta",64,12,"ecxwb2",0.29607215429966,0.000230548102618807,0.0288828426601696
"p4","beta",65,11,"ecxwb2",0.324501892758344,1.00910276184724e-05,0.0300002493329784
"p4","beta",66,11,"ecxwb2",0.937322787674502,0.000708936251241494,0.0349260522396834
"p4","beta",67,11,"ecxwb2",0.961562287370617,0.000271457891698802,0.0310968694161324
"p4","beta",68,10,"ecxwb2",0.908455606075131,0.0125837526896109,0.0400720076597511
"p4","beta",69,11,"ecxwb2",0.68775508731075,0.000972214992342257,0.054887600531108
"p4","beta",70,12,"ecxwb2",0.88264553302915,0.000752582300036864,0.0490354455125731
"p4","beta",71,9,"ecxwb2",0.847281482551942,0.00106443444819733,0.0783096331326568
"p4","beta",72,11,"ecxwb2",0.856613592435518,5.87718523512484e-05,0.0757309330896847
"p4","beta",73,11,"ecxwb2",0.906531857161827,0.003893516175905,0.0406308519533088
"p4","beta",74,12,"ecxwb2",0.777236080796242,0.00763335891244451,0.0389599178561582
"p4","beta",75,11,"ecxwb2",0.851810301053124,0.0194852055338154,0.027725084212169
"p4","beta",76,11,"ecxwb2",0.706105543512856,0.00276578837882895,0.0394007896057177
"p4","beta",77,9,"ecxwb2",0.62312648449571,7.73490913916214e-05,0.0370520874309166
"p4","beta",78,11,"ecxwb2",0.93782610469216,0.000138977680972179,0.0547221328911336
"p4","beta",79,11,"ecxwb2",0.654152404454001,0.101820433217725,0.108972866369188
"p4","beta",80,11,"ecxwb2",0.911463360400435,0.00101620481571959,0.053686345988341
"p4","beta",81,11,"ecxwb2",0.939139319749257,0.0302931455701191,0.0277886404381485
"p4","beta",82,11,"ecxwb2",0.911728580644151,1.39506151275863e-06,0.0463683043954574
"p4","beta",83,12,"ecxwb2",0.940936261472904,0.00202885556769641,0.0326079538266243
"p4","beta",84,12,"ecxwb2",0.609992247552122,0.000338680339366136,0.0358741316851671
"p4","beta",85,11,"ecxwb2",0.748980072684606,6.56337894755694e-07,0.0510420316122609
"p4","beta",86,11,"ecxwb2",0.833975824300219,0.0137603979226314,0.0409994467743602
"p4","beta",87,11,"ecxwb2",0.893973769785677,0.00749732658097689,0.0420107296224055
"p4","beta",88,12,"ecxwb2",0.947191844767045,0.000392019323308492,0.0381111840519133
"p4","beta",89,11,"ecxwb2",0.900533854932676,0.00202402133509183,0.0475967453608942
"p4","beta",90,11,"ecxwb2",0.934020096000753,0.0113477708651495,0.0406829807437924
"p4","beta",91,11,"ecxwb2",0.923392027024353,6.09912575970042e-05,0.0418877242721279
"p4","beta",92,12,"ecxwb2",0.931364412536709,0.0295591914506298,0.0352874945275517
"p4","beta",93,11,"ecxwb2",0.940194724442214,1.66789859215671e-07,0.0509078888263017
"p4","beta",94,11,"ecxwb2",0.815764991999573,0.0234003252245993,0.0661138805611604
"p4","beta",95,11,"ecxwb2",0.95642853118591,0.0104758158503321,0.0303148452457362
"p4","beta",96,11,"ecxwb2",0.941003937894617,0.000587272994211693,0.0342991382441907
"p4","beta",97,11,"ecxwb2",0.958846713500517,0.00211445971403984,0.0367099364298965
"p4","beta",98,12,"ecxwb2",0.884968382224603,0.00296397943390318,0.0676600039217404
"p4","beta",99,11,"ecxwb2",0.956781440788215,0.00262156463001847,0.0376123517122377
"p4","beta",100,11,"ecxwb2",0.906493308419742,0.012363443466468,0.0355394440063595
"p4","censored",1,14,"neclin",0.457821400617941,0.345869817926913,2.01757895102834e-05
"p4","censored",2,13,"nec4param",0.648012908052409,0.648012908052409,4.43574974767814e-05
"p4","censored",3,11,"nec4param",0.504623741392576,0.504623741392576,9.7709119083092e-07
"p4","censored",4,11,"nec4param",0.872754898315375,0.872754898315375,0.000107266559629219
"p4","censored",5,11,"neclin",0.548924250714498,0.448933809171392,4.03820638338087e-05
"p4","censored",6,14,"neclin",0.598481771721196,0.263620393957037,1.21363715187606e-05
"p4","censored",7,14,"neclin",0.465467960858735,0.379295130562836,3.48531599461444e-06
"p4","censored",8,13,"nec4param",0.732099720441614,0.732099720441614,0.000530236982385001
"p4","censored",9,13,"nec4param",0.680217743351616,0.680217743351616,3.71150092293148e-10
"p4","censored",10,14,"neclin",0.473344215988218,0.365539594787579,4.54042825952885e-05
"p4","censored",11,13,"nec4param",0.867283587935925,0.867283587935925,2.00300152947865e-05
"p4","censored",12,13,"nec4param",0.938018861908366,0.938018861908366,1.83507424388929e-09
"p4","censored",13,14,"ecxll5",0.483403828420407,0.275164539729835,1.91671616661882e-05
"p4","censored",14,14,"neclin",0.820473015377389,0.131477443287847,2.86410133462376e-05
"p4","censored",15,14,"nec4param",0.558541338252264,0.558541338252264,7.85770573411732e-06
"p4","censored",16,13,"nec4param",0.893154818646797,0.893154818646797,1.97831669193992e-06
"p4","censored",17,13,"neclin",0.487051091050108,0.384279098675001,5.89079020684885e-06
"p4","censored",18,13,"neclin",0.680885088300536,0.31475204679844,2.8278049445543e-05
"p4","censored",19,13,"nec4param",0.698347093403782,0.698347093403782,9.34364020937004e-05
"p4","censored",20,14,"neclin",0.484856512505632,0.354649553668534,0.00148295038411368
"p4","censored",21,13,"neclin",0.467370414377257,0.299783342427471,0.000547583406979565
"p4","censored",22,12,"nec4param",0.58258355314108,0.58258355314108,2.83935734146175e-09
"p4","censored",23,14,"neclin",0.37995392490286,0.288529593424435,0.000154123935026954
"p4","censored",24,13,"neclin",0.552504671240602,0.367228210681115,0.00067715328813237
"p4","censored",25,13,"neclin",0.887206279943478,0.112458563655633,2.38403474308946e-07
"p4","censored",26,12,"nec4param",0.605088679251476,0.605088679251476,2.15484034974938e-08
"p4","censored",27,13,"nec4param",0.614139867443095,0.614139867443095,0.000461826755994697
"p4","censored",28,12,"neclin",0.703049442594549,0.296349590325016,8.35909117768169e-06
"p4","censored",29,13,"nec4param",0.539858647880112,0.539858647880112,6.43118930879195e-06
"p4","censored",30,14,"nec4param",0.572102036466124,0.572102036466124,3.51208974776887e-06
"p4","censored",31,13,"nec4param",0.498240491852027,0.498240491852027,0.000293703432624304
"p4","censored",32,11,"neclin",0.489790215947766,0.339575834668691,5.38602514191842e-07
"p4","censored",33,13,"nec4param",0.785362514304315,0.785362514304315,9.74782580523512e-07
"p4","censored",34,13,"neclin",0.794362891772243,0.203733408799433,5.08307144972499e-06
"p4","censored",35,12,"nec4param",0.593260012991435,0.593260012991435,1.50521856320647e-07
"p4","censored",36,12,"nec4param",0.804511860054722,0.804511860054722,0.000132557752288375
"p4","censored",37,14,"neclin",0.485974646488273,0.29682248285186,0.00011535133204176
"p4","censored",38,12,"nec4param",0.598919291776414,0.598919291776414,1.54196698361314e-06
"p4","censored",39,13,"nec4param",0.588797464740743,0.588797464740743,0.000846376413402796
"p4","censored",40,14,"neclin",0.763094582084562,0.180224328200121,3.04551381380451e-07
"p4","censored",41,13,"nec4param",0.559217945701873,0.559217945701873,0.000103318613061617
"p4","censored",42,11,"neclin",0.547560987761476,0.45243786876019,3.04673841917632e-09
"p4","censored",43,14,"neclin",0.442888089830707,0.375371465578928,2.27137549579439e-05
"p4","censored",44,11,"nec4param",0.529810596081379,0.529810596081379,1.24323584492292e-07
"p4","censored",45,13,"neclin",0.597140099192034,0.402849114464604,1.55849669096983e-07
"p4","censored",46,14,"neclin",0.382215464776635,0.362133637900777,1.0283022954758e-06
"p4","censored",47,13,"nec4param",0.529738174176582,0.529738174176582,4.08135015825744e-08
"p4","censored",48,13,"nec4param",0.445956648978912,0.445956648978912,0.0023538665056388
"p4","censored",49,12,"nec4param",0.855690426648361,0.855690426648361,1.01849169626962e-05
"p4","censored",50,13,"neclin",0.780272146341211,0.218891188396973,5.52460506246059e-06
"p4","censored",51,14,"neclin",0.676448466497768,0.212081650104137,1.13311281933499e-08
"p4","censored",52,13,"ecxll5",0.545323169629904,0.412428105719233,2.31453807655819e-05
"p4","censored",53,13,"nec4param",0.428635475754508,0.428635475754508,3.34832769731515e-07
"p4","censored",54,13,"neclin",0.605422576091351,0.392790548593744,1.51159653141304e-05
"p4","censored",55,12,"nec4param",0.407202437748914,0.407202437748914,0.000909374907915812
"p4","censored",56,13,"nec4param",0.508065231482245,0.508065231482245,4.33157937551795e-05
"p4","censored",57,13,"nec4param",0.717692132636811,0.717692132636811,9.53623877131693e-07
"p4","censored",58,14,"ecxll5",0.743464875287717,0.227722742214909,0.000447570258245591
"p4","censored",59,12,"neclin",0.66345431791137,0.215906555025593,0.000183913412799238
"p4","censored",60,13,"neclin",0.815676685972058,0.14038334600906,8.62115383160382e-05
"p4","censored",61,13,"nec4param",0.762638010297197,0.762638010297197,1.53864744100533e-07
"p4","censored",62,14,"nec4param",0.507232863523018,0.507232863523018,4.89748389068471e-07
"p4","censored",63,13,"nec4param",0.931924716868226,0.931924716868226,2.34446220749686e-07
"p4","censored",64,14,"nec4param",0.576270541151592,0.576270541151592,1.99129320774612e-05
"p4","censored",65,13,"ecxwb2",0.460284936447859,0.249561350144107,0.00261519331113619
"p4","censored",66,13,"nec4param",0.498827630119944,0.498827630119944,1.62123844505541e-09
"p4","censored",67,14,"neclin",0.429775224432962,0.176000721640605,0.00026747777425161
"p4","censored",68,13,"nec4param",0.456148250035939,0.456148250035939,7.2432526057208e-07
"p4","censored",69,13,"neclin",0.509143592528568,0.47117574219137,0.000243115816429974
"p4","censored",70,14,"neclin",0.615205997710011,0.269585399300334,1.61751550209005e-05
"p4","censored",71,12,"nec4param",0.571459845097389,0.571459845097389,3.36090487946484e-07
"p4","censored",72,13,"neclin",0.492030173581962,0.296900241140309,4.16824941438267e-05
"p4","censored",73,12,"neclin",0.932604852613509,0.0673929412139633,4.02165603566595e-09
"p4","censored",74,14,"neclin",0.552077078579225,0.309059283753653,1.21151238354393e-07
"p4","censored",75,13,"nec4param",0.62412805024638,0.62412805024638,1.08090706106237e-05
"p4","censored",76,14,"ecxll5",0.358878551349164,0.315709070427256,0.000212854929153376
"p4","censored",77,11,"neclin",0.43422880129878,0.344635555422843,0.000202629950661515
"p4","censored",78,13,"nec4param",0.929699223256526,0.929699223256526,5.25077068337818e-06
"p4","censored",79,14,"neclin",0.47501033372811,0.320891855581209,4.14845922228188e-09
"p4","censored",80,13,"neclin",0.583492203874872,0.41170856837574,0.000248265739659082
"p4","censored",81,14,"nec4param",0.460521010225553,0.460521010225553,2.57331184425693e-08
"p4","censored",82,14,"nec4param",0.425171465143732,0.425171465143732,1.6584466356534e-05
"p4","censored",83,12,"nec4param",0.746932972093163,0.746932972093163,1.32344082583142e-05
"p4","censored",84,14,"neclin",0.975321091909452,0.00338575804785829,7.53933641096619e-08
"p4","censored",85,13,"neclin",0.860475630716506,0.137271098317078,3.38919367788034e-06
"p4","censored",86,13,"neclin",0.730931856629734,0.268886115073816,4.44611937439626e-06
"p4","censored",87,14,"neclin",0.792128830639168,0.147527998948324,2.82752309586038e-06
"p4","censored",88,13,"nec4param",0.899547656047591,0.899547656047591,3.39409928447774e-07
"p4","censored",89,14,"neclin",0.767353222812399,0.165825492835469,2.28330962675094e-10
"p4","censored",90,13,"nec4param",0.713928888444445,0.713928888444445,0.000655488281852186
"p4","censored",91,13,"neclin",0.578012497226545,0.421748029923871,2.89464016000683e-06
"p4","censored",92,14,"nec4param",0.452170337251611,0.452170337251611,5.22031224746372e-06
"p4","censored",93,13,"nec4param",0.640314860603727,0.640314860603727,2.92805099310451e-05
"p4","censored",94,13,"nec4param",0.529577291695028,0.529577291695028,4.86582258429004e-06
"p4","censored",95,13,"nec4param",0.897240003308903,0.897240003308903,8.65552955448697e-06
"p4","censored",96,13,"neclin",0.46200457828167,0.324747796386675,3.61840859914373e-06
"p4","censored",97,13,"nec4param",0.776070025968328,0.776070025968328,7.91865935719642e-10
"p4","censored",98,13,"nec4param",0.624570243825184,0.624570243825184,9.95940793635467e-07
"p4","censored",99,14,"nec4param",0.428454060820802,0.428454060820802,7.1249577968066e-09
"p4","censored",100,13,"nec4param",0.513403981034928,0.513403981034928,9.08023650790205e-08
"p4","deleted",1,14,"neclin",0.617513714008825,0.250432947973756,0.00101053784691748
"p4","deleted",2,14,"ecxll5",0.407017559748148,0.232052970790739,0.00968741603139538
"p4","deleted",3,13,"neclin",0.686742697631226,0.311855530688158,0.00132312095717521
"p4","deleted",4,13,"nec4param",0.739898453150842,0.739898453150842,0.0512118934319475
"p4","deleted",5,14,"neclin",0.611393532430711,0.0910429920979197,0.00296604258553702
"p4","deleted",6,13,"neclin",0.76922341805628,0.219546479737663,0.0105722100872244
"p4","deleted",7,14,"neclin",0.656302960973609,0.278429548584704,0.00425864820453388
"p4","deleted",8,14,"nec4param",0.351849162159271,0.351849162159271,0.0315073940543333
"p4","deleted",9,13,"neclin",0.537896542778481,0.462100639601403,2.74461337653268e-06
"p4","deleted",10,13,"neclin",0.672594123264388,0.270773842696977,0.0413367279375125
"p4","deleted",11,14,"ecxll5",0.411079863077573,0.388177182066712,0.0119090307186998
"p4","deleted",12,14,"nec4param",0.573060312175476,0.573060312175476,1.1501251975504e-05
"p4","deleted",13,13,"neclin",0.497525872892518,0.460890633921798,0.0382382330223234
"p4","deleted",14,13,"neclin",0.926244158041017,0.0648430468195362,0.00744484986712335
"p4","deleted",15,13,"nec4param",0.667935159387192,0.667935159387192,0.00022225604390212
"p4","deleted",16,13,"nec4param",0.758238972910735,0.758238972910735,0.00448981327719249
"p4","deleted",17,13,"neclin",0.686496114103508,0.297129153531129,0.0130427928807177
"p4","deleted",18,14,"neclin",0.75232981189802,0.186826130960635,0.0255448847921806
"p4","deleted",19,13,"nec4param",0.54969361356404,0.54969361356404,0.0148035178497935
"p4","deleted",20,14,"neclin",0.57995178072782,0.225760748196318,0.128302399851248
"p4","deleted",21,14,"neclin",0.408807288678722,0.0824032810010962,0.13210750450118
"p4","deleted",22,14,"nec4param",0.593445168522144,0.593445168522144,4.26390084848955e-05
"p4","deleted",23,13,"neclin",0.552202261623937,0.319608074624996,0.105835168066843
"p4","deleted",24,13,"neclin",0.656957237471413,0.17057059734991,0.149855943831465
"p4","deleted",25,13,"neclin",0.971024927608478,0.0288804976329961,6.88146492405123e-05
"p4","deleted",26,14,"nec4param",0.537758826826983,0.537758826826983,6.17116944425723e-06
"p4","deleted",27,13,"nec4param",0.437368230739563,0.437368230739563,0.100402581101476
"p4","deleted",28,13,"neclin",0.810854597975451,0.184846054756803,0.00341765817930154
"p4","deleted",29,13,"neclin",0.570647157701518,0.411850505918697,0.015995103847167
"p4","deleted",30,13,"nec4param",0.837399785811883,0.837399785811883,0.0152335424904089
"p4","deleted",31,14,"nec4param",0.408863604618204,0.408863604618204,0.0224065971561884
"p4","deleted",32,14,"neclin",0.655017763029323,0.231299247321574,0.00233358465740366
"p4","deleted",33,13,"nec4param",0.680124730709222,0.680124730709222,0.00892591197393429
"p4","deleted",34,14,"neclin",0.869018578259873,0.111289309751032,0.00250459207797426
"p4","deleted",35,13,"neclin",0.545385326528654,0.454500078655328,0.000112527224348129
"p4","deleted",36,14,"nec4param",0.39860357939455,0.39860357939455,0.017530167502191
"p4","deleted",37,13,"neclin",0.718550272911723,0.248462355956385,0.0310294150484097
"p4","deleted",38,13,"neclin",0.521258509595241,0.478253696432061,0.000380214365951735
"p4","deleted",39,13,"neclin",0.468805267031223,0.297534831673702,0.214254565778917
"p4","deleted",40,14,"neclin",0.876524321182115,0.099440436502467,0.00192063094985776
"p4","deleted",41,13,"neclin",0.613216135270422,0.383477871103119,0.00315216680915665
"p4","deleted",42,14,"neclin",0.715225185872007,0.16275463979121,5.91795031900282e-06
"p4","deleted",43,13,"neclin",0.643244660294096,0.354538358246337,0.0016639256383011
"p4","deleted",44,13,"neclin",0.576682494073834,0.422603970167819,0.000676876042966642
"p4","deleted",45,13,"neclin",0.773136484923905,0.226567453275722,0.000264323461644385
"p4","deleted",46,13,"neclin",0.617774641308586,0.373191464619822,0.00783502188233322
"p4","deleted",47,13,"neclin",0.626355801835164,0.373632753221394,1.10216677381743e-05
"p4","deleted",48,13,"ecxsigm",0.363581902542321,0.155552717790803,0.448431982495269
"p4","deleted",49,13,"nec4param",0.76975556355018,0.76975556355018,0.00692004796065124
"p4","deleted",50,13,"neclin",0.911303077433138,0.0855018792579234,0.0028543577692801
"p4","deleted",51,14,"neclin",0.854914036884126,0.094324680986525,2.1499487631474e-05
"p4","deleted",52,14,"ecxll5",0.653373035945665,0.249308377279546,0.0165624638024534
"p4","deleted",53,13,"nec4param",0.624571560457689,0.624571560457689,0.00184414087230849
"p4","deleted",54,13,"neclin",0.718417591853632,0.268833533797647,0.0111357361554561
"p4","deleted",55,13,"neclin",0.403067028151708,0.34536423829482,0.237928280910338
"p4","deleted",56,13,"neclin",0.61074141527979,0.329592005148555,0.0508714591301914
"p4","deleted",57,14,"nec4param",0.396185739613717,0.396185739613717,0.000966956346669592
"p4","deleted",58,13,"nec4param",0.900475073252112,0.900475073252112,0.0260126931639874
"p4","deleted",59,14,"neclin",0.76554717267487,0.11130895106048,0.0593610859715264
"p4","deleted",60,13,"neclin",0.917364362751785,0.0540885979836931,0.0125616781865812
"p4","deleted",61,13,"nec4param",0.606035959233051,0.606035959233051,0.000381743265440969
"p4","deleted",62,14,"nec4param",0.394274974409953,0.394274974409953,0.00111720143652917
"p4","deleted",63,13,"nec4param",0.881030872050344,0.881030872050344,0.00092121420679725
"p4","deleted",64,13,"nec4param",0.783721799359265,0.783721799359265,0.0504715923095647
"p4","deleted",65,14,"ecxll5",0.329449716009877,0.0352614088844324,0.350683314162796
"p4","deleted",66,14,"neclin",0.417841735802772,0.375996062280228,2.71497368280347e-06
"p4","deleted",67,14,"neclin",0.60591329732027,0.0583708549368638,0.0558054780852441
"p4","deleted",68,14,"neclin",0.362999868896438,0.350458781385708,0.00178251173653126
"p4","deleted",69,13,"neclin",0.652462297406374,0.252278296462442,0.0888139057242056
"p4","deleted",70,14,"neclin",0.746360653916278,0.180002597650823,0.00970882701600756
"p4","deleted",71,13,"nec4param",0.730729739453329,0.730729739453329,0.00390446661782913
"p4","deleted",72,13,"neclin",0.705052925048067,0.290517683600491,0.00422006771540277
"p4","deleted",73,13,"neclin",0.974663388305602,0.0251039750428218,0.000228788989859738
"p4","deleted",74,13,"neclin",0.748256251185366,0.251013883210863,0.000664420480949281
"p4","deleted",75,13,"neclin",0.519861628712844,0.476314810430247,0.00350393824366509
"p4","deleted",76,14,"neclin",0.456080807494142,0.172319676856795,0.0780094156684294
"p4","deleted",77,13,"neclin",0.58782384747007,0.285099691500983,0.113187425698847
"p4","deleted",78,13,"nec4param",0.87670546958752,0.87670546958752,0.0159834021570604
"p4","deleted",79,14,"neclin",0.664736241027279,0.217351718876747,1.42595283867014e-05
"p4","deleted",80,13,"neclin",0.66321864179988,0.294594928926536,0.0415834709492467
"p4","deleted",81,14,"nec4param",0.395583500285444,0.395583500285444,0.000136551760167339
"p4","deleted",82,14,"neclin",0.459552873765856,0.363610427697706,0.00713160893418568
"p4","deleted",83,13,"nec4param",0.602515403958424,0.602515403958424,0.00398508186944751
"p4","deleted",84,14,"neclin",0.988624352017864,0.000246365896189169,0.000346683794095627
"p4","deleted",85,13,"neclin",0.94751371087298,0.0496947478553961,0.00218928499746225
"p4","deleted",86,13,"neclin",0.884036185869764,0.112853751590167,0.00299484172128696
"p4","deleted",87,14,"neclin",0.917707249406423,0.0625583577473102,0.00534161354647804
"p4","deleted",88,14,"nec4param",0.539317165210428,0.539317165210428,0.00136657202664494
"p4","deleted",89,13,"neclin",0.868911533637643,0.131087102872768,1.33822621656122e-06
"p4","deleted",90,13,"nec4param",0.649781470151737,0.649781470151737,0.0692272243782528
"p4","deleted",91,13,"neclin",0.707519867576866,0.285095009726188,0.00712843979955139
"p4","deleted",92,13,"nec4param",0.774832573818047,0.774832573818047,0.00251630992666535
"p4","deleted",93,13,"neclin",0.495635857376669,0.460421440087446,0.0373838137405145
"p4","deleted",94,13,"neclin",0.652076707195463,0.337571684734737,0.00949728440806698
"p4","deleted",95,13,"nec4param",0.806103112308642,0.806103112308642,0.00201391569595958
"p4","deleted",96,13,"neclin",0.671563877801774,0.319027308242371,0.0086930987955933
"p4","deleted",97,13,"nec4param",0.688136714190688,0.688136714190688,3.17041109161476e-06
"p4","deleted",98,14,"neclin",0.492386129787661,0.370670681811312,0.00189438550217269
"p4","deleted",99,13,"neclin",0.481690588602179,0.362404932068346,6.0603126660864e-06
"p4","deleted",100,14,"nec4param",0.4020120488637,0.4020120488637,0.00157517961149111
"p4","floored",1,14,"ecxsigm",0.955745329252585,0.00100007826177257,0.973483980493187
"p4","floored",2,13,"ecxsigm",0.92358877743023,0.00495205996770436,0.963770746214514
"p4","floored",3,11,"ecxsigm",0.981226934994389,1.08275884635919e-07,0.993159725112893
"p4","floored",4,11,"ecxsigm",0.927636328358651,1.06743964863071e-07,0.957077077458146
"p4","floored",5,11,"ecxsigm",0.976571769187945,0.000994026152411187,0.985886573066453
"p4","floored",6,14,"ecxsigm",0.979668298072125,4.25386289088192e-05,0.989462218506825
"p4","floored",7,14,"ecxsigm",0.971607748011809,1.36038819877857e-12,0.981021776489316
"p4","floored",8,13,"ecxsigm",0.965177521402489,8.59230448179297e-07,0.981570957828238
"p4","floored",9,13,"ecxsigm",0.992333052793813,1.79709966286625e-08,0.995743863301826
"p4","floored",10,14,"ecxsigm",0.960669871303329,3.57863306787862e-09,0.974778935771418
"p4","floored",11,13,"ecxsigm",0.919785251871299,1.2362010929955e-07,0.95201306923263
"p4","floored",12,13,"ecxsigm",0.952600916436227,0.00202273330470413,0.980262547644049
"p4","floored",13,14,"ecxsigm",0.922924794634835,0.000139143381032709,0.962887991569394
"p4","floored",14,14,"ecxsigm",0.971185964323981,1.10173900456257e-08,0.983054859326812
"p4","floored",15,14,"ecxsigm",0.983996852050878,4.84397118827675e-07,0.991509645934967
"p4","floored",16,13,"ecxsigm",0.944318263521165,9.07237965953583e-08,0.969714298244113
"p4","floored",17,13,"ecxsigm",0.992073526021721,6.89294871867566e-08,0.995744252683379
"p4","floored",18,13,"ecxsigm",0.930480569394867,4.36832357884607e-07,0.961313583885233
"p4","floored",19,13,"ecxsigm",0.969368969825274,2.42103518713335e-05,0.981840874770235
"p4","floored",20,14,"ecxsigm",0.995850333506059,4.58089674106678e-12,0.997417365757041
"p4","floored",21,13,"ecxsigm",0.887649902046325,1.21793191412289e-15,0.924006606369462
"p4","floored",22,12,"ecxsigm",0.972638140077166,0.00208906170648616,0.985460760607564
"p4","floored",23,14,"ecxsigm",0.969912987803505,2.78321721711695e-07,0.982070774126948
"p4","floored",24,13,"ecxsigm",0.963839077874689,7.26356541390484e-09,0.977548018935603
"p4","floored",25,13,"ecxsigm",0.930357927548623,6.21510139929741e-11,0.966820503643852
"p4","floored",26,12,"ecxsigm",0.975117624246055,0.00081325199914,0.985527084414696
"p4","floored",27,13,"ecxsigm",0.946846752704651,3.19664147515089e-09,0.967209054921499
"p4","floored",28,12,"ecxsigm",0.962459790520744,0.000568579792785812,0.979475041940652
"p4","floored",29,13,"ecxsigm",0.95338080118867,0.00140665025284472,0.975022563504658
"p4","floored",30,14,"ecxsigm",0.962662088645448,0.00014744518615542,0.980098714257346
"p4","floored",31,13,"ecxsigm",0.977361771969107,1.0559168491272e-05,0.987689632313421
"p4","floored",32,11,"ecxsigm",0.969726112891485,5.84242293884576e-08,0.987602663738619
"p4","floored",33,13,"ecxsigm",0.953237244403311,1.11870910017764e-05,0.976608948567925
"p4","floored",34,13,"ecxsigm",0.964400402043698,1.15829032382276e-05,0.982045434827936
"p4","floored",35,12,"ecxsigm",0.997694191837546,5.35975300923621e-12,0.998341005372969
"p4","floored",36,12,"ecxsigm",0.95235461454564,6.18226876872193e-06,0.972727497412064
"p4","floored",37,14,"ecxsigm",0.976596419135361,1.87106202217404e-09,0.986570556341186
"p4","floored",38,12,"ecxsigm",0.990424656641645,8.85635731749023e-08,0.994789405219217
"p4","floored",39,13,"ecxsigm",0.96891128376391,1.66583801490208e-09,0.981936640325422
"p4","floored",40,14,"ecxsigm",0.976868574301342,1.46589211727889e-09,0.985129528793075
"p4","floored",41,13,"ecxsigm",0.976125850532678,1.52888185728516e-08,0.986141821219686
"p4","floored",42,11,"ecxsigm",0.996837060753685,2.50846893454318e-12,0.997876665608056
"p4","floored",43,14,"ecxsigm",0.936972054662208,7.53445220328370e-11,0.970326101308931
"p4","floored",44,11,"ecxsigm",0.985029037744862,2.91490995913796e-07,0.98961888379205
"p4","floored",45,13,"ecxsigm",0.995267740703367,3.07756619249813e-13,0.996999210014084
"p4","floored",46,14,"ecxsigm",0.963583717051819,3.36910331697818e-07,0.979850683908536
"p4","floored",47,13,"ecxsigm",0.992640511900326,3.53634667650863e-09,0.996648610739683
"p4","floored",48,13,"ecxsigm",0.931004258886531,1.50674681240816e-07,0.957054633289083
"p4","floored",49,12,"ecxsigm",0.93535331681234,9.24796052306612e-07,0.961389631013977
"p4","floored",50,13,"ecxsigm",0.997454048856207,3.09487688789045e-12,0.998360634613222
"p4","floored",51,14,"ecxsigm",0.974872395292705,0.00017481893990524,0.987065480034862
"p4","floored",52,13,"ecxsigm",0.93813751752002,4.14839896139877e-09,0.962950276488459
"p4","floored",53,13,"ecxsigm",0.918727639027288,0.000838628764884883,0.956130237804336
"p4","floored",54,13,"ecxsigm",0.989729171977141,4.12185598843293e-14,0.993630297220322
"p4","floored",55,12,"ecxsigm",0.976779776712454,2.64821840465351e-12,0.980293899819406
"p4","floored",56,13,"ecxsigm",0.971490394696502,1.30514736061135e-07,0.980854826585934
"p4","floored",57,13,"ecxsigm",0.968121124864561,2.01635200602808e-06,0.981506756845421
"p4","floored",58,14,"ecxsigm",0.778603488888199,0.000906178086255942,0.872550302528078
"p4","floored",59,12,"ecxsigm",0.967599600890524,6.40223443438622e-10,0.970600332286322
"p4","floored",60,13,"ecxsigm",0.793313808696134,2.89592738410428e-13,0.859842042940663
"p4","floored",61,13,"ecxsigm",0.986913212411227,4.1389655504031e-05,0.993460205296213
"p4","floored",62,14,"ecxsigm",0.945783913092153,0.000956336321509972,0.972892879301711
"p4","floored",63,13,"ecxsigm",0.923909208945276,0.00124075412108655,0.957528473517368
"p4","floored",64,14,"ecxsigm",0.94143848283218,1.78061034531955e-05,0.964629424745397
"p4","floored",65,13,"ecxsigm",0.857680305995999,5.06725964839578e-10,0.906131257253667
"p4","floored",66,13,"ecxsigm",0.992705814731765,1.87457356841628e-06,0.995962996705703
"p4","floored",67,14,"ecxsigm",0.992771926855122,1.58880639891685e-10,0.995701464577891
"p4","floored",68,13,"ecxsigm",0.983472285819555,1.34727289505273e-07,0.992046643514338
"p4","floored",69,13,"ecxsigm",0.986823015020575,3.76817229657611e-10,0.992788952005654
"p4","floored",70,14,"ecxsigm",0.986082786127794,2.92387145281999e-10,0.990832047273815
"p4","floored",71,12,"ecxsigm",0.991819313764438,1.56511339200297e-07,0.994093407527211
"p4","floored",72,13,"ecxsigm",0.948464534377363,1.78055547349156e-05,0.975855399689374
"p4","floored",73,12,"ecxsigm",0.977331861271407,1.7540413529093e-11,0.987301151404918
"p4","floored",74,14,"ecxsigm",0.960306921456754,0.00177567434207851,0.979415692911063
"p4","floored",75,13,"ecxsigm",0.963750506211723,0.000884020918093928,0.981780326526452
"p4","floored",76,14,"ecxsigm",0.976399741772836,9.02574627129575e-10,0.986589141559488
"p4","floored",77,11,"ecxsigm",0.976691366333131,7.16842049242745e-09,0.986937589768267
"p4","floored",78,13,"ecxsigm",0.966680255900883,0.000277168897399456,0.983331740262244
"p4","floored",79,14,"ecxsigm",0.963698507951278,0.00115350170097892,0.98273540364067
"p4","floored",80,13,"ecxsigm",0.971549170203988,4.41633248393311e-12,0.98301458855755
"p4","floored",81,14,"ecxsigm",0.982419649968374,7.10672953740764e-07,0.991009288662108
"p4","floored",82,14,"ecxsigm",0.973557334140108,6.90395617239549e-07,0.982894152618
"p4","floored",83,12,"ecxsigm",0.959516843007295,0.000175141912029877,0.982771718538216
"p4","floored",84,14,"ecxsigm",0.992709594274151,1.6884759535426e-16,0.995205461555102
"p4","floored",85,13,"ecxsigm",0.965632172826481,1.00029647666733e-07,0.982044017790881
"p4","floored",86,13,"ecxsigm",0.994354394655456,2.22087529045498e-11,0.996398803340518
"p4","floored",87,14,"ecxsigm",0.996150650307045,2.42188804387612e-15,0.997230752495313
"p4","floored",88,13,"ecxsigm",0.965000685749202,8.262695617815e-08,0.979889731361015
"p4","floored",89,14,"ecxsigm",0.952028419719446,3.92888639251209e-10,0.980256135740167
"p4","floored",90,13,"ecxsigm",0.937346266130457,0.000106676370929707,0.967128972565877
"p4","floored",91,13,"ecxsigm",0.988988486696234,3.17202650862566e-10,0.994097933571545
"p4","floored",92,14,"ecxsigm",0.943237920317366,9.44048880591279e-08,0.968571615664566
"p4","floored",93,13,"ecxsigm",0.984850981036584,4.28790593054601e-09,0.98982527469351
"p4","floored",94,13,"ecxsigm",0.977851210099814,4.57599498036516e-10,0.98728204200114
"p4","floored",95,13,"ecxsigm",0.943399994515162,0.000889188613961941,0.971507015967566
"p4","floored",96,13,"ecxsigm",0.989266306045309,7.43538636569382e-10,0.993644356489131
"p4","floored",97,13,"ecxsigm",0.974971086632771,0.000659950198397261,0.989094850179104
"p4","floored",98,13,"ecxsigm",0.990012217857844,3.74690349146365e-07,0.994391311769103
"p4","floored",99,14,"ecxsigm",0.97688162332337,9.12463946578916e-06,0.989127013371984
"p4","floored",100,13,"ecxsigm",0.95777357550899,0.00104241155962306,0.978055963837954
"p4","gamma",1,11,"ecxwb1",0.999996943075667,8.54844854308195e-19,2.77105880914473e-38
"p4","gamma",2,12,"ecxwb1",0.62888205877778,5.76246589777917e-35,1.23286421508141e-44
"p4","gamma",3,11,"ecxwb1",1,5.77578410518072e-35,1.09851602711827e-53
"p4","gamma",4,11,"ecxwb1",0.999999999999999,1.79954412352063e-26,1.19700198719451e-31
"p4","gamma",5,11,"ecxwb1",0.503029714732972,3.64754637059965e-15,1.97133082407062e-35
"p4","gamma",6,11,"ecxwb1",1,4.83620740152341e-38,1.94179534003488e-50
"p4","gamma",7,11,"ecxwb1",0.698203971717143,3.7041824941063e-33,8.36598026005268e-50
"p4","gamma",8,11,"ecxwb1",0.998005060744116,1.18493494743988e-16,4.09468094188034e-34
"p4","gamma",9,11,"ecxwb1",1,1.01383342636266e-39,3.24540509958361e-58
"p4","gamma",10,12,"ecxwb1",0.62910214138237,5.96590625034844e-30,6.45972788240722e-38
"p4","gamma",11,11,"ecxwb1",0.999998835418402,6.44392233447149e-14,4.33017897307478e-16
"p4","gamma",12,11,"ecxwb1",1,4.74380413674185e-38,1.31909751486114e-54
"p4","gamma",13,12,"ecxwb1",0.648818413146255,4.05588489206786e-30,1.77225715777833e-45
"p4","gamma",14,11,"ecxwb1",0.991730109533537,1.49997758284013e-18,8.00215983153841e-32
"p4","gamma",15,11,"ecxwb1",1,1.26258805620381e-38,2.73492438644141e-47
"p4","gamma",16,9,"ecx4param",0.999999968516436,3.99164992795436e-13,1.61762355447766e-23
"p4","gamma",17,11,"ecxwb1",0.996281211388123,5.37770393200283e-17,3.27863849443463e-36
"p4","gamma",18,11,"ecxwb1",0.988429682229792,2.4932817209277e-11,3.66285743730883e-08
"p4","gamma",19,12,"ecxwb1",0.72235691855856,1.86531375763479e-33,5.70661933455727e-40
"p4","gamma",20,11,"ecxwb1",1,2.92980128112191e-33,4.58639489148752e-44
"p4","gamma",21,11,"ecxwb1",0.998918302422967,3.52760089341247e-11,6.46743745313224e-17
"p4","gamma",22,12,"ecxwb1",0.788912473972993,8.34627304622958e-37,4.31074443313042e-49
"p4","gamma",23,11,"ecxwb1",1,9.75529747345299e-42,2.32937191993388e-61
"p4","gamma",24,12,"ecxwb1",0.681767553814126,4.26162167807633e-15,2.21277016170971e-17
"p4","gamma",25,11,"ecxwb1",1,3.8614812889466e-36,1.9479128969758e-56
"p4","gamma",26,11,"ecxwb1",1,3.14108160899317e-39,8.94413418844144e-57
"p4","gamma",27,11,"ecxwb1",0.997703057187125,1.12548278184351e-15,2.75064437471458e-23
"p4","gamma",28,12,"ecxwb1",0.513145293916296,1.54191871474191e-34,1.04456452263787e-46
"p4","gamma",29,11,"ecxwb1",1,5.17152838339422e-37,9.87636518383699e-51
"p4","gamma",30,11,"ecxwb1",1,2.42456368626853e-26,1.5249358900697e-30
"p4","gamma",31,11,"ecxwb1",0.999999982315298,3.03152766535013e-24,3.47799896190296e-46
"p4","gamma",32,11,"ecxwb1",0.999999995193836,5.58753259176002e-20,1.33749666624208e-23
"p4","gamma",33,11,"ecxwb1",0.999950622739547,3.0862043719266e-20,5.5744139746856e-19
"p4","gamma",34,11,"ecxwb1",1,8.55034030453808e-33,1.51656685272725e-51
"p4","gamma",35,11,"ecxwb1",1,5.41780768324195e-39,2.39662404290163e-53
"p4","gamma",36,11,"ecxwb1",0.999999999974105,5.79714117069895e-21,6.39135289860371e-28
"p4","gamma",37,12,"ecxwb1",0.633007977661133,1.03790362001798e-12,1.75105105978549e-09
"p4","gamma",38,12,"ecxwb1",0.744593898068454,2.8709500764601e-40,6.14089969745519e-55
"p4","gamma",39,11,"ecxwb1",1,2.77808534931036e-37,4.97783404011484e-51
"p4","gamma",40,11,"ecxwb1",0.998010670789016,4.97873068223406e-24,6.33390254689624e-34
"p4","gamma",41,11,"ecxwb1",1,8.17577562960077e-30,1.15445450461105e-44
"p4","gamma",42,10,"ecxwb1",1,2.95785121688709e-44,5.83645031575604e-62
"p4","gamma",43,11,"ecxwb1",0.91169041925027,8.21424011929153e-15,2.09778802519825e-26
"p4","gamma",44,11,"ecxwb1",0.993144044212251,7.91069868097806e-08,2.27858304030732e-05
"p4","gamma",45,11,"ecxwb1",0.99528685861072,2.71126150503465e-16,2.5082904242565e-38
"p4","gamma",46,11,"ecxwb1",1,1.25619429156468e-35,6.11469534715645e-40
"p4","gamma",47,11,"ecxwb1",0.999999999670015,1.62191790368553e-24,1.75974471118234e-50
"p4","gamma",48,11,"ecxwb1",0.988979189302246,5.00864567688937e-18,6.87409763051781e-23
"p4","gamma",49,11,"ecxwb1",0.997137229898942,1.79510444788506e-15,9.78453726478551e-37
"p4","gamma",50,11,"ecxwb1",1,7.57024159855913e-34,2.60111536356612e-53
"p4","gamma",51,11,"ecxwb1",0.987264477385445,6.61457322715304e-15,3.23987899832881e-35
"p4","gamma",52,12,"ecxwb1",0.777856698664202,5.8190809416891e-40,1.30073459956195e-53
"p4","gamma",53,12,"ecxwb1",0.813436793634701,5.41916022310207e-13,0.000999448110113879
"p4","gamma",54,11,"ecxwb1",0.9945274361139,6.61885485756374e-06,0.0010000401512435
"p4","gamma",55,11,"ecxwb1",0.993925707815219,3.90372069440452e-18,3.67368618044753e-20
"p4","gamma",56,12,"ecxwb1",0.739669616975006,1.13844221696288e-33,4.78630467120596e-41
"p4","gamma",57,11,"ecxwb1",0.989305499126318,4.4657592018913e-17,1.27319357937676e-25
"p4","gamma",58,11,"ecxwb1",1,4.75295885939714e-36,4.93781258010681e-53
"p4","gamma",59,11,"ecxwb1",1,1.08231566914079e-34,2.20078576251866e-51
"p4","gamma",60,11,"ecxwb1",1,2.47029881798032e-37,8.61719604016575e-56
"p4","gamma",61,11,"ecxwb1",1,6.32171061513905e-40,1.77101492800887e-59
"p4","gamma",62,11,"ecxwb1",1,1.45385387584977e-35,1.17907394297097e-48
"p4","gamma",63,12,"ecxwb1",0.720007336989507,1.25352004328301e-42,1.36616012165514e-54
"p4","gamma",64,11,"ecxwb1",0.999999999997072,1.22658230607968e-22,7.52547666419269e-29
"p4","gamma",65,11,"ecxwb1",0.999999999999931,1.04534084033355e-25,2.47825101080454e-37
"p4","gamma",66,11,"ecxwb1",1,1.55852080756617e-31,3.05943239877608e-39
"p4","gamma",67,12,"ecxwb1",0.675303383921358,2.51777763937434e-18,5.67457878411513e-35
"p4","gamma",68,9,"ecx4param",0.999999994310369,6.86069649712541e-16,1.16771895163016e-28
"p4","gamma",69,12,"ecxwb1",0.773500535359472,2.31806918617007e-42,9.74167876260936e-56
"p4","gamma",70,11,"ecxwb1",0.995018792763553,5.70838604615966e-16,0.000980728196792002
"p4","gamma",71,10,"ecxwb1",0.999999999999961,5.20431656525859e-31,1.97830367908286e-40
"p4","gamma",72,11,"ecxwb1",0.983542476809384,8.53986246210372e-17,1.05439837479271e-25
"p4","gamma",73,12,"ecxwb1",0.727037720612891,8.55316128244749e-34,9.65095115624135e-42
"p4","gamma",74,10,"ecxll5",1,6.14970253755463e-28,3.214963631066e-38
"p4","gamma",75,12,"ecxwb1",0.751273748830155,3.05697015516875e-38,2.90414993677284e-55
"p4","gamma",76,11,"ecxwb1",1,2.18538422217541e-35,2.41240401802836e-52
"p4","gamma",77,12,"ecxwb1",0.630165465163993,1.66772245082913e-30,1.62251792789298e-50
"p4","gamma",78,11,"ecxwb1",0.997555546691321,4.56613120006339e-19,6.19179030715393e-29
"p4","gamma",79,11,"ecxwb1",0.986183581477137,3.83943370861868e-13,1.26947782901104e-17
"p4","gamma",80,11,"ecxwb1",0.989865187611858,1.02867770518697e-05,0.000154011384894984
"p4","gamma",81,11,"ecxwb1",1,2.66113525097009e-39,2.21882460256713e-54
"p4","gamma",82,11,"ecxwb1",1,2.79228489429996e-40,6.00562971238064e-51
"p4","gamma",83,12,"ecxwb1",0.711811635999539,2.43907042912606e-24,1.28062091010733e-40
"p4","gamma",84,11,"ecxwb1",0.996985020583673,1.51305113362827e-15,5.79731193311211e-30
"p4","gamma",85,12,"ecxwb1",0.539163656373076,5.11373972774837e-31,7.85836690320912e-47
"p4","gamma",86,11,"ecxwb1",0.998283475370054,7.74557967223187e-17,3.87232583967852e-32
"p4","gamma",87,12,"ecxll5",0.512014109092888,5.78205631282782e-11,3.49442789981345e-17
"p4","gamma",88,11,"ecxwb1",0.999999985504833,4.52219041191013e-23,2.12436655229414e-37
"p4","gamma",89,12,"ecxwb1",0.716177676867684,8.08790964609211e-10,0.000999644546615034
"p4","gamma",90,9,"ecx4param",0.999998689523772,4.44407854641388e-10,9.62826220526177e-16
"p4","gamma",91,11,"ecxwb1",0.998999093526187,1.96929241512459e-22,1.52345343959899e-27
"p4","gamma",92,11,"ecxwb1",0.995966393600673,4.87889356351713e-16,6.75812863626596e-37
"p4","gamma",93,11,"ecxwb1",1,8.47003429474417e-41,1.65857673311352e-54
"p4","gamma",94,11,"ecxwb1",0.992828352424425,5.30779064093007e-15,3.94431418905849e-32
"p4","gamma",95,11,"ecxwb1",0.999999999996796,3.75906683325702e-32,7.6481815660514e-45
"p4","gamma",96,12,"ecxwb1",0.585843755109084,3.75697565417871e-30,2.4203761109109e-36
"p4","gamma",97,11,"ecxwb1",0.981796599891712,3.64798081133253e-18,2.76700277631038e-29
"p4","gamma",98,12,"ecxwb1",0.894078474707399,1.44261268580358e-41,7.62735679743041e-45
"p4","gamma",99,11,"ecxwb1",0.997217162464621,1.93812510195165e-21,1.12793422471056e-31
"p4","gamma",100,11,"ecxwb1",0.999999999998767,4.86958844785459e-27,2.99779225506183e-44
"p4","measured",1,13,"nec4param",0.999999969817552,0.999999969817552,2.29705145577354e-65
"p4","measured",2,14,"nec4param",0.572413662662861,0.572413662662861,9.31026283736228e-65
"p4","measured",3,13,"nec4param",0.999999999999982,0.999999999999982,2.29369512662255e-65
"p4","measured",4,13,"nec4param",0.999999999706802,0.999999999706802,7.38240168510619e-67
"p4","measured",5,12,"nec4param",0.533693864605953,0.533693864605953,7.04540412169213e-67
"p4","measured",6,13,"nec4param",0.999999999002102,0.999999999002102,1.99150137286337e-61
"p4","measured",7,14,"nec4param",0.613161841548757,0.613161841548757,7.54391878598565e-73
"p4","measured",8,14,"nec4param",0.59652044600139,0.59652044600139,2.63456570937341e-65
"p4","measured",9,14,"nec4param",0.580826051899419,0.580826051899419,1.66097429161239e-75
"p4","measured",10,13,"nec4param",0.999999999997582,0.999999999997582,2.94381363708312e-66
"p4","measured",11,13,"nec4param",0.999999999999997,0.999999999999997,8.38864058706609e-73
"p4","measured",12,14,"nec4param",0.602459191912924,0.602459191912924,1.4515411482768e-71
"p4","measured",13,13,"nec4param",0.999999999999898,0.999999999999898,1.77854363640584e-68
"p4","measured",14,13,"nec4param",0.99999999997108,0.99999999997108,4.33601649475147e-62
"p4","measured",15,13,"nec4param",0.999999999999656,0.999999999999656,4.25066275307112e-71
"p4","measured",16,13,"nec4param",0.999999999367561,0.999999999367561,1.29834413811064e-66
"p4","measured",17,11,"nec4param",0.999972128265243,0.999972128265243,2.7837662131367e-65
"p4","measured",18,13,"nec4param",0.999999997651103,0.999999997651103,1.55597774063875e-61
"p4","measured",19,12,"nec4param",0.999999967592548,0.999999967592548,7.00856484312195e-67
"p4","measured",20,14,"nec4param",0.588290794274982,0.588290794274982,4.78340310436101e-69
"p4","measured",21,13,"nec4param",0.999999991108288,0.999999991108288,8.55775404433925e-67
"p4","measured",22,12,"nec4param",0.583655197143054,0.583655197143054,4.42318543232524e-70
"p4","measured",23,13,"nec4param",0.998803155151146,0.998803155151146,1.62786310344827e-63
"p4","measured",24,13,"nec4param",0.999999999054368,0.999999999054368,7.58852157686708e-67
"p4","measured",25,13,"nec4param",0.999999442541551,0.999999442541551,2.2679199368927e-69
"p4","measured",26,12,"nec4param",0.634632759098241,0.634632759098241,3.2648742098856e-70
"p4","measured",27,14,"nec4param",0.659941873770319,0.659941873770319,6.52802155750118e-67
"p4","measured",28,12,"nec4param",0.999999998118144,0.999999998118144,4.46434578637681e-58
"p4","measured",29,13,"nec4param",0.999999951226341,0.999999951226341,9.77774886504452e-69
"p4","measured",30,13,"nec4param",0.999999999980778,0.999999999980778,1.44658546469675e-66
"p4","measured",31,13,"nec4param",0.627109244390466,0.627109244390466,4.41924921839253e-72
"p4","measured",32,13,"nec4param",0.5993094819677,0.5993094819677,1.08799854846231e-65
"p4","measured",33,13,"nec4param",0.999978097477699,0.999978097477699,2.74019368454485e-59
"p4","measured",34,12,"nec4param",0.999999962552473,0.999999962552473,1.94501534528686e-62
"p4","measured",35,12,"nec4param",0.999999999999997,0.999999999999997,7.17590550052787e-74
"p4","measured",36,13,"nec4param",0.651051326395257,0.651051326395257,9.3632832099843e-69
"p4","measured",37,13,"nec4param",0.999999999990609,0.999999999990609,1.73075230600518e-66
"p4","measured",38,12,"nec4param",0.999999999994009,0.999999999994009,2.96757991189753e-70
"p4","measured",39,13,"nec4param",0.999999996243835,0.999999996243835,9.58619638220663e-66
"p4","measured",40,13,"nec4param",0.607342031081381,0.607342031081381,7.76143279684512e-72
"p4","measured",41,13,"nec4param",0.999999999999991,0.999999999999991,1.45817850471873e-67
"p4","measured",42,11,"nec4param",1,1,2.46398704244364e-76
"p4","measured",43,14,"nec4param",0.631549517106995,0.631549517106995,1.35104754592414e-65
"p4","measured",44,12,"nec4param",0.99999999977852,0.99999999977852,9.20948068616051e-66
"p4","measured",45,14,"nec4param",0.612768911545658,0.612768911545658,1.66159124799822e-74
"p4","measured",46,13,"nec4param",0.999999999999988,0.999999999999988,1.41036025231715e-70
"p4","measured",47,13,"nec4param",0.999999999999996,0.999999999999996,2.40528062717192e-73
"p4","measured",48,13,"nec4param",0.999999961532232,0.999999961532232,1.77202223443091e-63
"p4","measured",49,13,"nec4param",1,1,1.04266679247304e-67
"p4","measured",50,12,"nec4param",0.999999996774057,0.999999996774057,8.73631600270708e-74
"p4","measured",51,12,"nec4param",0.999999999921431,0.999999999921431,8.74956587904429e-67
"p4","measured",52,13,"nec4param",0.599292148847004,0.599292148847004,1.17570516235939e-72
"p4","measured",53,12,"nec4param",0.999999999999976,0.999999999999976,2.06419435893029e-65
"p4","measured",54,13,"nec4param",0.999999999999704,0.999999999999704,6.10392516378007e-70
"p4","measured",55,13,"nec4param",0.999999766251094,0.999999766251094,1.1057038462405e-67
"p4","measured",56,13,"nec4param",0.999999994518676,0.999999994518676,1.93789963455605e-66
"p4","measured",57,14,"nec4param",0.641824469044564,0.641824469044564,1.57005910664324e-65
"p4","measured",58,13,"nec4param",0.999999999999988,0.999999999999988,1.79653587644993e-67
"p4","measured",59,14,"nec4param",0.607444841131479,0.607444841131479,1.09439213780623e-65
"p4","measured",60,13,"nec4param",0.999999996543451,0.999999996543451,3.58166946085875e-65
"p4","measured",61,13,"nec4param",0.999999999999995,0.999999999999995,1.60932824440624e-66
"p4","measured",62,14,"nec4param",0.612746719246255,0.612746719246255,1.2982799241136e-70
"p4","measured",63,11,"nec4param",0.999999999999602,0.999999999999602,2.47315530586248e-67
"p4","measured",64,13,"nec4param",0.999999993655868,0.999999993655868,1.6596553709106e-65
"p4","measured",65,14,"ecxll5",0.709062155323863,0.290924208414746,1.04251052469839e-64
"p4","measured",66,13,"nec4param",0.586746568457412,0.586746568457412,1.06924088131324e-73
"p4","measured",67,14,"ecxll5",0.512664786716446,0.487335213263957,3.23185502598511e-68
"p4","measured",68,14,"ecxll5",0.5141568713649,0.485843128634736,5.23821228162095e-69
"p4","measured",69,13,"nec4param",0.999999997695105,0.999999997695105,8.84810321794606e-69
"p4","measured",70,14,"nec4param",0.611496377294113,0.611496377294113,1.40489633046019e-67
"p4","measured",71,13,"nec4param",0.999999956011589,0.999999956011589,1.48612164577581e-70
"p4","measured",72,13,"nec4param",0.999999999811541,0.999999999811541,1.01643120167975e-66
"p4","measured",73,12,"nec4param",0.999999995805408,0.999999995805408,9.35655655939126e-67
"p4","measured",74,13,"nec4param",0.99999999999262,0.99999999999262,1.86202648161575e-65
"p4","measured",75,13,"nec4param",0.999999999638149,0.999999999638149,1.43552321898095e-62
"p4","measured",76,12,"nec4param",0.999999999997917,0.999999999997917,1.21671175234589e-67
"p4","measured",77,11,"nec4param",0.999999998709164,0.999999998709164,9.95681847156524e-67
"p4","measured",78,13,"nec4param",0.999999999999837,0.999999999999837,8.17319433874435e-70
"p4","measured",79,14,"nec4param",0.648248054252861,0.648248054252861,2.13975658887304e-61
"p4","measured",80,13,"nec4param",0.999999784155007,0.999999784155007,1.40427555038982e-67
"p4","measured",81,14,"nec4param",0.609781544045586,0.609781544045586,3.23836252148858e-68
"p4","measured",82,13,"nec4param",0.587744239084911,0.587744239084911,5.3554237130367e-72
"p4","measured",83,13,"nec4param",0.600406637622855,0.600406637622855,2.36638253399621e-69
"p4","measured",84,14,"ecxll5",0.652379029720976,0.347620970278972,5.80650595672524e-73
"p4","measured",85,14,"ecxll5",0.569340315181531,0.430659684818468,2.58183528316157e-72
"p4","measured",86,12,"nec4param",0.999999999999985,0.999999999999985,9.0331741726719e-71
"p4","measured",87,14,"nec4param",0.619770213046704,0.619770213046704,1.35846625076913e-73
"p4","measured",88,13,"nec4param",0.599246913670586,0.599246913670586,1.8358609265135e-76
"p4","measured",89,13,"nec4param",0.999999989032732,0.999999989032732,4.34752262949409e-68
"p4","measured",90,13,"nec4param",0.999999991814211,0.999999991814211,7.82593138559719e-63
"p4","measured",91,13,"nec4param",0.99999999999958,0.99999999999958,5.82433216018157e-69
"p4","measured",92,13,"nec4param",0.999999999991558,0.999999999991558,5.29073482452623e-70
"p4","measured",93,12,"nec4param",0.999999999917511,0.999999999917511,1.67339096206306e-74
"p4","measured",94,13,"nec4param",0.999999999999674,0.999999999999674,3.48168741065724e-69
"p4","measured",95,12,"nec4param",0.999999999999147,0.999999999999147,8.22299151672239e-65
"p4","measured",96,14,"nec4param",0.564309536088695,0.564309536088695,5.81053649740708e-69
"p4","measured",97,11,"nec4param",0.99999999999768,0.99999999999768,1.3804177432637e-70
"p4","measured",98,13,"nec4param",0.999999998171402,0.999999998171402,6.31576567230819e-69
"p4","measured",99,13,"nec4param",1,1,1.75316715777069e-70
"p4","measured",100,14,"nec4param",0.566162419076553,0.566162419076553,8.96817875456096e-69
